[H[2J[3J╔════════════════════════════════════════════════════════════════════════════════════════════════════════════╗
║ ◆ ShtetlFrames  •  live                                                                                    ║
║ Find old film that looks traditionally Orthodox                                                            ║
╟────────────────────────────────────────────────────────────────────────────────────────────────────────────╢
║ Browser  http://127.0.0.1:8787    Review  http://127.0.0.1:8787/review                                     ║
╟────────────────────────────────────────────────────────────────────────────────────────────────────────────╢
║ ○  Waiting for you to start in the browser                                                                 ║
║                                                                                                            ║
║ Tip: leave this window open while you work in the browser.                                                 ║
║ YouTube or British Pathé progress appears here automatically.                                              ║
║ British Pathé  http://127.0.0.1:8787/pathe                                                                 ║
║                                                                                                            ║
║ Press Ctrl+C here to stop the app.                                                                         ║
╚════════════════════════════════════════════════════════════════════════════════════════════════════════════╝


































[H[2J[3J╔════════════════════════════════════════════════════════════════════════════════════════════════════════════╗
║ ◆ ShtetlFrames  •  live                                                                                    ║
║ Find old film that looks traditionally Orthodox                                                            ║
╟────────────────────────────────────────────────────────────────────────────────────────────────────────────╢
║ Browser  http://127.0.0.1:8787    Review  http://127.0.0.1:8787/review                                     ║
╟────────────────────────────────────────────────────────────────────────────────────────────────────────────╢
║ ○  Waiting for you to start in the browser                                                                 ║
║ Discover videos, then press Go                                                                             ║
║                                                                                                            ║
║ Tip: leave this window open while you work in the browser.                                                 ║
║ YouTube or British Pathé progress appears here automatically.                                              ║
║ British Pathé  http://127.0.0.1:8787/pathe                                                                 ║
║                                                                                                            ║
║ ⓘ  Browser should open on its own.                                                                         ║
║                                                                                                            ║
║ Press Ctrl+C here to stop the app.                                                                         ║
╚════════════════════════════════════════════════════════════════════════════════════════════════════════════╝































[H[2J[3J╔════════════════════════════════════════════════════════════════════════════════════════════════════════════╗
║ ◆ ShtetlFrames  •  live                                                                                    ║
║ Find old film that looks traditionally Orthodox                                                            ║
╟────────────────────────────────────────────────────────────────────────────────────────────────────────────╢
║ Browser  http://127.0.0.1:8787    Review  http://127.0.0.1:8787/review                                     ║
╟────────────────────────────────────────────────────────────────────────────────────────────────────────────╢
║ ⠸  Looking through British Pathé…                                                                          ║
║                                                                                                            ║
║  ░░░░░░░░░░░░░░░░░░░░░░░░░░░░░░░░░░░    0.0%  0/85,452                                                     ║
║                                                                                                            ║
║ checked 0   clips 0   failed 0   active 0                                                                  ║
║ session  3s                                                                                                ║
║                                                                                                            ║
║ ⓘ  Browser should open on its own.                                                                         ║
║                                                                                                            ║
║ Press Ctrl+C here to stop the app.                                                                         ║
╚════════════════════════════════════════════════════════════════════════════════════════════════════════════╝































[H[2J[3J╔════════════════════════════════════════════════════════════════════════════════════════════════════════════╗
║ ◆ ShtetlFrames  ·  live                                                                                    ║
║ Find old film that looks traditionally Orthodox                                                            ║
╟────────────────────────────────────────────────────────────────────────────────────────────────────────────╢
║ Browser  http://127.0.0.1:8787    Review  http://127.0.0.1:8787/review                                     ║
╟────────────────────────────────────────────────────────────────────────────────────────────────────────────╢
║ ⠸  Looking through British Pathé…                                                                          ║
║                                                                                                            ║
║  ░░░░░░░░░░░░░░░░░░░░░░░░░░░░░░░░░░░    0.0%  0/85,452                                                     ║
║                                                                                                            ║
║ checked 0   clips 0   failed 0   active 0                                                                  ║
║ session  4s                                                                                                ║
║                                                                                                            ║
║ ⓘ  Browser should open on its own.                                                                         ║
║                                                                                                            ║
║ Press Ctrl+C here to stop the app.                                                                         ║
╚════════════════════════════════════════════════════════════════════════════════════════════════════════════╝































[H[2J[3J╔════════════════════════════════════════════════════════════════════════════════════════════════════════════╗
║ ◆ ShtetlFrames  •  live                                                                                    ║
║ Find old film that looks traditionally Orthodox                                                            ║
╟────────────────────────────────────────────────────────────────────────────────────────────────────────────╢
║ Browser  http://127.0.0.1:8787    Review  http://127.0.0.1:8787/review                                     ║
╟────────────────────────────────────────────────────────────────────────────────────────────────────────────╢
║ ⠸  Looking through British Pathé…                                                                          ║
║                                                                                                            ║
║  ░░░░░░░░░░░░░░░░░░░░░░░░░░░░░░░░░░░    0.0%  0/85,452                                                     ║
║                                                                                                            ║
║ checked 0   clips 0   failed 0   active 0                                                                  ║
║ session  5s                                                                                                ║
║                                                                                                            ║
║ ⓘ  Browser should open on its own.                                                                         ║
║                                                                                                            ║
║ Press Ctrl+C here to stop the app.                                                                         ║
╚════════════════════════════════════════════════════════════════════════════════════════════════════════════╝































[H[2J[3J╔════════════════════════════════════════════════════════════════════════════════════════════════════════════╗
║ ◆ ShtetlFrames  ●  live                                                                                    ║
║ Find old film that looks traditionally Orthodox                                                            ║
╟────────────────────────────────────────────────────────────────────────────────────────────────────────────╢
║ Browser  http://127.0.0.1:8787    Review  http://127.0.0.1:8787/review                                     ║
╟────────────────────────────────────────────────────────────────────────────────────────────────────────────╢
║ ⠸  Looking through British Pathé…                                                                          ║
║                                                                                                            ║
║  ░░░░░░░░░░░░░░░░░░░░░░░░░░░░░░░░░░░    0.0%  0/85,452                                                     ║
║                                                                                                            ║
║ checked 0   clips 0   failed 0   active 0                                                                  ║
║ session  6s                                                                                                ║
║                                                                                                            ║
║ ⓘ  Browser should open on its own.                                                                         ║
║                                                                                                            ║
║ Press Ctrl+C here to stop the app.                                                                         ║
╚════════════════════════════════════════════════════════════════════════════════════════════════════════════╝































[H[2J[3J╔════════════════════════════════════════════════════════════════════════════════════════════════════════════╗
║ ◆ ShtetlFrames  •  live                                                                                    ║
║ Find old film that looks traditionally Orthodox                                                            ║
╟────────────────────────────────────────────────────────────────────────────────────────────────────────────╢
║ Browser  http://127.0.0.1:8787    Review  http://127.0.0.1:8787/review                                     ║
╟────────────────────────────────────────────────────────────────────────────────────────────────────────────╢
║ ⠸  Looking through British Pathé…                                                                          ║
║                                                                                                            ║
║  ░░░░░░░░░░░░░░░░░░░░░░░░░░░░░░░░░░░    0.0%  0/85,452                                                     ║
║                                                                                                            ║
║ checked 0   clips 0   failed 0   active 0                                                                  ║
║ session  7s                                                                                                ║
║                                                                                                            ║
║ ⓘ  Browser should open on its own.                                                                         ║
║                                                                                                            ║
║ Press Ctrl+C here to stop the app.                                                                         ║
╚════════════════════════════════════════════════════════════════════════════════════════════════════════════╝































[H[2J[3J╔════════════════════════════════════════════════════════════════════════════════════════════════════════════╗
║ ◆ ShtetlFrames  ·  live                                                                                    ║
║ Find old film that looks traditionally Orthodox                                                            ║
╟────────────────────────────────────────────────────────────────────────────────────────────────────────────╢
║ Browser  http://127.0.0.1:8787    Review  http://127.0.0.1:8787/review                                     ║
╟────────────────────────────────────────────────────────────────────────────────────────────────────────────╢
║ ⠼  Looking through British Pathé…                                                                          ║
║                                                                                                            ║
║  ░░░░░░░░░░░░░░░░░░░░░░░░░░░░░░░░░░░    0.0%  0/85,452                                                     ║
║                                                                                                            ║
║ checked 0   clips 0   failed 0   active 0                                                                  ║
║ session  8s                                                                                                ║
║                                                                                                            ║
║ ⓘ  Browser should open on its own.                                                                         ║
║                                                                                                            ║
║ Press Ctrl+C here to stop the app.                                                                         ║
╚════════════════════════════════════════════════════════════════════════════════════════════════════════════╝































[H[2J[3J╔════════════════════════════════════════════════════════════════════════════════════════════════════════════╗
║ ◆ ShtetlFrames  •  live                                                                                    ║
║ Find old film that looks traditionally Orthodox                                                            ║
╟────────────────────────────────────────────────────────────────────────────────────────────────────────────╢
║ Browser  http://127.0.0.1:8787    Review  http://127.0.0.1:8787/review                                     ║
╟────────────────────────────────────────────────────────────────────────────────────────────────────────────╢
║ ⠼  Looking through British Pathé…                                                                          ║
║                                                                                                            ║
║  ░░░░░░░░░░░░░░░░░░░░░░░░░░░░░░░░░░░    0.0%  0/85,452                                                     ║
║                                                                                                            ║
║ checked 0   clips 0   failed 0   active 0                                                                  ║
║ session  9s                                                                                                ║
║                                                                                                            ║
║ ⓘ  Browser should open on its own.                                                                         ║
║                                                                                                            ║
║ Press Ctrl+C here to stop the app.                                                                         ║
╚════════════════════════════════════════════════════════════════════════════════════════════════════════════╝































[H[2J[3J╔════════════════════════════════════════════════════════════════════════════════════════════════════════════╗
║ ◆ ShtetlFrames  ●  live                                                                                    ║
║ Find old film that looks traditionally Orthodox                                                            ║
╟────────────────────────────────────────────────────────────────────────────────────────────────────────────╢
║ Browser  http://127.0.0.1:8787    Review  http://127.0.0.1:8787/review                                     ║
╟────────────────────────────────────────────────────────────────────────────────────────────────────────────╢
║ ⠼  Looking through British Pathé…                                                                          ║
║                                                                                                            ║
║  ░░░░░░░░░░░░░░░░░░░░░░░░░░░░░░░░░░░    0.0%  0/85,452                                                     ║
║                                                                                                            ║
║ checked 0   clips 0   failed 0   active 0                                                                  ║
║ session  10s                                                                                               ║
║                                                                                                            ║
║ ⓘ  Browser should open on its own.                                                                         ║
║                                                                                                            ║
║ Press Ctrl+C here to stop the app.                                                                         ║
╚════════════════════════════════════════════════════════════════════════════════════════════════════════════╝































[H[2J[3J╔════════════════════════════════════════════════════════════════════════════════════════════════════════════╗
║ ◆ ShtetlFrames  •  live                                                                                    ║
║ Find old film that looks traditionally Orthodox                                                            ║
╟────────────────────────────────────────────────────────────────────────────────────────────────────────────╢
║ Browser  http://127.0.0.1:8787    Review  http://127.0.0.1:8787/review                                     ║
╟────────────────────────────────────────────────────────────────────────────────────────────────────────────╢
║ ⠼  Looking through British Pathé…                                                                          ║
║                                                                                                            ║
║  ░░░░░░░░░░░░░░░░░░░░░░░░░░░░░░░░░░░    0.0%  0/85,452                                                     ║
║                                                                                                            ║
║ checked 0   clips 0   failed 0   active 0                                                                  ║
║ session  11s                                                                                               ║
║                                                                                                            ║
║ ⓘ  Browser should open on its own.                                                                         ║
║                                                                                                            ║
║ Press Ctrl+C here to stop the app.                                                                         ║
╚════════════════════════════════════════════════════════════════════════════════════════════════════════════╝































[H[2J[3J╔════════════════════════════════════════════════════════════════════════════════════════════════════════════╗
║ ◆ ShtetlFrames  ·  live                                                                                    ║
║ Find old film that looks traditionally Orthodox                                                            ║
╟────────────────────────────────────────────────────────────────────────────────────────────────────────────╢
║ Browser  http://127.0.0.1:8787    Review  http://127.0.0.1:8787/review                                     ║
╟────────────────────────────────────────────────────────────────────────────────────────────────────────────╢
║ ⠼  Looking through British Pathé…                                                                          ║
║                                                                                                            ║
║  ░░░░░░░░░░░░░░░░░░░░░░░░░░░░░░░░░░░    0.0%  0/85,452                                                     ║
║                                                                                                            ║
║ checked 0   clips 0   failed 0   active 0                                                                  ║
║ session  12s                                                                                               ║
║                                                                                                            ║
║ ⓘ  Browser should open on its own.                                                                         ║
║                                                                                                            ║
║ Press Ctrl+C here to stop the app.                                                                         ║
╚════════════════════════════════════════════════════════════════════════════════════════════════════════════╝































[H[2J[3J╔════════════════════════════════════════════════════════════════════════════════════════════════════════════╗
║ ◆ ShtetlFrames  •  live                                                                                    ║
║ Find old film that looks traditionally Orthodox                                                            ║
╟────────────────────────────────────────────────────────────────────────────────────────────────────────────╢
║ Browser  http://127.0.0.1:8787    Review  http://127.0.0.1:8787/review                                     ║
╟────────────────────────────────────────────────────────────────────────────────────────────────────────────╢
║ ⠼  Looking through British Pathé…                                                                          ║
║                                                                                                            ║
║  ░░░░░░░░░░░░░░░░░░░░░░░░░░░░░░░░░░░    0.0%  0/85,452                                                     ║
║                                                                                                            ║
║ checked 0   clips 0   failed 0   active 0                                                                  ║
║ session  13s                                                                                               ║
║                                                                                                            ║
║ ⓘ  Browser should open on its own.                                                                         ║
║                                                                                                            ║
║ Press Ctrl+C here to stop the app.                                                                         ║
╚════════════════════════════════════════════════════════════════════════════════════════════════════════════╝































[H[2J[3J╔════════════════════════════════════════════════════════════════════════════════════════════════════════════╗
║ ◆ ShtetlFrames  ●  live                                                                                    ║
║ Find old film that looks traditionally Orthodox                                                            ║
╟────────────────────────────────────────────────────────────────────────────────────────────────────────────╢
║ Browser  http://127.0.0.1:8787    Review  http://127.0.0.1:8787/review                                     ║
╟────────────────────────────────────────────────────────────────────────────────────────────────────────────╢
║ ⠼  Looking through British Pathé…                                                                          ║
║                                                                                                            ║
║  ░░░░░░░░░░░░░░░░░░░░░░░░░░░░░░░░░░░    0.0%  0/85,452                                                     ║
║                                                                                                            ║
║ checked 0   clips 0   failed 0   active 0                                                                  ║
║ session  14s                                                                                               ║
║                                                                                                            ║
║ ⓘ  Browser should open on its own.                                                                         ║
║                                                                                                            ║
║ Press Ctrl+C here to stop the app.                                                                         ║
╚════════════════════════════════════════════════════════════════════════════════════════════════════════════╝































[H[2J[3J╔════════════════════════════════════════════════════════════════════════════════════════════════════════════╗
║ ◆ ShtetlFrames  •  live                                                                                    ║
║ Find old film that looks traditionally Orthodox                                                            ║
╟────────────────────────────────────────────────────────────────────────────────────────────────────────────╢
║ Browser  http://127.0.0.1:8787    Review  http://127.0.0.1:8787/review                                     ║
╟────────────────────────────────────────────────────────────────────────────────────────────────────────────╢
║ ⠼  Looking through British Pathé…                                                                          ║
║                                                                                                            ║
║  ░░░░░░░░░░░░░░░░░░░░░░░░░░░░░░░░░░░    0.0%  0/85,452                                                     ║
║                                                                                                            ║
║ checked 0   clips 0   failed 0   active 0                                                                  ║
║ session  15s                                                                                               ║
║                                                                                                            ║
║ ⓘ  Browser should open on its own.                                                                         ║
║                                                                                                            ║
║ Press Ctrl+C here to stop the app.                                                                         ║
╚════════════════════════════════════════════════════════════════════════════════════════════════════════════╝































[H[2J[3J╔════════════════════════════════════════════════════════════════════════════════════════════════════════════╗
║ ◆ ShtetlFrames  ·  live                                                                                    ║
║ Find old film that looks traditionally Orthodox                                                            ║
╟────────────────────────────────────────────────────────────────────────────────────────────────────────────╢
║ Browser  http://127.0.0.1:8787    Review  http://127.0.0.1:8787/review                                     ║
╟────────────────────────────────────────────────────────────────────────────────────────────────────────────╢
║ ⠼  Looking through British Pathé…                                                                          ║
║                                                                                                            ║
║  ░░░░░░░░░░░░░░░░░░░░░░░░░░░░░░░░░░░    0.0%  0/85,452                                                     ║
║                                                                                                            ║
║ checked 0   clips 0   failed 0   active 0                                                                  ║
║ session  16s                                                                                               ║
║                                                                                                            ║
║ ⓘ  Browser should open on its own.                                                                         ║
║                                                                                                            ║
║ Press Ctrl+C here to stop the app.                                                                         ║
╚════════════════════════════════════════════════════════════════════════════════════════════════════════════╝































[H[2J[3J╔════════════════════════════════════════════════════════════════════════════════════════════════════════════╗
║ ◆ ShtetlFrames  •  live                                                                                    ║
║ Find old film that looks traditionally Orthodox                                                            ║
╟────────────────────────────────────────────────────────────────────────────────────────────────────────────╢
║ Browser  http://127.0.0.1:8787    Review  http://127.0.0.1:8787/review                                     ║
╟────────────────────────────────────────────────────────────────────────────────────────────────────────────╢
║ ⠼  Looking through British Pathé…                                                                          ║
║                                                                                                            ║
║  ░░░░░░░░░░░░░░░░░░░░░░░░░░░░░░░░░░░    0.0%  0/85,452                                                     ║
║                                                                                                            ║
║ checked 0   clips 0   failed 0   active 0                                                                  ║
║ session  17s                                                                                               ║
║                                                                                                            ║
║ ⓘ  Browser should open on its own.                                                                         ║
║                                                                                                            ║
║ Press Ctrl+C here to stop the app.                                                                         ║
╚════════════════════════════════════════════════════════════════════════════════════════════════════════════╝































[H[2J[3J╔════════════════════════════════════════════════════════════════════════════════════════════════════════════╗
║ ◆ ShtetlFrames  ●  live                                                                                    ║
║ Find old film that looks traditionally Orthodox                                                            ║
╟────────────────────────────────────────────────────────────────────────────────────────────────────────────╢
║ Browser  http://127.0.0.1:8787    Review  http://127.0.0.1:8787/review                                     ║
╟────────────────────────────────────────────────────────────────────────────────────────────────────────────╢
║ ⠼  Looking through British Pathé…                                                                          ║
║                                                                                                            ║
║  ░░░░░░░░░░░░░░░░░░░░░░░░░░░░░░░░░░░    0.0%  0/85,452                                                     ║
║                                                                                                            ║
║ checked 0   clips 0   failed 0   active 0                                                                  ║
║ session  18s                                                                                               ║
║                                                                                                            ║
║ ⓘ  Browser should open on its own.                                                                         ║
║                                                                                                            ║
║ Press Ctrl+C here to stop the app.                                                                         ║
╚════════════════════════════════════════════════════════════════════════════════════════════════════════════╝































[H[2J[3J╔════════════════════════════════════════════════════════════════════════════════════════════════════════════╗
║ ◆ ShtetlFrames  •  live                                                                                    ║
║ Find old film that looks traditionally Orthodox                                                            ║
╟────────────────────────────────────────────────────────────────────────────────────────────────────────────╢
║ Browser  http://127.0.0.1:8787    Review  http://127.0.0.1:8787/review                                     ║
╟────────────────────────────────────────────────────────────────────────────────────────────────────────────╢
║ ⠴  Looking through British Pathé…                                                                          ║
║                                                                                                            ║
║  ░░░░░░░░░░░░░░░░░░░░░░░░░░░░░░░░░░░    0.0%  0/85,452                                                     ║
║                                                                                                            ║
║ checked 0   clips 0   failed 0   active 0                                                                  ║
║ session  19s                                                                                               ║
║                                                                                                            ║
║ ⓘ  Browser should open on its own.                                                                         ║
║                                                                                                            ║
║ Press Ctrl+C here to stop the app.                                                                         ║
╚════════════════════════════════════════════════════════════════════════════════════════════════════════════╝































[H[2J[3J╔════════════════════════════════════════════════════════════════════════════════════════════════════════════╗
║ ◆ ShtetlFrames  ·  live                                                                                    ║
║ Find old film that looks traditionally Orthodox                                                            ║
╟────────────────────────────────────────────────────────────────────────────────────────────────────────────╢
║ Browser  http://127.0.0.1:8787    Review  http://127.0.0.1:8787/review                                     ║
╟────────────────────────────────────────────────────────────────────────────────────────────────────────────╢
║ ⠴  Looking through British Pathé…                                                                          ║
║                                                                                                            ║
║  ░░░░░░░░░░░░░░░░░░░░░░░░░░░░░░░░░░░    0.0%  0/85,452                                                     ║
║                                                                                                            ║
║ checked 0   clips 0   failed 0   active 0                                                                  ║
║ session  20s                                                                                               ║
║                                                                                                            ║
║ ⓘ  Browser should open on its own.                                                                         ║
║                                                                                                            ║
║ Press Ctrl+C here to stop the app.                                                                         ║
╚════════════════════════════════════════════════════════════════════════════════════════════════════════════╝































[H[2J[3J╔════════════════════════════════════════════════════════════════════════════════════════════════════════════╗
║ ◆ ShtetlFrames  •  live                                                                                    ║
║ Find old film that looks traditionally Orthodox                                                            ║
╟────────────────────────────────────────────────────────────────────────────────────────────────────────────╢
║ Browser  http://127.0.0.1:8787    Review  http://127.0.0.1:8787/review                                     ║
╟────────────────────────────────────────────────────────────────────────────────────────────────────────────╢
║ ⠴  Looking through British Pathé…                                                                          ║
║                                                                                                            ║
║  ░░░░░░░░░░░░░░░░░░░░░░░░░░░░░░░░░░░    0.0%  0/85,452                                                     ║
║                                                                                                            ║
║ checked 0   clips 0   failed 0   active 0                                                                  ║
║ session  21s                                                                                               ║
║                                                                                                            ║
║ ⓘ  Browser should open on its own.                                                                         ║
║                                                                                                            ║
║ Press Ctrl+C here to stop the app.                                                                         ║
╚════════════════════════════════════════════════════════════════════════════════════════════════════════════╝































[H[2J[3J╔════════════════════════════════════════════════════════════════════════════════════════════════════════════╗
║ ◆ ShtetlFrames  ●  live                                                                                    ║
║ Find old film that looks traditionally Orthodox                                                            ║
╟────────────────────────────────────────────────────────────────────────────────────────────────────────────╢
║ Browser  http://127.0.0.1:8787    Review  http://127.0.0.1:8787/review                                     ║
╟────────────────────────────────────────────────────────────────────────────────────────────────────────────╢
║ ⠴  Looking through British Pathé…                                                                          ║
║                                                                                                            ║
║  ░░░░░░░░░░░░░░░░░░░░░░░░░░░░░░░░░░░    0.0%  0/85,452                                                     ║
║                                                                                                            ║
║ checked 0   clips 0   failed 0   active 0                                                                  ║
║ session  0s                                                                                                ║
║                                                                                                            ║
║ ⓘ  Browser should open on its own.                                                                         ║
║                                                                                                            ║
║ Press Ctrl+C here to stop the app.                                                                         ║
╚════════════════════════════════════════════════════════════════════════════════════════════════════════════╝































[H[2J[3J╔════════════════════════════════════════════════════════════════════════════════════════════════════════════╗
║ ◆ ShtetlFrames  •  live                                                                                    ║
║ Find old film that looks traditionally Orthodox                                                            ║
╟────────────────────────────────────────────────────────────────────────────────────────────────────────────╢
║ Browser  http://127.0.0.1:8787    Review  http://127.0.0.1:8787/review                                     ║
╟────────────────────────────────────────────────────────────────────────────────────────────────────────────╢
║ ⠴  Looking through British Pathé…                                                                          ║
║                                                                                                            ║
║  ░░░░░░░░░░░░░░░░░░░░░░░░░░░░░░░░░░░    0.0%  0/85,452                                                     ║
║                                                                                                            ║
║ checked 0   clips 0   failed 0   active 0                                                                  ║
║ session  1s                                                                                                ║
║                                                                                                            ║
║ ⓘ  Browser should open on its own.                                                                         ║
║                                                                                                            ║
║ Press Ctrl+C here to stop the app.                                                                         ║
╚════════════════════════════════════════════════════════════════════════════════════════════════════════════╝































[H[2J[3J╔════════════════════════════════════════════════════════════════════════════════════════════════════════════╗
║ ◆ ShtetlFrames  ·  live                                                                                    ║
║ Find old film that looks traditionally Orthodox                                                            ║
╟────────────────────────────────────────────────────────────────────────────────────────────────────────────╢
║ Browser  http://127.0.0.1:8787    Review  http://127.0.0.1:8787/review                                     ║
╟────────────────────────────────────────────────────────────────────────────────────────────────────────────╢
║ ⠴  Looking through British Pathé…                                                                          ║
║                                                                                                            ║
║  ░░░░░░░░░░░░░░░░░░░░░░░░░░░░░░░░░░░    0.0%  0/85,452                                                     ║
║                                                                                                            ║
║ checked 0   clips 0   failed 0   active 0                                                                  ║
║ session  2s                                                                                                ║
║                                                                                                            ║
║ ⓘ  Browser should open on its own.                                                                         ║
║                                                                                                            ║
║ Press Ctrl+C here to stop the app.                                                                         ║
╚════════════════════════════════════════════════════════════════════════════════════════════════════════════╝































[H[2J[3J╔════════════════════════════════════════════════════════════════════════════════════════════════════════════╗
║ ◆ ShtetlFrames  •  live                                                                                    ║
║ Find old film that looks traditionally Orthodox                                                            ║
╟────────────────────────────────────────────────────────────────────────────────────────────────────────────╢
║ Browser  http://127.0.0.1:8787    Review  http://127.0.0.1:8787/review                                     ║
╟────────────────────────────────────────────────────────────────────────────────────────────────────────────╢
║ ⠦  Looking through British Pathé…                                                                          ║
║                                                                                                            ║
║  ░░░░░░░░░░░░░░░░░░░░░░░░░░░░░░░░░░░    0.0%  0/85,452                                                     ║
║                                                                                                            ║
║ checked 0   clips 0   failed 0   active 0                                                                  ║
║ session  3s                                                                                                ║
║                                                                                                            ║
║ ⓘ  Browser should open on its own.                                                                         ║
║                                                                                                            ║
║ Press Ctrl+C here to stop the app.                                                                         ║
╚════════════════════════════════════════════════════════════════════════════════════════════════════════════╝































[shtetl] bg-fill: creating shtetlframes-scan · runpod/pytorch:0.7.0-cu1241-torch260-ubuntu2204 (live 5/9, want 8)…
[shtetl] bg-fill: image runpod/pytorch:0.7.0-cu1241-torch260-ubuntu2204
[shtetl] bg-fill: trying NVIDIA GeForce RTX 3090 · ALL · disk=20GB…
[H[2J[3J╔════════════════════════════════════════════════════════════════════════════════════════════════════════════╗
║ ◆ ShtetlFrames  ●  live                                                                                    ║
║ Find old film that looks traditionally Orthodox                                                            ║
╟────────────────────────────────────────────────────────────────────────────────────────────────────────────╢
║ Browser  http://127.0.0.1:8787    Review  http://127.0.0.1:8787/review                                     ║
╟────────────────────────────────────────────────────────────────────────────────────────────────────────────╢
║ ⠦  Looking through British Pathé…                                                                          ║
║                                                                                                            ║
║  ░░░░░░░░░░░░░░░░░░░░░░░░░░░░░░░░░░░    0.0%  0/85,452                                                     ║
║                                                                                                            ║
║ checked 0   clips 0   failed 0   active 0                                                                  ║
║ session  4s                                                                                                ║
║                                                                                                            ║
║ ⓘ  Browser should open on its own.                                                                         ║
║                                                                                                            ║
║ Press Ctrl+C here to stop the app.                                                                         ║
╚════════════════════════════════════════════════════════════════════════════════════════════════════════════╝































[shtetl] bg-fill: pod created · shtetlframes-scan · NVIDIA GeForce RTX 3090 · runpod/pytorch:0.7.0-cu1241-torch260-ubuntu2204
[shtetl] bg-fill: pod created · shtetlframes-scan — booting (live≈6/9)
[H[2J[3J╔════════════════════════════════════════════════════════════════════════════════════════════════════════════╗
║ ◆ ShtetlFrames  •  live                                                                                    ║
║ Find old film that looks traditionally Orthodox                                                            ║
╟────────────────────────────────────────────────────────────────────────────────────────────────────────────╢
║ Browser  http://127.0.0.1:8787    Review  http://127.0.0.1:8787/review                                     ║
╟────────────────────────────────────────────────────────────────────────────────────────────────────────────╢
║ ⠦  Looking through British Pathé…                                                                          ║
║                                                                                                            ║
║  ░░░░░░░░░░░░░░░░░░░░░░░░░░░░░░░░░░░    0.0%  0/85,452                                                     ║
║                                                                                                            ║
║ checked 0   clips 0   failed 0   active 0                                                                  ║
║ session  5s                                                                                                ║
║                                                                                                            ║
║ ⓘ  Browser should open on its own.                                                                         ║
║                                                                                                            ║
║ Press Ctrl+C here to stop the app.                                                                         ║
╚════════════════════════════════════════════════════════════════════════════════════════════════════════════╝































[H[2J[3J╔════════════════════════════════════════════════════════════════════════════════════════════════════════════╗
║ ◆ ShtetlFrames  ·  live                                                                                    ║
║ Find old film that looks traditionally Orthodox                                                            ║
╟────────────────────────────────────────────────────────────────────────────────────────────────────────────╢
║ Browser  http://127.0.0.1:8787    Review  http://127.0.0.1:8787/review                                     ║
╟────────────────────────────────────────────────────────────────────────────────────────────────────────────╢
║ ⠦  Looking through British Pathé…                                                                          ║
║                                                                                                            ║
║  ░░░░░░░░░░░░░░░░░░░░░░░░░░░░░░░░░░░    0.0%  0/85,452                                                     ║
║                                                                                                            ║
║ checked 0   clips 0   failed 0   active 0                                                                  ║
║ session  6s                                                                                                ║
║                                                                                                            ║
║ ⓘ  Browser should open on its own.                                                                         ║
║                                                                                                            ║
║ Press Ctrl+C here to stop the app.                                                                         ║
╚════════════════════════════════════════════════════════════════════════════════════════════════════════════╝































[H[2J[3J╔════════════════════════════════════════════════════════════════════════════════════════════════════════════╗
║ ◆ ShtetlFrames  ·  live                                                                                    ║
║ Find old film that looks traditionally Orthodox                                                            ║
╟────────────────────────────────────────────────────────────────────────────────────────────────────────────╢
║ Browser  http://127.0.0.1:8787    Review  http://127.0.0.1:8787/review                                     ║
╟────────────────────────────────────────────────────────────────────────────────────────────────────────────╢
║ ⠦  Looking through British Pathé…                                                                          ║
║                                                                                                            ║
║  ░░░░░░░░░░░░░░░░░░░░░░░░░░░░░░░░░░░    0.0%  0/85,452                                                     ║
║                                                                                                            ║
║ checked 0   clips 0   failed 0   active 0                                                                  ║
║ session  7s                                                                                                ║
║                                                                                                            ║
║ ⓘ  Browser should open on its own.                                                                         ║
║                                                                                                            ║
║ Press Ctrl+C here to stop the app.                                                                         ║
╚════════════════════════════════════════════════════════════════════════════════════════════════════════════╝































[H[2J[3J╔════════════════════════════════════════════════════════════════════════════════════════════════════════════╗
║ ◆ ShtetlFrames  •  live                                                                                    ║
║ Find old film that looks traditionally Orthodox                                                            ║
╟────────────────────────────────────────────────────────────────────────────────────────────────────────────╢
║ Browser  http://127.0.0.1:8787    Review  http://127.0.0.1:8787/review                                     ║
╟────────────────────────────────────────────────────────────────────────────────────────────────────────────╢
║ ⠦  Looking through British Pathé…                                                                          ║
║                                                                                                            ║
║  ░░░░░░░░░░░░░░░░░░░░░░░░░░░░░░░░░░░    0.0%  0/85,452                                                     ║
║                                                                                                            ║
║ checked 0   clips 0   failed 0   active 0                                                                  ║
║ session  8s                                                                                                ║
║                                                                                                            ║
║ ⓘ  Browser should open on its own.                                                                         ║
║                                                                                                            ║
║ Press Ctrl+C here to stop the app.                                                                         ║
╚════════════════════════════════════════════════════════════════════════════════════════════════════════════╝































[H[2J[3J╔════════════════════════════════════════════════════════════════════════════════════════════════════════════╗
║ ◆ ShtetlFrames  ●  live                                                                                    ║
║ Find old film that looks traditionally Orthodox                                                            ║
╟────────────────────────────────────────────────────────────────────────────────────────────────────────────╢
║ Browser  http://127.0.0.1:8787    Review  http://127.0.0.1:8787/review                                     ║
╟────────────────────────────────────────────────────────────────────────────────────────────────────────────╢
║ ⠧  Looking through British Pathé…                                                                          ║
║                                                                                                            ║
║  ░░░░░░░░░░░░░░░░░░░░░░░░░░░░░░░░░░░    0.0%  0/85,452                                                     ║
║                                                                                                            ║
║ checked 0   clips 0   failed 0   active 0                                                                  ║
║ session  9s                                                                                                ║
║                                                                                                            ║
║ ⓘ  Browser should open on its own.                                                                         ║
║                                                                                                            ║
║ Press Ctrl+C here to stop the app.                                                                         ║
╚════════════════════════════════════════════════════════════════════════════════════════════════════════════╝































[shtetl] bg-fill: creating shtetlframes-scan-2 · runpod/pytorch:0.7.0-cu1241-torch260-ubuntu2204 (live 6/9, want 8)…
[shtetl] bg-fill: image runpod/pytorch:0.7.0-cu1241-torch260-ubuntu2204
[shtetl] bg-fill: trying NVIDIA GeForce RTX 3090 · ALL · disk=20GB…
[H[2J[3J╔════════════════════════════════════════════════════════════════════════════════════════════════════════════╗
║ ◆ ShtetlFrames  •  live                                                                                    ║
║ Find old film that looks traditionally Orthodox                                                            ║
╟────────────────────────────────────────────────────────────────────────────────────────────────────────────╢
║ Browser  http://127.0.0.1:8787    Review  http://127.0.0.1:8787/review                                     ║
╟────────────────────────────────────────────────────────────────────────────────────────────────────────────╢
║ ⠧  Looking through British Pathé…                                                                          ║
║                                                                                                            ║
║  ░░░░░░░░░░░░░░░░░░░░░░░░░░░░░░░░░░░    0.0%  0/85,452                                                     ║
║                                                                                                            ║
║ checked 0   clips 0   failed 0   active 0                                                                  ║
║ session  10s                                                                                               ║
║                                                                                                            ║
║ ⓘ  Browser should open on its own.                                                                         ║
║                                                                                                            ║
║ Press Ctrl+C here to stop the app.                                                                         ║
╚════════════════════════════════════════════════════════════════════════════════════════════════════════════╝































[shtetl] bg-fill: pod created · shtetlframes-scan-2 · NVIDIA GeForce RTX 3090 · runpod/pytorch:0.7.0-cu1241-torch260-ubuntu2204
[shtetl] bg-fill: pod created · shtetlframes-scan-2 — booting (live≈7/9)
[H[2J[3J╔════════════════════════════════════════════════════════════════════════════════════════════════════════════╗
║ ◆ ShtetlFrames  ·  live                                                                                    ║
║ Find old film that looks traditionally Orthodox                                                            ║
╟────────────────────────────────────────────────────────────────────────────────────────────────────────────╢
║ Browser  http://127.0.0.1:8787    Review  http://127.0.0.1:8787/review                                     ║
╟────────────────────────────────────────────────────────────────────────────────────────────────────────────╢
║ ⠧  Looking through British Pathé…                                                                          ║
║                                                                                                            ║
║  ░░░░░░░░░░░░░░░░░░░░░░░░░░░░░░░░░░░    0.0%  0/85,452                                                     ║
║                                                                                                            ║
║ checked 0   clips 0   failed 0   active 0                                                                  ║
║ session  11s                                                                                               ║
║                                                                                                            ║
║ ⓘ  Browser should open on its own.                                                                         ║
║                                                                                                            ║
║ Press Ctrl+C here to stop the app.                                                                         ║
╚════════════════════════════════════════════════════════════════════════════════════════════════════════════╝































[H[2J[3J╔════════════════════════════════════════════════════════════════════════════════════════════════════════════╗
║ ◆ ShtetlFrames  •  live                                                                                    ║
║ Find old film that looks traditionally Orthodox                                                            ║
╟────────────────────────────────────────────────────────────────────────────────────────────────────────────╢
║ Browser  http://127.0.0.1:8787    Review  http://127.0.0.1:8787/review                                     ║
╟────────────────────────────────────────────────────────────────────────────────────────────────────────────╢
║ ⠧  Looking through British Pathé…                                                                          ║
║                                                                                                            ║
║  ░░░░░░░░░░░░░░░░░░░░░░░░░░░░░░░░░░░    0.0%  0/85,452                                                     ║
║                                                                                                            ║
║ checked 0   clips 0   failed 0   active 0                                                                  ║
║ session  12s                                                                                               ║
║                                                                                                            ║
║ ⓘ  Browser should open on its own.                                                                         ║
║                                                                                                            ║
║ Press Ctrl+C here to stop the app.                                                                         ║
╚════════════════════════════════════════════════════════════════════════════════════════════════════════════╝































[H[2J[3J╔════════════════════════════════════════════════════════════════════════════════════════════════════════════╗
║ ◆ ShtetlFrames  ●  live                                                                                    ║
║ Find old film that looks traditionally Orthodox                                                            ║
╟────────────────────────────────────────────────────────────────────────────────────────────────────────────╢
║ Browser  http://127.0.0.1:8787    Review  http://127.0.0.1:8787/review                                     ║
╟────────────────────────────────────────────────────────────────────────────────────────────────────────────╢
║ ⠧  Looking through British Pathé…                                                                          ║
║                                                                                                            ║
║  ░░░░░░░░░░░░░░░░░░░░░░░░░░░░░░░░░░░    0.0%  0/85,452                                                     ║
║                                                                                                            ║
║ checked 0   clips 0   failed 0   active 0                                                                  ║
║ session  13s                                                                                               ║
║                                                                                                            ║
║ ⓘ  Browser should open on its own.                                                                         ║
║                                                                                                            ║
║ Press Ctrl+C here to stop the app.                                                                         ║
╚════════════════════════════════════════════════════════════════════════════════════════════════════════════╝































[H[2J[3J╔════════════════════════════════════════════════════════════════════════════════════════════════════════════╗
║ ◆ ShtetlFrames  •  live                                                                                    ║
║ Find old film that looks traditionally Orthodox                                                            ║
╟────────────────────────────────────────────────────────────────────────────────────────────────────────────╢
║ Browser  http://127.0.0.1:8787    Review  http://127.0.0.1:8787/review                                     ║
╟────────────────────────────────────────────────────────────────────────────────────────────────────────────╢
║ ⠧  Looking through British Pathé…                                                                          ║
║                                                                                                            ║
║  ░░░░░░░░░░░░░░░░░░░░░░░░░░░░░░░░░░░    0.0%  0/85,452                                                     ║
║                                                                                                            ║
║ checked 0   clips 0   failed 0   active 0                                                                  ║
║ session  14s                                                                                               ║
║                                                                                                            ║
║ ⓘ  Browser should open on its own.                                                                         ║
║                                                                                                            ║
║ Press Ctrl+C here to stop the app.                                                                         ║
╚════════════════════════════════════════════════════════════════════════════════════════════════════════════╝































[H[2J[3J╔════════════════════════════════════════════════════════════════════════════════════════════════════════════╗
║ ◆ ShtetlFrames  ·  live                                                                                    ║
║ Find old film that looks traditionally Orthodox                                                            ║
╟────────────────────────────────────────────────────────────────────────────────────────────────────────────╢
║ Browser  http://127.0.0.1:8787    Review  http://127.0.0.1:8787/review                                     ║
╟────────────────────────────────────────────────────────────────────────────────────────────────────────────╢
║ ⠧  Looking through British Pathé…                                                                          ║
║                                                                                                            ║
║  ░░░░░░░░░░░░░░░░░░░░░░░░░░░░░░░░░░░    0.0%  0/85,452                                                     ║
║                                                                                                            ║
║ checked 0   clips 0   failed 0   active 0                                                                  ║
║ session  15s                                                                                               ║
║                                                                                                            ║
║ ⓘ  Browser should open on its own.                                                                         ║
║                                                                                                            ║
║ Press Ctrl+C here to stop the app.                                                                         ║
╚════════════════════════════════════════════════════════════════════════════════════════════════════════════╝































[shtetl] bg-fill: creating shtetlframes-scan-3 · runpod/pytorch:0.7.0-cu1241-torch260-ubuntu2204 (live 7/9, want 8)…
[shtetl] bg-fill: image runpod/pytorch:0.7.0-cu1241-torch260-ubuntu2204
[shtetl] bg-fill: trying NVIDIA GeForce RTX 3090 · ALL · disk=20GB…
[H[2J[3J╔════════════════════════════════════════════════════════════════════════════════════════════════════════════╗
║ ◆ ShtetlFrames  •  live                                                                                    ║
║ Find old film that looks traditionally Orthodox                                                            ║
╟────────────────────────────────────────────────────────────────────────────────────────────────────────────╢
║ Browser  http://127.0.0.1:8787    Review  http://127.0.0.1:8787/review                                     ║
╟────────────────────────────────────────────────────────────────────────────────────────────────────────────╢
║ ⠧  Looking through British Pathé…                                                                          ║
║                                                                                                            ║
║  ░░░░░░░░░░░░░░░░░░░░░░░░░░░░░░░░░░░    0.0%  0/85,452                                                     ║
║                                                                                                            ║
║ checked 0   clips 0   failed 0   active 0                                                                  ║
║ session  16s                                                                                               ║
║                                                                                                            ║
║ ⓘ  Browser should open on its own.                                                                         ║
║                                                                                                            ║
║ Press Ctrl+C here to stop the app.                                                                         ║
╚════════════════════════════════════════════════════════════════════════════════════════════════════════════╝































[shtetl] bg-fill: pod created · shtetlframes-scan-3 · NVIDIA GeForce RTX 3090 · runpod/pytorch:0.7.0-cu1241-torch260-ubuntu2204
[shtetl] bg-fill: pod created · shtetlframes-scan-3 — booting (live≈8/9)
[H[2J[3J╔════════════════════════════════════════════════════════════════════════════════════════════════════════════╗
║ ◆ ShtetlFrames  ●  live                                                                                    ║
║ Find old film that looks traditionally Orthodox                                                            ║
╟────────────────────────────────────────────────────────────────────────────────────────────────────────────╢
║ Browser  http://127.0.0.1:8787    Review  http://127.0.0.1:8787/review                                     ║
╟────────────────────────────────────────────────────────────────────────────────────────────────────────────╢
║ ⠇  Looking through British Pathé…                                                                          ║
║                                                                                                            ║
║  ░░░░░░░░░░░░░░░░░░░░░░░░░░░░░░░░░░░    0.0%  0/85,452                                                     ║
║                                                                                                            ║
║ checked 0   clips 0   failed 0   active 0                                                                  ║
║ session  17s                                                                                               ║
║                                                                                                            ║
║ ⓘ  Browser should open on its own.                                                                         ║
║                                                                                                            ║
║ Press Ctrl+C here to stop the app.                                                                         ║
╚════════════════════════════════════════════════════════════════════════════════════════════════════════════╝































[shtetl] bg-fill: waiting for 4 pod(s) to finish bootstrap (~5–15 min)…
[shtetl] bg-fill: waiting for GPU pod · 0s · first boot installs deps (~5–15 min) · https://lc2g7ed3dw25ni-8000.proxy.runpod.net
[shtetl] bg-fill: waiting for GPU pod · 0s · first boot installs deps (~5–15 min) · https://pyu2q2g6tc1e4r-8000.proxy.runpod.net
[shtetl] bg-fill: waiting for GPU pod · 0s · first boot installs deps (~5–15 min) · https://j2hil154bd9g0f-8000.proxy.runpod.net
[shtetl] bg-fill: waiting for GPU pod · 0s · first boot installs deps (~5–15 min) · https://qxlmd1bndi3vbf-8000.proxy.runpod.net
[H[2J[3J╔════════════════════════════════════════════════════════════════════════════════════════════════════════════╗
║ ◆ ShtetlFrames  •  live                                                                                    ║
║ Find old film that looks traditionally Orthodox                                                            ║
╟────────────────────────────────────────────────────────────────────────────────────────────────────────────╢
║ Browser  http://127.0.0.1:8787    Review  http://127.0.0.1:8787/review                                     ║
╟────────────────────────────────────────────────────────────────────────────────────────────────────────────╢
║ ⠇  Looking through British Pathé…                                                                          ║
║                                                                                                            ║
║  ░░░░░░░░░░░░░░░░░░░░░░░░░░░░░░░░░░░    0.0%  0/85,452                                                     ║
║                                                                                                            ║
║ checked 0   clips 0   failed 0   active 0                                                                  ║
║ session  18s                                                                                               ║
║                                                                                                            ║
║ ⓘ  Browser should open on its own.                                                                         ║
║                                                                                                            ║
║ Press Ctrl+C here to stop the app.                                                                         ║
╚════════════════════════════════════════════════════════════════════════════════════════════════════════════╝































[H[2J[3J╔════════════════════════════════════════════════════════════════════════════════════════════════════════════╗
║ ◆ ShtetlFrames  ·  live                                                                                    ║
║ Find old film that looks traditionally Orthodox                                                            ║
╟────────────────────────────────────────────────────────────────────────────────────────────────────────────╢
║ Browser  http://127.0.0.1:8787    Review  http://127.0.0.1:8787/review                                     ║
╟────────────────────────────────────────────────────────────────────────────────────────────────────────────╢
║ ⠇  Looking through British Pathé…                                                                          ║
║                                                                                                            ║
║  ░░░░░░░░░░░░░░░░░░░░░░░░░░░░░░░░░░░    0.0%  0/85,452                                                     ║
║                                                                                                            ║
║ checked 0   clips 0   failed 0   active 1                                                                  ║
║ session  19s                                                                                               ║
║                                                                                                            ║
║ Right now — cloud workers                                                                                  ║
║   ▸ Selected Originals - LIGHTNING AEROBATICS                                                              ║
║     ● Looking carefully  Downloading Pathé preview (HLS)…                                                  ║
║                                                                                                            ║
║ ⓘ  Browser should open on its own.                                                                         ║
║                                                                                                            ║
║ Press Ctrl+C here to stop the app.                                                                         ║
╚════════════════════════════════════════════════════════════════════════════════════════════════════════════╝



























[H[2J[3J╔════════════════════════════════════════════════════════════════════════════════════════════════════════════╗
║ ◆ ShtetlFrames  •  live                                                                                    ║
║ Find old film that looks traditionally Orthodox                                                            ║
╟────────────────────────────────────────────────────────────────────────────────────────────────────────────╢
║ Browser  http://127.0.0.1:8787    Review  http://127.0.0.1:8787/review                                     ║
╟────────────────────────────────────────────────────────────────────────────────────────────────────────────╢
║ ⠇  Looking through British Pathé…                                                                          ║
║                                                                                                            ║
║  ░░░░░░░░░░░░░░░░░░░░░░░░░░░░░░░░░░░    0.0%  0/85,452                                                     ║
║                                                                                                            ║
║ checked 0   clips 0   failed 0   active 8                                                                  ║
║ session  20s                                                                                               ║
║                                                                                                            ║
║ Right now — cloud workers                                                                                  ║
║   ▸ Selected Originals - LIGHTNING AEROBATICS                                                              ║
║     ● Looking carefully  Working on a British Pathé clip…                                                  ║
║   ▸ BY AIR TO LUNCH                                                                                        ║
║     ● Looking carefully  Working on a British Pathé clip…                                                  ║
║   ▸ RAILWAY STORY                                                                                          ║
║     ● Looking carefully  Working on a British Pathé clip…                                                  ║
║   ▸ INSIDE THE GATES OF SOVIET RUSSIA                                                                      ║
║     ● Looking carefully  Working on a British Pathé clip…                                                  ║
║   ▸ GALLICAN GYPSIES                                                                                       ║
║     ● Looking carefully  Looking up the Pathé preview stream…                                              ║
║   ▸ BUILDING ISRAELI SETTLEMENT aka BIRTH OF A KIBBUTZ                                                     ║
║     ● Looking carefully  Looking up the Pathé preview stream…                                              ║
║   ▸ FAMILY WITH PET DOGS                                                                                   ║
║     ● Looking carefully  Looking up the Pathé preview stream…                                              ║
║   ▸ CAMPBELL PREPARES - Technicolor                                                                        ║
║     ● Looking carefully  Looking up the Pathé preview stream…                                              ║
║                                                                                                            ║
║ ⓘ  Browser should open on its own.                                                                         ║
║                                                                                                            ║
║ Press Ctrl+C here to stop the app.                                                                         ║
╚════════════════════════════════════════════════════════════════════════════════════════════════════════════╝













[H[2J[3J╔════════════════════════════════════════════════════════════════════════════════════════════════════════════╗
║ ◆ ShtetlFrames  ●  live                                                                                    ║
║ Find old film that looks traditionally Orthodox                                                            ║
╟────────────────────────────────────────────────────────────────────────────────────────────────────────────╢
║ Browser  http://127.0.0.1:8787    Review  http://127.0.0.1:8787/review                                     ║
╟────────────────────────────────────────────────────────────────────────────────────────────────────────────╢
║ ⠇  Looking through British Pathé…                                                                          ║
║                                                                                                            ║
║  ░░░░░░░░░░░░░░░░░░░░░░░░░░░░░░░░░░░    0.0%  0/85,452                                                     ║
║                                                                                                            ║
║ checked 0   clips 0   failed 0   active 8                                                                  ║
║ session  21s                                                                                               ║
║                                                                                                            ║
║ Right now — cloud workers                                                                                  ║
║   ▸ Selected Originals - LIGHTNING AEROBATICS                                                              ║
║     ● Looking carefully  Working on a British Pathé clip…                                                  ║
║   ▸ BY AIR TO LUNCH                                                                                        ║
║     ● Looking carefully  Working on a British Pathé clip…                                                  ║
║   ▸ RAILWAY STORY                                                                                          ║
║     ● Looking carefully  Working on a British Pathé clip…                                                  ║
║   ▸ INSIDE THE GATES OF SOVIET RUSSIA                                                                      ║
║     ● Looking carefully  Working on a British Pathé clip…                                                  ║
║   ▸ GALLICAN GYPSIES                                                                                       ║
║     ● Looking carefully  Looking up the Pathé preview stream…                                              ║
║   ▸ BUILDING ISRAELI SETTLEMENT aka BIRTH OF A KIBBUTZ                                                     ║
║     ● Looking carefully  Looking up the Pathé preview stream…                                              ║
║   ▸ FAMILY WITH PET DOGS                                                                                   ║
║     ● Looking carefully  Downloading Pathé preview (HLS)…                                                  ║
║   ▸ CAMPBELL PREPARES - Technicolor                                                                        ║
║     ● Looking carefully  Looking up the Pathé preview stream…                                              ║
║                                                                                                            ║
║ ⓘ  Browser should open on its own.                                                                         ║
║                                                                                                            ║
║ Press Ctrl+C here to stop the app.                                                                         ║
╚════════════════════════════════════════════════════════════════════════════════════════════════════════════╝













[H[2J[3J╔════════════════════════════════════════════════════════════════════════════════════════════════════════════╗
║ ◆ ShtetlFrames  •  live                                                                                    ║
║ Find old film that looks traditionally Orthodox                                                            ║
╟────────────────────────────────────────────────────────────────────────────────────────────────────────────╢
║ Browser  http://127.0.0.1:8787    Review  http://127.0.0.1:8787/review                                     ║
╟────────────────────────────────────────────────────────────────────────────────────────────────────────────╢
║ ⠏  Looking through British Pathé…                                                                          ║
║                                                                                                            ║
║  ░░░░░░░░░░░░░░░░░░░░░░░░░░░░░░░░░░░    0.0%  0/85,452                                                     ║
║                                                                                                            ║
║ checked 0   clips 0   failed 0   active 8                                                                  ║
║ session  23s                                                                                               ║
║                                                                                                            ║
║ Right now — cloud workers                                                                                  ║
║   ▸ Selected Originals - LIGHTNING AEROBATICS                                                              ║
║     ● Looking carefully  Working on a British Pathé clip…                                                  ║
║   ▸ BY AIR TO LUNCH                                                                                        ║
║     ● Looking carefully  Working on a British Pathé clip…                                                  ║
║   ▸ RAILWAY STORY                                                                                          ║
║     ● Looking carefully  Working on a British Pathé clip…                                                  ║
║   ▸ INSIDE THE GATES OF SOVIET RUSSIA                                                                      ║
║     ● Looking carefully  Working on a British Pathé clip…                                                  ║
║   ▸ GALLICAN GYPSIES                                                                                       ║
║     ● Looking carefully  Looking up the Pathé preview stream…                                              ║
║   ▸ BUILDING ISRAELI SETTLEMENT aka BIRTH OF A KIBBUTZ                                                     ║
║     ● Looking carefully  Looking up the Pathé preview stream…                                              ║
║   ▸ FAMILY WITH PET DOGS                                                                                   ║
║     ● Looking carefully  Working on a British Pathé clip…                                                  ║
║   ▸ CAMPBELL PREPARES - Technicolor                                                                        ║
║     ● Looking carefully  Looking up the Pathé preview stream…                                              ║
║                                                                                                            ║
║ ⓘ  Browser should open on its own.                                                                         ║
║                                                                                                            ║
║ Press Ctrl+C here to stop the app.                                                                         ║
╚════════════════════════════════════════════════════════════════════════════════════════════════════════════╝













[shtetl] bg-fill: waiting for GPU pod · 5s · first boot installs deps (~5–15 min) · https://pyu2q2g6tc1e4r-8000.proxy.runpod.net
[shtetl] bg-fill: waiting for GPU pod · 5s · first boot installs deps (~5–15 min) · https://qxlmd1bndi3vbf-8000.proxy.runpod.net
[shtetl] bg-fill: waiting for GPU pod · 5s · first boot installs deps (~5–15 min) · https://j2hil154bd9g0f-8000.proxy.runpod.net
[shtetl] bg-fill: waiting for GPU pod · 5s · first boot installs deps (~5–15 min) · https://lc2g7ed3dw25ni-8000.proxy.runpod.net
[H[2J[3J╔════════════════════════════════════════════════════════════════════════════════════════════════════════════╗
║ ◆ ShtetlFrames  ·  live                                                                                    ║
║ Find old film that looks traditionally Orthodox                                                            ║
╟────────────────────────────────────────────────────────────────────────────────────────────────────────────╢
║ Browser  http://127.0.0.1:8787    Review  http://127.0.0.1:8787/review                                     ║
╟────────────────────────────────────────────────────────────────────────────────────────────────────────────╢
║ ⠏  Looking through British Pathé…                                                                          ║
║                                                                                                            ║
║  ░░░░░░░░░░░░░░░░░░░░░░░░░░░░░░░░░░░    0.0%  0/85,452                                                     ║
║                                                                                                            ║
║ checked 0   clips 0   failed 0   active 8                                                                  ║
║ session  24s                                                                                               ║
║                                                                                                            ║
║ Right now — cloud workers                                                                                  ║
║   ▸ Selected Originals - LIGHTNING AEROBATICS                                                              ║
║     ● Looking carefully  pushing local still-handler to pod…                                               ║
║   ▸ BY AIR TO LUNCH                                                                                        ║
║     ● Looking carefully  Working on a British Pathé clip…                                                  ║
║   ▸ RAILWAY STORY                                                                                          ║
║     ● Looking carefully  pushing local still-handler to pod…                                               ║
║   ▸ INSIDE THE GATES OF SOVIET RUSSIA                                                                      ║
║     ● Looking carefully  pushing local still-handler to pod…                                               ║
║   ▸ GALLICAN GYPSIES                                                                                       ║
║     ● Looking carefully  Working on a British Pathé clip…                                                  ║
║   ▸ BUILDING ISRAELI SETTLEMENT aka BIRTH OF A KIBBUTZ                                                     ║
║     ● Looking carefully  Looking up the Pathé preview stream…                                              ║
║   ▸ FAMILY WITH PET DOGS                                                                                   ║
║     ● Looking carefully  Working on a British Pathé clip…                                                  ║
║   ▸ CAMPBELL PREPARES - Technicolor                                                                        ║
║     ● Looking carefully  Working on a British Pathé clip…                                                  ║
║                                                                                                            ║
║ ⓘ  Browser should open on its own.                                                                         ║
║                                                                                                            ║
║ Press Ctrl+C here to stop the app.                                                                         ║
╚════════════════════════════════════════════════════════════════════════════════════════════════════════════╝













[H[2J[3J╔════════════════════════════════════════════════════════════════════════════════════════════════════════════╗
║ ◆ ShtetlFrames  •  live                                                                                    ║
║ Find old film that looks traditionally Orthodox                                                            ║
╟────────────────────────────────────────────────────────────────────────────────────────────────────────────╢
║ Browser  http://127.0.0.1:8787    Review  http://127.0.0.1:8787/review                                     ║
╟────────────────────────────────────────────────────────────────────────────────────────────────────────────╢
║ ⠏  Looking through British Pathé…                                                                          ║
║                                                                                                            ║
║  ░░░░░░░░░░░░░░░░░░░░░░░░░░░░░░░░░░░    0.0%  0/85,452                                                     ║
║                                                                                                            ║
║ checked 0   clips 0   failed 0   active 8                                                                  ║
║ session  25s                                                                                               ║
║                                                                                                            ║
║ Right now — cloud workers                                                                                  ║
║   ▸ Selected Originals - LIGHTNING AEROBATICS                                                              ║
║     ● Looking carefully  pushing local still-handler to pod…                                               ║
║   ▸ BY AIR TO LUNCH                                                                                        ║
║     ● Looking carefully  Working on a British Pathé clip…                                                  ║
║   ▸ RAILWAY STORY                                                                                          ║
║     ● Looking carefully  pushing local still-handler to pod…                                               ║
║   ▸ INSIDE THE GATES OF SOVIET RUSSIA                                                                      ║
║     ● Looking carefully  pushing local still-handler to pod…                                               ║
║   ▸ GALLICAN GYPSIES                                                                                       ║
║     ● Looking carefully  Working on a British Pathé clip…                                                  ║
║   ▸ BUILDING ISRAELI SETTLEMENT aka BIRTH OF A KIBBUTZ                                                     ║
║     ● Looking carefully  Downloading Pathé preview (HLS)…                                                  ║
║   ▸ FAMILY WITH PET DOGS                                                                                   ║
║     ● Looking carefully  Working on a British Pathé clip…                                                  ║
║   ▸ CAMPBELL PREPARES - Technicolor                                                                        ║
║     ● Looking carefully  Working on a British Pathé clip…                                                  ║
║                                                                                                            ║
║ ⓘ  Browser should open on its own.                                                                         ║
║                                                                                                            ║
║ Press Ctrl+C here to stop the app.                                                                         ║
╚════════════════════════════════════════════════════════════════════════════════════════════════════════════╝













[H[2J[3J╔════════════════════════════════════════════════════════════════════════════════════════════════════════════╗
║ ◆ ShtetlFrames  •  live                                                                                    ║
║ Find old film that looks traditionally Orthodox                                                            ║
╟────────────────────────────────────────────────────────────────────────────────────────────────────────────╢
║ Browser  http://127.0.0.1:8787    Review  http://127.0.0.1:8787/review                                     ║
╟────────────────────────────────────────────────────────────────────────────────────────────────────────────╢
║ ⠋  Looking through British Pathé…                                                                          ║
║                                                                                                            ║
║  ░░░░░░░░░░░░░░░░░░░░░░░░░░░░░░░░░░░    0.0%  0/85,452                                                     ║
║                                                                                                            ║
║ checked 0   clips 0   failed 0   active 8                                                                  ║
║ session  26s                                                                                               ║
║                                                                                                            ║
║ Right now — cloud workers                                                                                  ║
║   ▸ Selected Originals - LIGHTNING AEROBATICS                                                              ║
║     ● Looking carefully  pushing local still-handler to pod…                                               ║
║   ▸ BY AIR TO LUNCH                                                                                        ║
║     ● Looking carefully  Working on a British Pathé clip…                                                  ║
║   ▸ RAILWAY STORY                                                                                          ║
║     ● Looking carefully  pushing local still-handler to pod…                                               ║
║   ▸ INSIDE THE GATES OF SOVIET RUSSIA                                                                      ║
║     ● Looking carefully  pushing local still-handler to pod…                                               ║
║   ▸ GALLICAN GYPSIES                                                                                       ║
║     ● Looking carefully  Working on a British Pathé clip…                                                  ║
║   ▸ BUILDING ISRAELI SETTLEMENT aka BIRTH OF A KIBBUTZ                                                     ║
║     ● Looking carefully  Downloading Pathé preview (HLS)…                                                  ║
║   ▸ FAMILY WITH PET DOGS                                                                                   ║
║     ● Looking carefully  Working on a British Pathé clip…                                                  ║
║   ▸ CAMPBELL PREPARES - Technicolor                                                                        ║
║     ● Looking carefully  Working on a British Pathé clip…                                                  ║
║                                                                                                            ║
║ ⓘ  Browser should open on its own.                                                                         ║
║                                                                                                            ║
║ Press Ctrl+C here to stop the app.                                                                         ║
╚════════════════════════════════════════════════════════════════════════════════════════════════════════════╝













[H[2J[3J╔════════════════════════════════════════════════════════════════════════════════════════════════════════════╗
║ ◆ ShtetlFrames  ●  live                                                                                    ║
║ Find old film that looks traditionally Orthodox                                                            ║
╟────────────────────────────────────────────────────────────────────────────────────────────────────────────╢
║ Browser  http://127.0.0.1:8787    Review  http://127.0.0.1:8787/review                                     ║
╟────────────────────────────────────────────────────────────────────────────────────────────────────────────╢
║ ⠋  Looking through British Pathé…                                                                          ║
║                                                                                                            ║
║  ░░░░░░░░░░░░░░░░░░░░░░░░░░░░░░░░░░░    0.0%  0/85,452                                                     ║
║                                                                                                            ║
║ checked 0   clips 0   failed 0   active 8                                                                  ║
║ session  27s                                                                                               ║
║                                                                                                            ║
║ Right now — cloud workers                                                                                  ║
║   ▸ Selected Originals - LIGHTNING AEROBATICS                                                              ║
║     ● Looking carefully  pod: submitting… (qrkc47e5ef5cz3-800…) · stack≤3                                  ║
║   ▸ BY AIR TO LUNCH                                                                                        ║
║     ● Looking carefully  pushing local still-handler to pod…                                               ║
║   ▸ RAILWAY STORY                                                                                          ║
║     ● Looking carefully  pod: submitting… (ccx0q1or3gwbky-800…) · stack≤3                                  ║
║   ▸ INSIDE THE GATES OF SOVIET RUSSIA                                                                      ║
║     ● Looking carefully  pushing local still-handler to pod…                                               ║
║   ▸ GALLICAN GYPSIES                                                                                       ║
║     ● Looking carefully  Working on a British Pathé clip…                                                  ║
║   ▸ BUILDING ISRAELI SETTLEMENT aka BIRTH OF A KIBBUTZ                                                     ║
║     ● Looking carefully  Working on a British Pathé clip…                                                  ║
║   ▸ FAMILY WITH PET DOGS                                                                                   ║
║     ● Looking carefully  Working on a British Pathé clip…                                                  ║
║   ▸ CAMPBELL PREPARES - Technicolor                                                                        ║
║     ● Looking carefully  Working on a British Pathé clip…                                                  ║
║                                                                                                            ║
║ ⓘ  Browser should open on its own.                                                                         ║
║                                                                                                            ║
║ Press Ctrl+C here to stop the app.                                                                         ║
╚════════════════════════════════════════════════════════════════════════════════════════════════════════════╝













[H[2J[3J╔════════════════════════════════════════════════════════════════════════════════════════════════════════════╗
║ ◆ ShtetlFrames  •  live                                                                                    ║
║ Find old film that looks traditionally Orthodox                                                            ║
╟────────────────────────────────────────────────────────────────────────────────────────────────────────────╢
║ Browser  http://127.0.0.1:8787    Review  http://127.0.0.1:8787/review                                     ║
╟────────────────────────────────────────────────────────────────────────────────────────────────────────────╢
║ ⠋  Looking through British Pathé…                                                                          ║
║                                                                                                            ║
║  ░░░░░░░░░░░░░░░░░░░░░░░░░░░░░░░░░░░    0.0%  0/85,452                                                     ║
║                                                                                                            ║
║ checked 0   clips 0   failed 0   active 8                                                                  ║
║ session  28s                                                                                               ║
║                                                                                                            ║
║ Right now — cloud workers                                                                                  ║
║   ▸ Selected Originals - LIGHTNING AEROBATICS                                                              ║
║     ● Looking carefully  pod accepted · polling result…                                                    ║
║   ▸ BY AIR TO LUNCH                                                                                        ║
║     ● Looking carefully  pod: submitting… (98y6qj8eprt23g-800…) · stack≤3                                  ║
║   ▸ RAILWAY STORY                                                                                          ║
║     ● Looking carefully  pod accepted · polling result…                                                    ║
║   ▸ INSIDE THE GATES OF SOVIET RUSSIA                                                                      ║
║     ● Looking carefully  pushing local still-handler to pod…                                               ║
║   ▸ GALLICAN GYPSIES                                                                                       ║
║     ● Looking carefully  Working on a British Pathé clip…                                                  ║
║   ▸ BUILDING ISRAELI SETTLEMENT aka BIRTH OF A KIBBUTZ                                                     ║
║     ● Looking carefully  Working on a British Pathé clip…                                                  ║
║   ▸ FAMILY WITH PET DOGS                                                                                   ║
║     ● Looking carefully  pushing local still-handler to pod…                                               ║
║   ▸ CAMPBELL PREPARES - Technicolor                                                                        ║
║     ● Looking carefully  Working on a British Pathé clip…                                                  ║
║                                                                                                            ║
║ ⓘ  Browser should open on its own.                                                                         ║
║                                                                                                            ║
║ Press Ctrl+C here to stop the app.                                                                         ║
╚════════════════════════════════════════════════════════════════════════════════════════════════════════════╝













[H[2J[3J╔════════════════════════════════════════════════════════════════════════════════════════════════════════════╗
║ ◆ ShtetlFrames  ·  live                                                                                    ║
║ Find old film that looks traditionally Orthodox                                                            ║
╟────────────────────────────────────────────────────────────────────────────────────────────────────────────╢
║ Browser  http://127.0.0.1:8787    Review  http://127.0.0.1:8787/review                                     ║
╟────────────────────────────────────────────────────────────────────────────────────────────────────────────╢
║ ⠋  Looking through British Pathé…                                                                          ║
║                                                                                                            ║
║  ░░░░░░░░░░░░░░░░░░░░░░░░░░░░░░░░░░░    0.0%  0/85,452                                                     ║
║                                                                                                            ║
║ checked 0   clips 0   failed 0   active 8                                                                  ║
║ session  29s                                                                                               ║
║                                                                                                            ║
║ Right now — cloud workers                                                                                  ║
║   ▸ Selected Originals - LIGHTNING AEROBATICS                                                              ║
║     ● Looking carefully  pod accepted · polling result…                                                    ║
║   ▸ BY AIR TO LUNCH                                                                                        ║
║     ● Looking carefully  pod: submitting… (98y6qj8eprt23g-800…) · stack≤3                                  ║
║   ▸ RAILWAY STORY                                                                                          ║
║     ● Looking carefully  pod accepted · polling result…                                                    ║
║   ▸ INSIDE THE GATES OF SOVIET RUSSIA                                                                      ║
║     ● Looking carefully  pod: submitting… (tucrt77knk4f09-800…) · stack≤3                                  ║
║   ▸ GALLICAN GYPSIES                                                                                       ║
║     ● Looking carefully  Working on a British Pathé clip…                                                  ║
║   ▸ BUILDING ISRAELI SETTLEMENT aka BIRTH OF A KIBBUTZ                                                     ║
║     ● Looking carefully  Working on a British Pathé clip…                                                  ║
║   ▸ FAMILY WITH PET DOGS                                                                                   ║
║     ● Looking carefully  pushing local still-handler to pod…                                               ║
║   ▸ CAMPBELL PREPARES - Technicolor                                                                        ║
║     ● Looking carefully  Working on a British Pathé clip…                                                  ║
║                                                                                                            ║
║ ⓘ  Browser should open on its own.                                                                         ║
║                                                                                                            ║
║ Press Ctrl+C here to stop the app.                                                                         ║
╚════════════════════════════════════════════════════════════════════════════════════════════════════════════╝













[H[2J[3J╔════════════════════════════════════════════════════════════════════════════════════════════════════════════╗
║ ◆ ShtetlFrames  •  live                                                                                    ║
║ Find old film that looks traditionally Orthodox                                                            ║
╟────────────────────────────────────────────────────────────────────────────────────────────────────────────╢
║ Browser  http://127.0.0.1:8787    Review  http://127.0.0.1:8787/review                                     ║
╟────────────────────────────────────────────────────────────────────────────────────────────────────────────╢
║ ⠙  Looking through British Pathé…                                                                          ║
║                                                                                                            ║
║  ░░░░░░░░░░░░░░░░░░░░░░░░░░░░░░░░░░░    0.0%  0/85,452                                                     ║
║                                                                                                            ║
║ checked 0   clips 0   failed 0   active 8                                                                  ║
║ session  30s                                                                                               ║
║                                                                                                            ║
║ Right now — cloud workers                                                                                  ║
║   ▸ Selected Originals - LIGHTNING AEROBATICS                                                              ║
║     ● Looking carefully  Getting the video…                                                                ║
║   ▸ BY AIR TO LUNCH                                                                                        ║
║     ● Looking carefully  pod accepted · polling result…                                                    ║
║   ▸ RAILWAY STORY                                                                                          ║
║     ● Looking carefully  Getting the video…                                                                ║
║   ▸ INSIDE THE GATES OF SOVIET RUSSIA                                                                      ║
║     ● Looking carefully  pod accepted · polling result…                                                    ║
║   ▸ GALLICAN GYPSIES                                                                                       ║
║     ● Looking carefully  pushing local still-handler to pod…                                               ║
║   ▸ BUILDING ISRAELI SETTLEMENT aka BIRTH OF A KIBBUTZ                                                     ║
║     ● Looking carefully  pushing local still-handler to pod…                                               ║
║   ▸ FAMILY WITH PET DOGS                                                                                   ║
║     ● Looking carefully  pod accepted · polling result…                                                    ║
║   ▸ CAMPBELL PREPARES - Technicolor                                                                        ║
║     ● Looking carefully  pod: submitting… (98y6qj8eprt23g-800…) · stack≤3                                  ║
║                                                                                                            ║
║ ⓘ  Browser should open on its own.                                                                         ║
║                                                                                                            ║
║ Press Ctrl+C here to stop the app.                                                                         ║
╚════════════════════════════════════════════════════════════════════════════════════════════════════════════╝













[shtetl] bg-fill: waiting for GPU pod · 12s · first boot installs deps (~5–15 min) · https://pyu2q2g6tc1e4r-8000.proxy.runpod.net
[shtetl] bg-fill: waiting for GPU pod · 12s · first boot installs deps (~5–15 min) · https://j2hil154bd9g0f-8000.proxy.runpod.net
[H[2J[3J╔════════════════════════════════════════════════════════════════════════════════════════════════════════════╗
║ ◆ ShtetlFrames  ●  live                                                                                    ║
║ Find old film that looks traditionally Orthodox                                                            ║
╟────────────────────────────────────────────────────────────────────────────────────────────────────────────╢
║ Browser  http://127.0.0.1:8787    Review  http://127.0.0.1:8787/review                                     ║
╟────────────────────────────────────────────────────────────────────────────────────────────────────────────╢
║ ⠙  Looking through British Pathé…                                                                          ║
║                                                                                                            ║
║  ░░░░░░░░░░░░░░░░░░░░░░░░░░░░░░░░░░░    0.0%  0/85,452                                                     ║
║                                                                                                            ║
║ checked 0   clips 0   failed 0   active 8                                                                  ║
║ session  31s                                                                                               ║
║                                                                                                            ║
║ Right now — cloud workers                                                                                  ║
║   ▸ Selected Originals - LIGHTNING AEROBATICS                                                              ║
║     ● Looking carefully  Getting the video…                                                                ║
║   ▸ BY AIR TO LUNCH                                                                                        ║
║     ● Looking carefully  Getting the video…                                                                ║
║   ▸ RAILWAY STORY                                                                                          ║
║     ● Looking carefully  Getting the video…                                                                ║
║   ▸ INSIDE THE GATES OF SOVIET RUSSIA                                                                      ║
║     ● Looking carefully  Getting the video…                                                                ║
║   ▸ GALLICAN GYPSIES                                                                                       ║
║     ● Looking carefully  pod accepted · polling result…                                                    ║
║   ▸ BUILDING ISRAELI SETTLEMENT aka BIRTH OF A KIBBUTZ                                                     ║
║     ● Looking carefully  pod: submitting… (pyu2q2g6tc1e4r-800…) · stack≤3                                  ║
║   ▸ FAMILY WITH PET DOGS                                                                                   ║
║     ● Looking carefully  pod accepted · polling result…                                                    ║
║   ▸ CAMPBELL PREPARES - Technicolor                                                                        ║
║     ● Looking carefully  pod accepted · polling result…                                                    ║
║                                                                                                            ║
║ ⓘ  Browser should open on its own.                                                                         ║
║                                                                                                            ║
║ Press Ctrl+C here to stop the app.                                                                         ║
╚════════════════════════════════════════════════════════════════════════════════════════════════════════════╝













[H[2J[3J╔════════════════════════════════════════════════════════════════════════════════════════════════════════════╗
║ ◆ ShtetlFrames  •  live                                                                                    ║
║ Find old film that looks traditionally Orthodox                                                            ║
╟────────────────────────────────────────────────────────────────────────────────────────────────────────────╢
║ Browser  http://127.0.0.1:8787    Review  http://127.0.0.1:8787/review                                     ║
╟────────────────────────────────────────────────────────────────────────────────────────────────────────────╢
║ ⠙  Looking through British Pathé…                                                                          ║
║                                                                                                            ║
║  ░░░░░░░░░░░░░░░░░░░░░░░░░░░░░░░░░░░    0.0%  0/85,452                                                     ║
║                                                                                                            ║
║ checked 0   clips 0   failed 0   active 8                                                                  ║
║ session  32s                                                                                               ║
║                                                                                                            ║
║ Right now — cloud workers                                                                                  ║
║   ▸ Selected Originals - LIGHTNING AEROBATICS                                                              ║
║     ● Looking carefully  Getting the video…                                                                ║
║   ▸ BY AIR TO LUNCH                                                                                        ║
║     ● Looking carefully  Getting the video…                                                                ║
║   ▸ RAILWAY STORY                                                                                          ║
║     ● Looking carefully  Getting the video…                                                                ║
║   ▸ INSIDE THE GATES OF SOVIET RUSSIA                                                                      ║
║     ● Looking carefully  Getting the video…                                                                ║
║   ▸ GALLICAN GYPSIES                                                                                       ║
║     ● Looking carefully  pod accepted · polling result…                                                    ║
║   ▸ BUILDING ISRAELI SETTLEMENT aka BIRTH OF A KIBBUTZ                                                     ║
║     ● Looking carefully  pod: submitting… (pyu2q2g6tc1e4r-800…) · stack≤3                                  ║
║   ▸ FAMILY WITH PET DOGS                                                                                   ║
║     ● Looking carefully  pod accepted · polling result…                                                    ║
║   ▸ CAMPBELL PREPARES - Technicolor                                                                        ║
║     ● Looking carefully  pod accepted · polling result…                                                    ║
║                                                                                                            ║
║ ⓘ  Browser should open on its own.                                                                         ║
║                                                                                                            ║
║ Press Ctrl+C here to stop the app.                                                                         ║
╚════════════════════════════════════════════════════════════════════════════════════════════════════════════╝













[shtetl] bg-fill: waiting for GPU pod · 14s · first boot installs deps (~5–15 min) · https://lc2g7ed3dw25ni-8000.proxy.runpod.net
[shtetl] bg-fill: waiting for GPU pod · 14s · first boot installs deps (~5–15 min) · https://qxlmd1bndi3vbf-8000.proxy.runpod.net
[shtetl] self-heal terminate pyu2q2g6tc1e… (http_404)
[H[2J[3J╔════════════════════════════════════════════════════════════════════════════════════════════════════════════╗
║ ◆ ShtetlFrames  ·  live                                                                                    ║
║ Find old film that looks traditionally Orthodox                                                            ║
╟────────────────────────────────────────────────────────────────────────────────────────────────────────────╢
║ Browser  http://127.0.0.1:8787    Review  http://127.0.0.1:8787/review                                     ║
╟────────────────────────────────────────────────────────────────────────────────────────────────────────────╢
║ ⠙  Looking through British Pathé…                                                                          ║
║                                                                                                            ║
║  ░░░░░░░░░░░░░░░░░░░░░░░░░░░░░░░░░░░    0.0%  0/85,452                                                     ║
║                                                                                                            ║
║ checked 0   clips 0   failed 0   active 8                                                                  ║
║ session  33s                                                                                               ║
║                                                                                                            ║
║ Right now — cloud workers                                                                                  ║
║   ▸ Selected Originals - LIGHTNING AEROBATICS                                                              ║
║     ● Looking carefully  █░░░░░░░░░  9.4% · 37.07MB · 1.56MB/s · ETA 00:22                                 ║
║   ▸ BY AIR TO LUNCH                                                                                        ║
║     ● Looking carefully  Getting the video…                                                                ║
║   ▸ RAILWAY STORY                                                                                          ║
║     ● Looking carefully  █▎░░░░░░░░  11.4% · 24.90MB · 1.86MB/s · ETA 00:09                                ║
║   ▸ INSIDE THE GATES OF SOVIET RUSSIA                                                                      ║
║     ● Looking carefully  Getting the video…                                                                ║
║   ▸ GALLICAN GYPSIES                                                                                       ║
║     ● Looking carefully  pod accepted · polling result…                                                    ║
║   ▸ BUILDING ISRAELI SETTLEMENT aka BIRTH OF A KIBBUTZ                                                     ║
║     ● Looking carefully  Retrying on the cloud computer…                                                   ║
║   ▸ FAMILY WITH PET DOGS                                                                                   ║
║     ● Looking carefully  Getting the video…                                                                ║
║   ▸ CAMPBELL PREPARES - Technicolor                                                                        ║
║     ● Looking carefully  Getting the video…                                                                ║
║                                                                                                            ║
║ ⓘ  Browser should open on its own.                                                                         ║
║                                                                                                            ║
║ Press Ctrl+C here to stop the app.                                                                         ║
╚════════════════════════════════════════════════════════════════════════════════════════════════════════════╝













[H[2J[3J╔════════════════════════════════════════════════════════════════════════════════════════════════════════════╗
║ ◆ ShtetlFrames  •  live                                                                                    ║
║ Find old film that looks traditionally Orthodox                                                            ║
╟────────────────────────────────────────────────────────────────────────────────────────────────────────────╢
║ Browser  http://127.0.0.1:8787    Review  http://127.0.0.1:8787/review                                     ║
╟────────────────────────────────────────────────────────────────────────────────────────────────────────────╢
║ ⠙  Looking through British Pathé…                                                                          ║
║                                                                                                            ║
║  ░░░░░░░░░░░░░░░░░░░░░░░░░░░░░░░░░░░    0.0%  0/85,452                                                     ║
║                                                                                                            ║
║ checked 0   clips 0   failed 0   active 8                                                                  ║
║ session  34s                                                                                               ║
║                                                                                                            ║
║ Right now — cloud workers                                                                                  ║
║   ▸ Selected Originals - LIGHTNING AEROBATICS                                                              ║
║     ● Looking carefully  █░░░░░░░░░  9.4% · 37.07MB · 1.56MB/s · ETA 00:22                                 ║
║   ▸ BY AIR TO LUNCH                                                                                        ║
║     ● Looking carefully  Getting the video…                                                                ║
║   ▸ RAILWAY STORY                                                                                          ║
║     ● Looking carefully  █▎░░░░░░░░  11.4% · 24.90MB · 1.86MB/s · ETA 00:09                                ║
║   ▸ INSIDE THE GATES OF SOVIET RUSSIA                                                                      ║
║     ● Looking carefully  Getting the video…                                                                ║
║   ▸ GALLICAN GYPSIES                                                                                       ║
║     ● Looking carefully  Getting the video…                                                                ║
║   ▸ BUILDING ISRAELI SETTLEMENT aka BIRTH OF A KIBBUTZ                                                     ║
║     ● Looking carefully  Retrying on the cloud computer…                                                   ║
║   ▸ FAMILY WITH PET DOGS                                                                                   ║
║     ● Looking carefully  Getting the video…                                                                ║
║   ▸ CAMPBELL PREPARES - Technicolor                                                                        ║
║     ● Looking carefully  Getting the video…                                                                ║
║                                                                                                            ║
║ ⓘ  Browser should open on its own.                                                                         ║
║                                                                                                            ║
║ Press Ctrl+C here to stop the app.                                                                         ║
╚════════════════════════════════════════════════════════════════════════════════════════════════════════════╝













[H[2J[3J╔════════════════════════════════════════════════════════════════════════════════════════════════════════════╗
║ ◆ ShtetlFrames  ●  live                                                                                    ║
║ Find old film that looks traditionally Orthodox                                                            ║
╟────────────────────────────────────────────────────────────────────────────────────────────────────────────╢
║ Browser  http://127.0.0.1:8787    Review  http://127.0.0.1:8787/review                                     ║
╟────────────────────────────────────────────────────────────────────────────────────────────────────────────╢
║ ⠙  Looking through British Pathé…                                                                          ║
║                                                                                                            ║
║  ░░░░░░░░░░░░░░░░░░░░░░░░░░░░░░░░░░░    0.0%  0/85,452                                                     ║
║                                                                                                            ║
║ checked 0   clips 0   failed 0   active 8                                                                  ║
║ session  35s                                                                                               ║
║                                                                                                            ║
║ Right now — cloud workers                                                                                  ║
║   ▸ Selected Originals - LIGHTNING AEROBATICS                                                              ║
║     ● Looking carefully  ██▉░░░░░░░  28.6% · 30.00MB · 1.91MB/s · ETA 00:13                                ║
║   ▸ BY AIR TO LUNCH                                                                                        ║
║     ● Looking carefully  Downloading Pathé preview (HLS)…                                                  ║
║   ▸ RAILWAY STORY                                                                                          ║
║     ● Looking carefully  █▎░░░░░░░░  11.4% · 24.90MB · 1.86MB/s · ETA 00:09                                ║
║   ▸ INSIDE THE GATES OF SOVIET RUSSIA                                                                      ║
║     ● Looking carefully  █▎░░░░░░░░  11.5% · 17.52MB · 823.03KB/s · ETA 00:15                              ║
║   ▸ GALLICAN GYPSIES                                                                                       ║
║     ● Looking carefully  Getting the video…                                                                ║
║   ▸ BUILDING ISRAELI SETTLEMENT aka BIRTH OF A KIBBUTZ                                                     ║
║     ● Looking carefully  Retrying on the cloud computer…                                                   ║
║   ▸ FAMILY WITH PET DOGS                                                                                   ║
║     ● Looking carefully  Getting the video…                                                                ║
║   ▸ CAMPBELL PREPARES - Technicolor                                                                        ║
║     ● Looking carefully  Getting the video…                                                                ║
║                                                                                                            ║
║ ⓘ  Browser should open on its own.                                                                         ║
║                                                                                                            ║
║ Press Ctrl+C here to stop the app.                                                                         ║
╚════════════════════════════════════════════════════════════════════════════════════════════════════════════╝













[H[2J[3J╔════════════════════════════════════════════════════════════════════════════════════════════════════════════╗
║ ◆ ShtetlFrames  •  live                                                                                    ║
║ Find old film that looks traditionally Orthodox                                                            ║
╟────────────────────────────────────────────────────────────────────────────────────────────────────────────╢
║ Browser  http://127.0.0.1:8787    Review  http://127.0.0.1:8787/review                                     ║
╟────────────────────────────────────────────────────────────────────────────────────────────────────────────╢
║ ⠹  Looking through British Pathé…                                                                          ║
║                                                                                                            ║
║  ░░░░░░░░░░░░░░░░░░░░░░░░░░░░░░░░░░░    0.0%  0/85,452                                                     ║
║                                                                                                            ║
║ checked 0   clips 0   failed 0   active 8                                                                  ║
║ session  36s                                                                                               ║
║                                                                                                            ║
║ Right now — cloud workers                                                                                  ║
║   ▸ Selected Originals - LIGHTNING AEROBATICS                                                              ║
║     ● Looking carefully  ██▉░░░░░░░  28.6% · 30.00MB · 1.91MB/s · ETA 00:13                                ║
║   ▸ BY AIR TO LUNCH                                                                                        ║
║     ● Looking carefully  Downloading Pathé preview (HLS)…                                                  ║
║   ▸ RAILWAY STORY                                                                                          ║
║     ● Looking carefully  ████▎░░░░░  41.4% · 23.44MB · 2.49MB/s · ETA 00:06                                ║
║   ▸ INSIDE THE GATES OF SOVIET RUSSIA                                                                      ║
║     ● Looking carefully  █▎░░░░░░░░  11.5% · 17.52MB · 823.03KB/s · ETA 00:15                              ║
║   ▸ GALLICAN GYPSIES                                                                                       ║
║     ● Looking carefully  ██▋░░░░░░░  25.9% · 9.14MB · 2.12MB/s                                             ║
║   ▸ BUILDING ISRAELI SETTLEMENT aka BIRTH OF A KIBBUTZ                                                     ║
║     ● Looking carefully  pushing local still-handler to pod…                                               ║
║   ▸ FAMILY WITH PET DOGS                                                                                   ║
║     ● Looking carefully  █████████▏  90.6% · 8.71MB · 3.25MB/s · ETA 00:01                                 ║
║   ▸ CAMPBELL PREPARES - Technicolor                                                                        ║
║     ● Looking carefully  █▌░░░░░░░░  14.5% · 12.65MB · 1.16MB/s · ETA 00:06                                ║
║                                                                                                            ║
║ ⓘ  Browser should open on its own.                                                                         ║
║                                                                                                            ║
║ Press Ctrl+C here to stop the app.                                                                         ║
╚════════════════════════════════════════════════════════════════════════════════════════════════════════════╝













[shtetl] bg-fill: waiting for GPU pod · 18s · first boot installs deps (~5–15 min) · https://j2hil154bd9g0f-8000.proxy.runpod.net
[H[2J[3J╔════════════════════════════════════════════════════════════════════════════════════════════════════════════╗
║ ◆ ShtetlFrames  ·  live                                                                                    ║
║ Find old film that looks traditionally Orthodox                                                            ║
╟────────────────────────────────────────────────────────────────────────────────────────────────────────────╢
║ Browser  http://127.0.0.1:8787    Review  http://127.0.0.1:8787/review                                     ║
╟────────────────────────────────────────────────────────────────────────────────────────────────────────────╢
║ ⠹  Looking through British Pathé…                                                                          ║
║                                                                                                            ║
║  ░░░░░░░░░░░░░░░░░░░░░░░░░░░░░░░░░░░    0.0%  0/85,452                                                     ║
║                                                                                                            ║
║ checked 0   clips 0   failed 0   active 8                                                                  ║
║ session  37s                                                                                               ║
║                                                                                                            ║
║ Right now — cloud workers                                                                                  ║
║   ▸ Selected Originals - LIGHTNING AEROBATICS                                                              ║
║     ● Looking carefully  ██▉░░░░░░░  28.6% · 30.00MB · 1.91MB/s · ETA 00:13                                ║
║   ▸ BY AIR TO LUNCH                                                                                        ║
║     ● Looking carefully  Downloading Pathé preview (HLS)…                                                  ║
║   ▸ RAILWAY STORY                                                                                          ║
║     ● Looking carefully  ████▎░░░░░  41.4% · 23.44MB · 2.49MB/s · ETA 00:06                                ║
║   ▸ INSIDE THE GATES OF SOVIET RUSSIA                                                                      ║
║     ● Looking carefully  █▎░░░░░░░░  11.5% · 17.52MB · 823.03KB/s · ETA 00:15                              ║
║   ▸ GALLICAN GYPSIES                                                                                       ║
║     ● Looking carefully  ██▋░░░░░░░  25.9% · 9.14MB · 2.12MB/s                                             ║
║   ▸ BUILDING ISRAELI SETTLEMENT aka BIRTH OF A KIBBUTZ                                                     ║
║     ● Looking carefully  pushing local still-handler to pod…                                               ║
║   ▸ FAMILY WITH PET DOGS                                                                                   ║
║     ● Looking carefully  █████████▏  90.6% · 8.71MB · 3.25MB/s · ETA 00:01                                 ║
║   ▸ CAMPBELL PREPARES - Technicolor                                                                        ║
║     ● Looking carefully  █▌░░░░░░░░  14.5% · 12.65MB · 1.16MB/s · ETA 00:06                                ║
║                                                                                                            ║
║ ⓘ  Browser should open on its own.                                                                         ║
║                                                                                                            ║
║ Press Ctrl+C here to stop the app.                                                                         ║
╚════════════════════════════════════════════════════════════════════════════════════════════════════════════╝













[H[2J[3J╔════════════════════════════════════════════════════════════════════════════════════════════════════════════╗
║ ◆ ShtetlFrames  •  live                                                                                    ║
║ Find old film that looks traditionally Orthodox                                                            ║
╟────────────────────────────────────────────────────────────────────────────────────────────────────────────╢
║ Browser  http://127.0.0.1:8787    Review  http://127.0.0.1:8787/review                                     ║
╟────────────────────────────────────────────────────────────────────────────────────────────────────────────╢
║ ⠹  Looking through British Pathé…                                                                          ║
║                                                                                                            ║
║  ░░░░░░░░░░░░░░░░░░░░░░░░░░░░░░░░░░░    0.0%  0/85,452                                                     ║
║                                                                                                            ║
║ checked 0   clips 0   failed 0   active 8                                                                  ║
║ session  38s                                                                                               ║
║                                                                                                            ║
║ Right now — cloud workers                                                                                  ║
║   ▸ Selected Originals - LIGHTNING AEROBATICS                                                              ║
║     ● Looking carefully  ██▉░░░░░░░  28.6% · 30.00MB · 1.91MB/s · ETA 00:13                                ║
║   ▸ BY AIR TO LUNCH                                                                                        ║
║     ● Looking carefully  ██████████  100% · 4.64MB · 2.31MB/s                                              ║
║   ▸ RAILWAY STORY                                                                                          ║
║     ● Looking carefully  ███████▎░░  72.2% · 24.51MB · 2.88MB/s · ETA 00:03                                ║
║   ▸ INSIDE THE GATES OF SOVIET RUSSIA                                                                      ║
║     ● Looking carefully  ████▌░░░░░  44.5% · 21.91MB · 2.53MB/s · ETA 00:06                                ║
║   ▸ GALLICAN GYPSIES                                                                                       ║
║     ● Looking carefully  ██▋░░░░░░░  25.9% · 9.14MB · 2.12MB/s                                             ║
║   ▸ BUILDING ISRAELI SETTLEMENT aka BIRTH OF A KIBBUTZ                                                     ║
║     ● Looking carefully  pod: submitting… (ccx0q1or3gwbky-800…) · stack≤2 · try 2/8                        ║
║   ▸ FAMILY WITH PET DOGS                                                                                   ║
║     ● Looking carefully  █████████▏  90.6% · 8.71MB · 3.25MB/s · ETA 00:01                                 ║
║   ▸ CAMPBELL PREPARES - Technicolor                                                                        ║
║     ● Looking carefully  █▌░░░░░░░░  14.5% · 12.65MB · 1.16MB/s · ETA 00:06                                ║
║                                                                                                            ║
║ ⓘ  Browser should open on its own.                                                                         ║
║                                                                                                            ║
║ Press Ctrl+C here to stop the app.                                                                         ║
╚════════════════════════════════════════════════════════════════════════════════════════════════════════════╝













[shtetl] bg-fill: waiting for GPU pod · 20s · first boot installs deps (~5–15 min) · https://pyu2q2g6tc1e4r-8000.proxy.runpod.net
[shtetl] bg-fill: waiting for GPU pod · 21s · first boot installs deps (~5–15 min) · https://qxlmd1bndi3vbf-8000.proxy.runpod.net
[H[2J[3J╔════════════════════════════════════════════════════════════════════════════════════════════════════════════╗
║ ◆ ShtetlFrames  ●  live                                                                                    ║
║ Find old film that looks traditionally Orthodox                                                            ║
╟────────────────────────────────────────────────────────────────────────────────────────────────────────────╢
║ Browser  http://127.0.0.1:8787    Review  http://127.0.0.1:8787/review                                     ║
╟────────────────────────────────────────────────────────────────────────────────────────────────────────────╢
║ ⠹  Looking through British Pathé…                                                                          ║
║                                                                                                            ║
║  ░░░░░░░░░░░░░░░░░░░░░░░░░░░░░░░░░░░    0.0%  0/85,452                                                     ║
║                                                                                                            ║
║ checked 0   clips 0   failed 0   active 8                                                                  ║
║ session  39s                                                                                               ║
║                                                                                                            ║
║ Right now — cloud workers                                                                                  ║
║   ▸ Selected Originals - LIGHTNING AEROBATICS                                                              ║
║     ● Looking carefully  █████▏░░░░  50.4% · 29.21MB · 2.10MB/s · ETA 00:08                                ║
║   ▸ BY AIR TO LUNCH                                                                                        ║
║     ● Looking carefully  ██████████  100% · 4.64MB · 2.31MB/s                                              ║
║   ▸ RAILWAY STORY                                                                                          ║
║     ● Looking carefully  ███████▎░░  72.2% · 24.51MB · 2.88MB/s · ETA 00:03                                ║
║   ▸ INSIDE THE GATES OF SOVIET RUSSIA                                                                      ║
║     ● Looking carefully  ████▌░░░░░  44.5% · 21.91MB · 2.53MB/s · ETA 00:06                                ║
║   ▸ GALLICAN GYPSIES                                                                                       ║
║     ● Looking carefully   ░░░░░░░░░  Watching frames · 0s / 61s · 0 hits                                   ║
║   ▸ BUILDING ISRAELI SETTLEMENT aka BIRTH OF A KIBBUTZ                                                     ║
║     ● Looking carefully  pod accepted · polling result…                                                    ║
║   ▸ FAMILY WITH PET DOGS                                                                                   ║
║     ● Looking carefully  ██▎░░░░░░░  Watching frames · 16s / 72s · 0 hits                                  ║
║   ▸ CAMPBELL PREPARES - Technicolor                                                                        ║
║     ● Looking carefully  ██████▋░░░  65% · 11.57MB · 2.03MB/s · ETA 00:03                                  ║
║                                                                                                            ║
║ ⓘ  Browser should open on its own.                                                                         ║
║                                                                                                            ║
║ Press Ctrl+C here to stop the app.                                                                         ║
╚════════════════════════════════════════════════════════════════════════════════════════════════════════════╝













[shtetl] bg-fill: waiting for GPU pod · 22s · first boot installs deps (~5–15 min) · https://lc2g7ed3dw25ni-8000.proxy.runpod.net
[H[2J[3J╔════════════════════════════════════════════════════════════════════════════════════════════════════════════╗
║ ◆ ShtetlFrames  •  live                                                                                    ║
║ Find old film that looks traditionally Orthodox                                                            ║
╟────────────────────────────────────────────────────────────────────────────────────────────────────────────╢
║ Browser  http://127.0.0.1:8787    Review  http://127.0.0.1:8787/review                                     ║
╟────────────────────────────────────────────────────────────────────────────────────────────────────────────╢
║ ⠹  Looking through British Pathé…                                                                          ║
║                                                                                                            ║
║  ░░░░░░░░░░░░░░░░░░░░░░░░░░░░░░░░░░░    0.0%  0/85,452                                                     ║
║                                                                                                            ║
║ checked 0   clips 0   failed 0   active 8                                                                  ║
║ session  40s                                                                                               ║
║                                                                                                            ║
║ Right now — cloud workers                                                                                  ║
║   ▸ Selected Originals - LIGHTNING AEROBATICS                                                              ║
║     ● Looking carefully  █████▏░░░░  50.4% · 29.21MB · 2.10MB/s · ETA 00:08                                ║
║   ▸ BY AIR TO LUNCH                                                                                        ║
║     ● Looking carefully  ██████████  100% · 4.64MB · 2.31MB/s                                              ║
║   ▸ RAILWAY STORY                                                                                          ║
║     ● Looking carefully  ███████▎░░  72.2% · 24.51MB · 2.88MB/s · ETA 00:03                                ║
║   ▸ INSIDE THE GATES OF SOVIET RUSSIA                                                                      ║
║     ● Looking carefully  ████▌░░░░░  44.5% · 21.91MB · 2.53MB/s · ETA 00:06                                ║
║   ▸ GALLICAN GYPSIES                                                                                       ║
║     ● Looking carefully   ░░░░░░░░░  Watching frames · 0s / 61s · 0 hits                                   ║
║   ▸ BUILDING ISRAELI SETTLEMENT aka BIRTH OF A KIBBUTZ                                                     ║
║     ● Looking carefully  pod accepted · polling result…                                                    ║
║   ▸ FAMILY WITH PET DOGS                                                                                   ║
║     ● Looking carefully  ██▎░░░░░░░  Watching frames · 16s / 72s · 0 hits                                  ║
║   ▸ CAMPBELL PREPARES - Technicolor                                                                        ║
║     ● Looking carefully  ██████▋░░░  65% · 11.57MB · 2.03MB/s · ETA 00:03                                  ║
║                                                                                                            ║
║ ⓘ  Browser should open on its own.                                                                         ║
║                                                                                                            ║
║ Press Ctrl+C here to stop the app.                                                                         ║
╚════════════════════════════════════════════════════════════════════════════════════════════════════════════╝













[H[2J[3J╔════════════════════════════════════════════════════════════════════════════════════════════════════════════╗
║ ◆ ShtetlFrames  ·  live                                                                                    ║
║ Find old film that looks traditionally Orthodox                                                            ║
╟────────────────────────────────────────────────────────────────────────────────────────────────────────────╢
║ Browser  http://127.0.0.1:8787    Review  http://127.0.0.1:8787/review                                     ║
╟────────────────────────────────────────────────────────────────────────────────────────────────────────────╢
║ ⠹  Looking through British Pathé…                                                                          ║
║                                                                                                            ║
║  ░░░░░░░░░░░░░░░░░░░░░░░░░░░░░░░░░░░    0.0%  0/85,452                                                     ║
║                                                                                                            ║
║ checked 0   clips 0   failed 0   active 8                                                                  ║
║ session  41s                                                                                               ║
║                                                                                                            ║
║ Right now — cloud workers                                                                                  ║
║   ▸ Selected Originals - LIGHTNING AEROBATICS                                                              ║
║     ● Looking carefully  ██████▉░░░  67.7% · 27.96MB · 1.76MB/s · ETA 00:05                                ║
║   ▸ BY AIR TO LUNCH                                                                                        ║
║     ● Looking carefully  ████████▌░  Watching frames · 35s / 42s · 0 hits                                  ║
║   ▸ RAILWAY STORY                                                                                          ║
║     ● Looking carefully  ██████████  100% · 23.47MB · 2.52MB/s                                             ║
║   ▸ INSIDE THE GATES OF SOVIET RUSSIA                                                                      ║
║     ● Looking carefully  ███████░░░  69.6% · 22.09MB · 2.50MB/s · ETA 00:03                                ║
║   ▸ GALLICAN GYPSIES                                                                                       ║
║     ● Looking carefully   ░░░░░░░░░  Watching frames · 0s / 61s · 0 hits                                   ║
║   ▸ BUILDING ISRAELI SETTLEMENT aka BIRTH OF A KIBBUTZ                                                     ║
║     ● Looking carefully  Getting the video…                                                                ║
║   ▸ FAMILY WITH PET DOGS                                                                                   ║
║     ● Looking carefully  ██▎░░░░░░░  Watching frames · 16s / 72s · 0 hits                                  ║
║   ▸ CAMPBELL PREPARES - Technicolor                                                                        ║
║     ● Looking carefully  ██████▋░░░  65% · 11.57MB · 2.03MB/s · ETA 00:03                                  ║
║                                                                                                            ║
║ ⓘ  Browser should open on its own.                                                                         ║
║                                                                                                            ║
║ Press Ctrl+C here to stop the app.                                                                         ║
╚════════════════════════════════════════════════════════════════════════════════════════════════════════════╝













[shtetl] bg-fill: waiting for GPU pod · 24s · first boot installs deps (~5–15 min) · https://j2hil154bd9g0f-8000.proxy.runpod.net
[H[2J[3J╔════════════════════════════════════════════════════════════════════════════════════════════════════════════╗
║ ◆ ShtetlFrames  •  live                                                                                    ║
║ Find old film that looks traditionally Orthodox                                                            ║
╟────────────────────────────────────────────────────────────────────────────────────────────────────────────╢
║ Browser  http://127.0.0.1:8787    Review  http://127.0.0.1:8787/review                                     ║
╟────────────────────────────────────────────────────────────────────────────────────────────────────────────╢
║ ⠹  Looking through British Pathé…                                                                          ║
║                                                                                                            ║
║  ░░░░░░░░░░░░░░░░░░░░░░░░░░░░░░░░░░░    0.0%  0/85,452                                                     ║
║                                                                                                            ║
║ checked 0   clips 0   failed 0   active 8                                                                  ║
║ session  42s                                                                                               ║
║                                                                                                            ║
║ Right now — cloud workers                                                                                  ║
║   ▸ Selected Originals - LIGHTNING AEROBATICS                                                              ║
║     ● Looking carefully  ██████▉░░░  67.7% · 27.96MB · 1.76MB/s · ETA 00:05                                ║
║   ▸ RAILWAY STORY                                                                                          ║
║     ● Looking carefully  ██████████  100% · 23.47MB · 2.52MB/s                                             ║
║   ▸ INSIDE THE GATES OF SOVIET RUSSIA                                                                      ║
║     ● Looking carefully  ███████░░░  69.6% · 22.09MB · 2.50MB/s · ETA 00:03                                ║
║   ▸ GALLICAN GYPSIES                                                                                       ║
║     ● Looking carefully  ███▍░░░░░░  Watching frames · 20s / 61s · 0 hits                                  ║
║   ▸ BUILDING ISRAELI SETTLEMENT aka BIRTH OF A KIBBUTZ                                                     ║
║     ● Looking carefully  Getting the video…                                                                ║
║   ▸ FAMILY WITH PET DOGS                                                                                   ║
║     ● Looking carefully  ██████████  100%                                                                  ║
║   ▸ CAMPBELL PREPARES - Technicolor                                                                        ║
║     ● Looking carefully  █████████▋  96.1% · 10.62MB · 1.14MB/s · ETA 00:01                                ║
║   ▸ PRES. KENNEDY                                                                                          ║
║     ● Looking carefully  ██▊░░░░░░░  27.3% · 25.01MB · 921.42KB/s · ETA 00:19                              ║
║                                                                                                            ║
║ ⓘ  Browser should open on its own.                                                                         ║
║                                                                                                            ║
║ Press Ctrl+C here to stop the app.                                                                         ║
╚════════════════════════════════════════════════════════════════════════════════════════════════════════════╝













[H[2J[3J╔════════════════════════════════════════════════════════════════════════════════════════════════════════════╗
║ ◆ ShtetlFrames  ●  live                                                                                    ║
║ Find old film that looks traditionally Orthodox                                                            ║
╟────────────────────────────────────────────────────────────────────────────────────────────────────────────╢
║ Browser  http://127.0.0.1:8787    Review  http://127.0.0.1:8787/review                                     ║
╟────────────────────────────────────────────────────────────────────────────────────────────────────────────╢
║ ⠹  Looking through British Pathé…                                                                          ║
║                                                                                                            ║
║  ░░░░░░░░░░░░░░░░░░░░░░░░░░░░░░░░░░░    0.0%  0/85,452                                                     ║
║                                                                                                            ║
║ checked 0   clips 0   failed 0   active 8                                                                  ║
║ session  43s                                                                                               ║
║                                                                                                            ║
║ Right now — cloud workers                                                                                  ║
║   ▸ Selected Originals - LIGHTNING AEROBATICS                                                              ║
║     ● Looking carefully  ██████▉░░░  67.7% · 27.96MB · 1.76MB/s · ETA 00:05                                ║
║   ▸ RAILWAY STORY                                                                                          ║
║     ● Looking carefully  ██████████  100% · 23.47MB · 2.52MB/s                                             ║
║   ▸ INSIDE THE GATES OF SOVIET RUSSIA                                                                      ║
║     ● Looking carefully  ████████▋░  85.8% · 22.20MB · 1.22MB/s · ETA 00:03                                ║
║   ▸ GALLICAN GYPSIES                                                                                       ║
║     ● Looking carefully  ███▍░░░░░░  Watching frames · 20s / 61s · 0 hits                                  ║
║   ▸ BUILDING ISRAELI SETTLEMENT aka BIRTH OF A KIBBUTZ                                                     ║
║     ● Looking carefully  Getting the video…                                                                ║
║   ▸ FAMILY WITH PET DOGS                                                                                   ║
║     ● Looking carefully  ██████████  100%                                                                  ║
║   ▸ CAMPBELL PREPARES - Technicolor                                                                        ║
║     ● Looking carefully  █████████▋  96.1% · 10.62MB · 1.14MB/s · ETA 00:01                                ║
║   ▸ PRES. KENNEDY                                                                                          ║
║     ● Looking carefully  ██▊░░░░░░░  27.3% · 25.01MB · 921.42KB/s · ETA 00:19                              ║
║                                                                                                            ║
║ ⓘ  Browser should open on its own.                                                                         ║
║                                                                                                            ║
║ Press Ctrl+C here to stop the app.                                                                         ║
╚════════════════════════════════════════════════════════════════════════════════════════════════════════════╝













[shtetl] bg-fill: waiting for GPU pod · 25s · first boot installs deps (~5–15 min) · https://pyu2q2g6tc1e4r-8000.proxy.runpod.net
[H[2J[3J╔════════════════════════════════════════════════════════════════════════════════════════════════════════════╗
║ ◆ ShtetlFrames  •  live                                                                                    ║
║ Find old film that looks traditionally Orthodox                                                            ║
╟────────────────────────────────────────────────────────────────────────────────────────────────────────────╢
║ Browser  http://127.0.0.1:8787    Review  http://127.0.0.1:8787/review                                     ║
╟────────────────────────────────────────────────────────────────────────────────────────────────────────────╢
║ ⠹  Looking through British Pathé…                                                                          ║
║                                                                                                            ║
║  ░░░░░░░░░░░░░░░░░░░░░░░░░░░░░░░░░░░    0.0%  0/85,452                                                     ║
║                                                                                                            ║
║ checked 0   clips 0   failed 0   active 8                                                                  ║
║ session  44s                                                                                               ║
║                                                                                                            ║
║ Right now — cloud workers                                                                                  ║
║   ▸ Selected Originals - LIGHTNING AEROBATICS                                                              ║
║     ● Looking carefully  ████████▋░  85% · 26.55MB · 1.43MB/s · ETA 00:04                                  ║
║   ▸ RAILWAY STORY                                                                                          ║
║     ● Looking carefully  ██████████  100% · 23.47MB · 2.52MB/s                                             ║
║   ▸ INSIDE THE GATES OF SOVIET RUSSIA                                                                      ║
║     ● Looking carefully  ████████▋░  85.8% · 22.20MB · 1.22MB/s · ETA 00:03                                ║
║   ▸ GALLICAN GYPSIES                                                                                       ║
║     ● Looking carefully  ███▍░░░░░░  Watching frames · 20s / 61s · 0 hits                                  ║
║   ▸ BUILDING ISRAELI SETTLEMENT aka BIRTH OF A KIBBUTZ                                                     ║
║     ● Looking carefully  ▉░░░░░░░░░  7.6% · 28.75MB · 1.57MB/s · ETA 00:13                                 ║
║   ▸ FAMILY WITH PET DOGS                                                                                   ║
║     ● Looking carefully  ██████████  100%                                                                  ║
║   ▸ CAMPBELL PREPARES - Technicolor                                                                        ║
║     ● Looking carefully  █████████▋  96.1% · 10.62MB · 1.14MB/s · ETA 00:01                                ║
║   ▸ PRES. KENNEDY                                                                                          ║
║     ● Looking carefully  ██▊░░░░░░░  27.3% · 25.01MB · 921.42KB/s · ETA 00:19                              ║
║                                                                                                            ║
║ ⓘ  Browser should open on its own.                                                                         ║
║                                                                                                            ║
║ Press Ctrl+C here to stop the app.                                                                         ║
╚════════════════════════════════════════════════════════════════════════════════════════════════════════════╝













[shtetl] bg-fill: waiting for GPU pod · 26s · first boot installs deps (~5–15 min) · https://qxlmd1bndi3vbf-8000.proxy.runpod.net
[H[2J[3J╔════════════════════════════════════════════════════════════════════════════════════════════════════════════╗
║ ◆ ShtetlFrames  ·  live                                                                                    ║
║ Find old film that looks traditionally Orthodox                                                            ║
╟────────────────────────────────────────────────────────────────────────────────────────────────────────────╢
║ Browser  http://127.0.0.1:8787    Review  http://127.0.0.1:8787/review                                     ║
╟────────────────────────────────────────────────────────────────────────────────────────────────────────────╢
║ ⠸  Looking through British Pathé…                                                                          ║
║                                                                                                            ║
║  ░░░░░░░░░░░░░░░░░░░░░░░░░░░░░░░░░░░    0.0%  0/85,452                                                     ║
║                                                                                                            ║
║ checked 0   clips 0   failed 0   active 8                                                                  ║
║ session  45s                                                                                               ║
║                                                                                                            ║
║ Right now — cloud workers                                                                                  ║
║   ▸ Selected Originals - LIGHTNING AEROBATICS                                                              ║
║     ● Looking carefully  ████████▋░  85% · 26.55MB · 1.43MB/s · ETA 00:04                                  ║
║   ▸ RAILWAY STORY                                                                                          ║
║     ● Looking carefully  ██████████  100% · 23.47MB · 2.52MB/s                                             ║
║   ▸ INSIDE THE GATES OF SOVIET RUSSIA                                                                      ║
║     ● Looking carefully  ████████▋░  85.8% · 22.20MB · 1.22MB/s · ETA 00:03                                ║
║   ▸ GALLICAN GYPSIES                                                                                       ║
║     ● Looking carefully  ███▍░░░░░░  33.3%                                                                 ║
║   ▸ BUILDING ISRAELI SETTLEMENT aka BIRTH OF A KIBBUTZ                                                     ║
║     ● Looking carefully  ▉░░░░░░░░░  7.6% · 28.75MB · 1.57MB/s · ETA 00:13                                 ║
║   ▸ FAMILY WITH PET DOGS                                                                                   ║
║     ● Looking carefully  pod done · 16s · 0 hits                                                           ║
║   ▸ CAMPBELL PREPARES - Technicolor                                                                        ║
║     ● Looking carefully  ██▎░░░░░░░  Watching frames · 35s / 166s · 0 hits                                 ║
║   ▸ PRES. KENNEDY                                                                                          ║
║     ● Looking carefully  ████░░░░░░  38.8% · 21.48MB · 849.94KB/s · ETA 00:17                              ║
║                                                                                                            ║
║ ⓘ  Browser should open on its own.                                                                         ║
║                                                                                                            ║
║ Press Ctrl+C here to stop the app.                                                                         ║
╚════════════════════════════════════════════════════════════════════════════════════════════════════════════╝













[shtetl] bg-fill: waiting for GPU pod · 27s · first boot installs deps (~5–15 min) · https://lc2g7ed3dw25ni-8000.proxy.runpod.net
[H[2J[3J╔════════════════════════════════════════════════════════════════════════════════════════════════════════════╗
║ ◆ ShtetlFrames  ·  live                                                                                    ║
║ Find old film that looks traditionally Orthodox                                                            ║
╟────────────────────────────────────────────────────────────────────────────────────────────────────────────╢
║ Browser  http://127.0.0.1:8787    Review  http://127.0.0.1:8787/review                                     ║
╟────────────────────────────────────────────────────────────────────────────────────────────────────────────╢
║ ⠸  Looking through British Pathé…                                                                          ║
║                                                                                                            ║
║  ░░░░░░░░░░░░░░░░░░░░░░░░░░░░░░░░░░░    0.0%  0/85,452                                                     ║
║                                                                                                            ║
║ checked 0   clips 0   failed 0   active 8                                                                  ║
║ session  46s                                                                                               ║
║                                                                                                            ║
║ Right now — cloud workers                                                                                  ║
║   ▸ Selected Originals - LIGHTNING AEROBATICS                                                              ║
║     ● Looking carefully  ████████▋░  85% · 26.55MB · 1.43MB/s · ETA 00:04                                  ║
║   ▸ RAILWAY STORY                                                                                          ║
║     ● Looking carefully  ██████████  100% · 23.47MB · 2.52MB/s                                             ║
║   ▸ INSIDE THE GATES OF SOVIET RUSSIA                                                                      ║
║     ● Looking carefully   ░░░░░░░░░  Watching frames · 0s / 295s · 0 hits                                  ║
║   ▸ GALLICAN GYPSIES                                                                                       ║
║     ● Looking carefully  ███▍░░░░░░  33.3%                                                                 ║
║   ▸ BUILDING ISRAELI SETTLEMENT aka BIRTH OF A KIBBUTZ                                                     ║
║     ● Looking carefully  ▉░░░░░░░░░  7.6% · 28.75MB · 1.57MB/s · ETA 00:13                                 ║
║   ▸ CAMPBELL PREPARES - Technicolor                                                                        ║
║     ● Looking carefully  ██▎░░░░░░░  Watching frames · 35s / 166s · 0 hits                                 ║
║   ▸ PRES. KENNEDY                                                                                          ║
║     ● Looking carefully  ████░░░░░░  38.8% · 21.48MB · 849.94KB/s · ETA 00:17                              ║
║   ▸ Selected Originals - THE ROYAL FAMILY                                                                  ║
║     ● Looking carefully  ███▎░░░░░░  32.4% · 30.65MB · 2.42MB/s · ETA 00:09                                ║
║                                                                                                            ║
║ ⓘ  Browser should open on its own.                                                                         ║
║                                                                                                            ║
║ Press Ctrl+C here to stop the app.                                                                         ║
╚════════════════════════════════════════════════════════════════════════════════════════════════════════════╝













[H[2J[3J╔════════════════════════════════════════════════════════════════════════════════════════════════════════════╗
║ ◆ ShtetlFrames  •  live                                                                                    ║
║ Find old film that looks traditionally Orthodox                                                            ║
╟────────────────────────────────────────────────────────────────────────────────────────────────────────────╢
║ Browser  http://127.0.0.1:8787    Review  http://127.0.0.1:8787/review                                     ║
╟────────────────────────────────────────────────────────────────────────────────────────────────────────────╢
║ ⠸  Looking through British Pathé…                                                                          ║
║                                                                                                            ║
║  ░░░░░░░░░░░░░░░░░░░░░░░░░░░░░░░░░░░    0.0%  0/85,452                                                     ║
║                                                                                                            ║
║ checked 0   clips 0   failed 0   active 8                                                                  ║
║ session  47s                                                                                               ║
║                                                                                                            ║
║ Right now — cloud workers                                                                                  ║
║   ▸ Selected Originals - LIGHTNING AEROBATICS                                                              ║
║     ● Looking carefully   ░░░░░░░░░  Watching frames · 0s / 420s · 0 hits                                  ║
║   ▸ RAILWAY STORY                                                                                          ║
║     ● Looking carefully  ██████████  100% · 23.47MB · 2.52MB/s                                             ║
║   ▸ INSIDE THE GATES OF SOVIET RUSSIA                                                                      ║
║     ● Looking carefully   ░░░░░░░░░  Watching frames · 0s / 295s · 0 hits                                  ║
║   ▸ GALLICAN GYPSIES                                                                                       ║
║     ● Looking carefully  ███▍░░░░░░  33.3%                                                                 ║
║   ▸ BUILDING ISRAELI SETTLEMENT aka BIRTH OF A KIBBUTZ                                                     ║
║     ● Looking carefully  ██▋░░░░░░░  25.7% · 25.97MB · 1.81MB/s · ETA 00:11                                ║
║   ▸ CAMPBELL PREPARES - Technicolor                                                                        ║
║     ● Looking carefully  ██▎░░░░░░░  Watching frames · 35s / 166s · 0 hits                                 ║
║   ▸ PRES. KENNEDY                                                                                          ║
║     ● Looking carefully  ████░░░░░░  38.8% · 21.48MB · 849.94KB/s · ETA 00:17                              ║
║   ▸ Selected Originals - THE ROYAL FAMILY                                                                  ║
║     ● Looking carefully  ███▎░░░░░░  32.4% · 30.65MB · 2.42MB/s · ETA 00:09                                ║
║                                                                                                            ║
║ ⓘ  Browser should open on its own.                                                                         ║
║                                                                                                            ║
║ Press Ctrl+C here to stop the app.                                                                         ║
╚════════════════════════════════════════════════════════════════════════════════════════════════════════════╝













[shtetl] bg-fill: waiting for GPU pod · 29s · first boot installs deps (~5–15 min) · https://j2hil154bd9g0f-8000.proxy.runpod.net
[H[2J[3J╔════════════════════════════════════════════════════════════════════════════════════════════════════════════╗
║ ◆ ShtetlFrames  ●  live                                                                                    ║
║ Find old film that looks traditionally Orthodox                                                            ║
╟────────────────────────────────────────────────────────────────────────────────────────────────────────────╢
║ Browser  http://127.0.0.1:8787    Review  http://127.0.0.1:8787/review                                     ║
╟────────────────────────────────────────────────────────────────────────────────────────────────────────────╢
║ ⠸  Looking through British Pathé…                                                                          ║
║                                                                                                            ║
║  ░░░░░░░░░░░░░░░░░░░░░░░░░░░░░░░░░░░    0.0%  0/85,452                                                     ║
║                                                                                                            ║
║ checked 0   clips 0   failed 0   active 8                                                                  ║
║ session  48s                                                                                               ║
║                                                                                                            ║
║ Right now — cloud workers                                                                                  ║
║   ▸ Selected Originals - LIGHTNING AEROBATICS                                                              ║
║     ● Looking carefully   ░░░░░░░░░  Watching frames · 0s / 420s · 0 hits                                  ║
║   ▸ RAILWAY STORY                                                                                          ║
║     ● Looking carefully  ██████████  100% · 23.47MB · 2.52MB/s                                             ║
║   ▸ INSIDE THE GATES OF SOVIET RUSSIA                                                                      ║
║     ● Looking carefully   ░░░░░░░░░  Watching frames · 0s / 295s · 0 hits                                  ║
║   ▸ GALLICAN GYPSIES                                                                                       ║
║     ● Looking carefully  ██████████  100%                                                                  ║
║   ▸ BUILDING ISRAELI SETTLEMENT aka BIRTH OF A KIBBUTZ                                                     ║
║     ● Looking carefully  ██▋░░░░░░░  25.7% · 25.97MB · 1.81MB/s · ETA 00:11                                ║
║   ▸ CAMPBELL PREPARES - Technicolor                                                                        ║
║     ● Looking carefully  █████▌░░░░  Watching frames · 90s / 166s · 0 hits                                 ║
║   ▸ PRES. KENNEDY                                                                                          ║
║     ● Looking carefully  █████▏░░░░  50.2% · 20.45MB · 1.26MB/s · ETA 00:18                                ║
║   ▸ Selected Originals - THE ROYAL FAMILY                                                                  ║
║     ● Looking carefully  █████▍░░░░  53.3% · 29.72MB · 1.93MB/s · ETA 00:09                                ║
║                                                                                                            ║
║ ⓘ  Browser should open on its own.                                                                         ║
║                                                                                                            ║
║ Press Ctrl+C here to stop the app.                                                                         ║
╚════════════════════════════════════════════════════════════════════════════════════════════════════════════╝













[H[2J[3J╔════════════════════════════════════════════════════════════════════════════════════════════════════════════╗
║ ◆ ShtetlFrames  •  live                                                                                    ║
║ Find old film that looks traditionally Orthodox                                                            ║
╟────────────────────────────────────────────────────────────────────────────────────────────────────────────╢
║ Browser  http://127.0.0.1:8787    Review  http://127.0.0.1:8787/review                                     ║
╟────────────────────────────────────────────────────────────────────────────────────────────────────────────╢
║ ⠸  Looking through British Pathé…                                                                          ║
║                                                                                                            ║
║  ░░░░░░░░░░░░░░░░░░░░░░░░░░░░░░░░░░░    0.0%  0/85,452                                                     ║
║                                                                                                            ║
║ checked 0   clips 0   failed 0   active 8                                                                  ║
║ session  49s                                                                                               ║
║                                                                                                            ║
║ Right now — cloud workers                                                                                  ║
║   ▸ Selected Originals - LIGHTNING AEROBATICS                                                              ║
║     ● Looking carefully  █▌░░░░░░░░  Watching frames · 61s / 420s · 0 hits                                 ║
║   ▸ RAILWAY STORY                                                                                          ║
║     ● Looking carefully  ██████████  100% · 23.47MB · 2.52MB/s                                             ║
║   ▸ INSIDE THE GATES OF SOVIET RUSSIA                                                                      ║
║     ● Looking carefully  █▊░░░░░░░░  Watching frames · 50s / 295s · 0 hits                                 ║
║   ▸ GALLICAN GYPSIES                                                                                       ║
║     ● Looking carefully  ██████████  100%                                                                  ║
║   ▸ BUILDING ISRAELI SETTLEMENT aka BIRTH OF A KIBBUTZ                                                     ║
║     ● Looking carefully  ████▌░░░░░  43.9% · 25.12MB · 1.56MB/s · ETA 00:10                                ║
║   ▸ CAMPBELL PREPARES - Technicolor                                                                        ║
║     ● Looking carefully  pod done · 19s · 0 hits                                                           ║
║   ▸ PRES. KENNEDY                                                                                          ║
║     ● Looking carefully  █████▏░░░░  50.2% · 20.45MB · 1.26MB/s · ETA 00:18                                ║
║   ▸ Selected Originals - THE ROYAL FAMILY                                                                  ║
║     ● Looking carefully  █████▍░░░░  53.3% · 29.72MB · 1.93MB/s · ETA 00:09                                ║
║                                                                                                            ║
║ ⓘ  Browser should open on its own.                                                                         ║
║                                                                                                            ║
║ Press Ctrl+C here to stop the app.                                                                         ║
╚════════════════════════════════════════════════════════════════════════════════════════════════════════════╝













[shtetl] bg-fill: waiting for GPU pod · 31s · first boot installs deps (~5–15 min) · https://pyu2q2g6tc1e4r-8000.proxy.runpod.net
[H[2J[3J╔════════════════════════════════════════════════════════════════════════════════════════════════════════════╗
║ ◆ ShtetlFrames  ·  live                                                                                    ║
║ Find old film that looks traditionally Orthodox                                                            ║
╟────────────────────────────────────────────────────────────────────────────────────────────────────────────╢
║ Browser  http://127.0.0.1:8787    Review  http://127.0.0.1:8787/review                                     ║
╟────────────────────────────────────────────────────────────────────────────────────────────────────────────╢
║ ⠸  Looking through British Pathé…                                                                          ║
║                                                                                                            ║
║  ░░░░░░░░░░░░░░░░░░░░░░░░░░░░░░░░░░░    0.0%  0/85,452                                                     ║
║                                                                                                            ║
║ checked 0   clips 0   failed 0   active 8                                                                  ║
║ session  50s                                                                                               ║
║                                                                                                            ║
║ Right now — cloud workers                                                                                  ║
║   ▸ Selected Originals - LIGHTNING AEROBATICS                                                              ║
║     ● Looking carefully  █▌░░░░░░░░  Watching frames · 61s / 420s · 0 hits                                 ║
║   ▸ RAILWAY STORY                                                                                          ║
║     ● Looking carefully  ██████████  100% · 23.47MB · 2.52MB/s                                             ║
║   ▸ INSIDE THE GATES OF SOVIET RUSSIA                                                                      ║
║     ● Looking carefully  █▊░░░░░░░░  Watching frames · 50s / 295s · 0 hits                                 ║
║   ▸ GALLICAN GYPSIES                                                                                       ║
║     ● Looking carefully  ██████████  100%                                                                  ║
║   ▸ BUILDING ISRAELI SETTLEMENT aka BIRTH OF A KIBBUTZ                                                     ║
║     ● Looking carefully  ████▌░░░░░  43.9% · 25.12MB · 1.56MB/s · ETA 00:10                                ║
║   ▸ PRES. KENNEDY                                                                                          ║
║     ● Looking carefully  █████▏░░░░  50.2% · 20.45MB · 1.26MB/s · ETA 00:18                                ║
║   ▸ Selected Originals - THE ROYAL FAMILY                                                                  ║
║     ● Looking carefully  ███████▎░░  71.6% · 30.11MB · 2.31MB/s · ETA 00:05                                ║
║   ▸ ROYAL HIGHLAND GATHERING                                                                               ║
║     ● Looking carefully  █████░░░░░  Watching frames · 61s / 123s · 0 hits                                 ║
║                                                                                                            ║
║ ⓘ  Browser should open on its own.                                                                         ║
║                                                                                                            ║
║ Press Ctrl+C here to stop the app.                                                                         ║
╚════════════════════════════════════════════════════════════════════════════════════════════════════════════╝













[shtetl] bg-fill: waiting for GPU pod · 32s · first boot installs deps (~5–15 min) · https://qxlmd1bndi3vbf-8000.proxy.runpod.net
[H[2J[3J╔════════════════════════════════════════════════════════════════════════════════════════════════════════════╗
║ ◆ ShtetlFrames  •  live                                                                                    ║
║ Find old film that looks traditionally Orthodox                                                            ║
╟────────────────────────────────────────────────────────────────────────────────────────────────────────────╢
║ Browser  http://127.0.0.1:8787    Review  http://127.0.0.1:8787/review                                     ║
╟────────────────────────────────────────────────────────────────────────────────────────────────────────────╢
║ ⠼  Looking through British Pathé…                                                                          ║
║                                                                                                            ║
║  ░░░░░░░░░░░░░░░░░░░░░░░░░░░░░░░░░░░    0.0%  0/85,452                                                     ║
║                                                                                                            ║
║ checked 0   clips 0   failed 0   active 8                                                                  ║
║ session  51s                                                                                               ║
║                                                                                                            ║
║ Right now — cloud workers                                                                                  ║
║   ▸ Selected Originals - LIGHTNING AEROBATICS                                                              ║
║     ● Looking carefully  █▌░░░░░░░░  Watching frames · 61s / 420s · 0 hits                                 ║
║   ▸ RAILWAY STORY                                                                                          ║
║     ● Looking carefully  ██████████  100% · 23.47MB · 2.52MB/s                                             ║
║   ▸ INSIDE THE GATES OF SOVIET RUSSIA                                                                      ║
║     ● Looking carefully  █▊░░░░░░░░  Watching frames · 50s / 295s · 0 hits                                 ║
║   ▸ GALLICAN GYPSIES                                                                                       ║
║     ● Looking carefully  pod done · 20s · 3 hits                                                           ║
║   ▸ BUILDING ISRAELI SETTLEMENT aka BIRTH OF A KIBBUTZ                                                     ║
║     ● Looking carefully  ████▌░░░░░  43.9% · 25.12MB · 1.56MB/s · ETA 00:10                                ║
║   ▸ PRES. KENNEDY                                                                                          ║
║     ● Looking carefully  ██████▊░░░  66.6% · 20.11MB · 1.09MB/s · ETA 00:10                                ║
║   ▸ Selected Originals - THE ROYAL FAMILY                                                                  ║
║     ● Looking carefully  ███████▎░░  71.6% · 30.11MB · 2.31MB/s · ETA 00:05                                ║
║   ▸ ROYAL HIGHLAND GATHERING                                                                               ║
║     ● Looking carefully  █████░░░░░  Watching frames · 61s / 123s · 0 hits                                 ║
║                                                                                                            ║
║ ⓘ  Browser should open on its own.                                                                         ║
║                                                                                                            ║
║ Press Ctrl+C here to stop the app.                                                                         ║
╚════════════════════════════════════════════════════════════════════════════════════════════════════════════╝













[shtetl] bg-fill: waiting for GPU pod · 33s · first boot installs deps (~5–15 min) · https://lc2g7ed3dw25ni-8000.proxy.runpod.net
[H[2J[3J╔════════════════════════════════════════════════════════════════════════════════════════════════════════════╗
║ ◆ ShtetlFrames  ●  live                                                                                    ║
║ Find old film that looks traditionally Orthodox                                                            ║
╟────────────────────────────────────────────────────────────────────────────────────────────────────────────╢
║ Browser  http://127.0.0.1:8787    Review  http://127.0.0.1:8787/review                                     ║
╟────────────────────────────────────────────────────────────────────────────────────────────────────────────╢
║ ⠼  Looking through British Pathé…                                                                          ║
║                                                                                                            ║
║  ░░░░░░░░░░░░░░░░░░░░░░░░░░░░░░░░░░░    0.0%  0/85,452                                                     ║
║                                                                                                            ║
║ checked 0   clips 0   failed 0   active 8                                                                  ║
║ session  52s                                                                                               ║
║                                                                                                            ║
║ Right now — cloud workers                                                                                  ║
║   ▸ Selected Originals - LIGHTNING AEROBATICS                                                              ║
║     ● Looking carefully  █▌░░░░░░░░  Watching frames · 61s / 420s · 0 hits                                 ║
║   ▸ RAILWAY STORY                                                                                          ║
║     ● Looking carefully  ██████████  100% · 23.47MB · 2.52MB/s                                             ║
║   ▸ INSIDE THE GATES OF SOVIET RUSSIA                                                                      ║
║     ● Looking carefully  █████▏░░░░  Watching frames · 150s / 295s · 0 hits                                ║
║   ▸ GALLICAN GYPSIES                                                                                       ║
║     ● Looking carefully  pod done · 20s · 3 hits                                                           ║
║   ▸ BUILDING ISRAELI SETTLEMENT aka BIRTH OF A KIBBUTZ                                                     ║
║     ● Looking carefully  ████▌░░░░░  43.9% · 25.12MB · 1.56MB/s · ETA 00:10                                ║
║   ▸ PRES. KENNEDY                                                                                          ║
║     ● Looking carefully  ██████▊░░░  66.6% · 20.11MB · 1.09MB/s · ETA 00:10                                ║
║   ▸ Selected Originals - THE ROYAL FAMILY                                                                  ║
║     ● Looking carefully  ███████▎░░  71.6% · 30.11MB · 2.31MB/s · ETA 00:05                                ║
║   ▸ ROYAL HIGHLAND GATHERING                                                                               ║
║     ● Looking carefully  █████░░░░░  Watching frames · 61s / 123s · 0 hits                                 ║
║                                                                                                            ║
║ ⓘ  Browser should open on its own.                                                                         ║
║                                                                                                            ║
║ Press Ctrl+C here to stop the app.                                                                         ║
╚════════════════════════════════════════════════════════════════════════════════════════════════════════════╝













[H[2J[3J╔════════════════════════════════════════════════════════════════════════════════════════════════════════════╗
║ ◆ ShtetlFrames  •  live                                                                                    ║
║ Find old film that looks traditionally Orthodox                                                            ║
╟────────────────────────────────────────────────────────────────────────────────────────────────────────────╢
║ Browser  http://127.0.0.1:8787    Review  http://127.0.0.1:8787/review                                     ║
╟────────────────────────────────────────────────────────────────────────────────────────────────────────────╢
║ ⠼  Looking through British Pathé…                                                                          ║
║                                                                                                            ║
║  ░░░░░░░░░░░░░░░░░░░░░░░░░░░░░░░░░░░    0.0%  0/85,452                                                     ║
║                                                                                                            ║
║ checked 0   clips 0   failed 0   active 8                                                                  ║
║ session  53s                                                                                               ║
║                                                                                                            ║
║ Right now — cloud workers                                                                                  ║
║   ▸ Selected Originals - LIGHTNING AEROBATICS                                                              ║
║     ● Looking carefully  ██████████  100%                                                                  ║
║   ▸ RAILWAY STORY                                                                                          ║
║     ● Looking carefully   ░░░░░░░░░  Watching frames · 0s / 279s · 0 hits                                  ║
║   ▸ INSIDE THE GATES OF SOVIET RUSSIA                                                                      ║
║     ● Looking carefully  █████▏░░░░  Watching frames · 150s / 295s · 0 hits                                ║
║   ▸ GALLICAN GYPSIES                                                                                       ║
║     ● Looking carefully  pod done · 20s · 3 hits                                                           ║
║   ▸ BUILDING ISRAELI SETTLEMENT aka BIRTH OF A KIBBUTZ                                                     ║
║     ● Looking carefully  ██████▍░░░  63.6% · 28.29MB · 2.18MB/s · ETA 00:06                                ║
║   ▸ PRES. KENNEDY                                                                                          ║
║     ● Looking carefully  ████████▊░  86.3% · 20.18MB · 1.61MB/s · ETA 00:03                                ║
║   ▸ Selected Originals - THE ROYAL FAMILY                                                                  ║
║     ● Looking carefully  ████████▊░  87.1% · 30.46MB · 2.16MB/s · ETA 00:03                                ║
║   ▸ ROYAL HIGHLAND GATHERING                                                                               ║
║     ● Looking carefully  ██████████  100%                                                                  ║
║                                                                                                            ║
║ ⓘ  Browser should open on its own.                                                                         ║
║                                                                                                            ║
║ Press Ctrl+C here to stop the app.                                                                         ║
╚════════════════════════════════════════════════════════════════════════════════════════════════════════════╝













[shtetl] bg-fill: waiting for GPU pod · 35s · first boot installs deps (~5–15 min) · https://j2hil154bd9g0f-8000.proxy.runpod.net
[H[2J[3J╔════════════════════════════════════════════════════════════════════════════════════════════════════════════╗
║ ◆ ShtetlFrames  ·  live                                                                                    ║
║ Find old film that looks traditionally Orthodox                                                            ║
╟────────────────────────────────────────────────────────────────────────────────────────────────────────────╢
║ Browser  http://127.0.0.1:8787    Review  http://127.0.0.1:8787/review                                     ║
╟────────────────────────────────────────────────────────────────────────────────────────────────────────────╢
║ ⠼  Looking through British Pathé…                                                                          ║
║                                                                                                            ║
║  ░░░░░░░░░░░░░░░░░░░░░░░░░░░░░░░░░░░    0.0%  0/85,452                                                     ║
║                                                                                                            ║
║ checked 0   clips 0   failed 0   active 8                                                                  ║
║ session  54s                                                                                               ║
║                                                                                                            ║
║ Right now — cloud workers                                                                                  ║
║   ▸ Selected Originals - LIGHTNING AEROBATICS                                                              ║
║     ● Looking carefully  ██████████  100%                                                                  ║
║   ▸ RAILWAY STORY                                                                                          ║
║     ● Looking carefully  ███▎░░░░░░  Watching frames · 90s / 279s · 0 hits                                 ║
║   ▸ INSIDE THE GATES OF SOVIET RUSSIA                                                                      ║
║     ● Looking carefully  █████▉░░░░  Watching frames · 170s / 295s · 3 hits                                ║
║   ▸ GALLICAN GYPSIES                                                                                       ║
║     ● Looking carefully  pod done · 20s · 3 hits                                                           ║
║   ▸ BUILDING ISRAELI SETTLEMENT aka BIRTH OF A KIBBUTZ                                                     ║
║     ● Looking carefully  ██████▍░░░  63.6% · 28.29MB · 2.18MB/s · ETA 00:06                                ║
║   ▸ PRES. KENNEDY                                                                                          ║
║     ● Looking carefully  ████████▊░  86.3% · 20.18MB · 1.61MB/s · ETA 00:03                                ║
║   ▸ Selected Originals - THE ROYAL FAMILY                                                                  ║
║     ● Looking carefully  ████████▊░  87.1% · 30.46MB · 2.16MB/s · ETA 00:03                                ║
║   ▸ ROYAL HIGHLAND GATHERING                                                                               ║
║     ● Looking carefully  ██████████  100%                                                                  ║
║                                                                                                            ║
║ ⓘ  Browser should open on its own.                                                                         ║
║                                                                                                            ║
║ Press Ctrl+C here to stop the app.                                                                         ║
╚════════════════════════════════════════════════════════════════════════════════════════════════════════════╝













[H[2J[3J╔════════════════════════════════════════════════════════════════════════════════════════════════════════════╗
║ ◆ ShtetlFrames  •  live                                                                                    ║
║ Find old film that looks traditionally Orthodox                                                            ║
╟────────────────────────────────────────────────────────────────────────────────────────────────────────────╢
║ Browser  http://127.0.0.1:8787    Review  http://127.0.0.1:8787/review                                     ║
╟────────────────────────────────────────────────────────────────────────────────────────────────────────────╢
║ ⠼  Looking through British Pathé…                                                                          ║
║                                                                                                            ║
║  ░░░░░░░░░░░░░░░░░░░░░░░░░░░░░░░░░░░    0.0%  0/85,452                                                     ║
║                                                                                                            ║
║ checked 0   clips 0   failed 0   active 8                                                                  ║
║ session  55s                                                                                               ║
║                                                                                                            ║
║ Right now — cloud workers                                                                                  ║
║   ▸ Selected Originals - LIGHTNING AEROBATICS                                                              ║
║     ● Looking carefully  ██████████  100%                                                                  ║
║   ▸ RAILWAY STORY                                                                                          ║
║     ● Looking carefully  ███▎░░░░░░  Watching frames · 90s / 279s · 0 hits                                 ║
║   ▸ INSIDE THE GATES OF SOVIET RUSSIA                                                                      ║
║     ● Looking carefully  █████▉░░░░  Watching frames · 170s / 295s · 3 hits                                ║
║   ▸ GALLICAN GYPSIES                                                                                       ║
║     ● Looking carefully  pod done · 20s · 3 hits                                                           ║
║   ▸ BUILDING ISRAELI SETTLEMENT aka BIRTH OF A KIBBUTZ                                                     ║
║     ● Looking carefully  ███████▉░░  77.7% · 28.25MB · 1.78MB/s · ETA 00:04                                ║
║   ▸ PRES. KENNEDY                                                                                          ║
║     ● Looking carefully  ████████▊░  86.3% · 20.18MB · 1.61MB/s · ETA 00:03                                ║
║   ▸ Selected Originals - THE ROYAL FAMILY                                                                  ║
║     ● Looking carefully  ████████▊░  87.1% · 30.46MB · 2.16MB/s · ETA 00:03                                ║
║   ▸ ROYAL HIGHLAND GATHERING                                                                               ║
║     ● Looking carefully  ██████████  100%                                                                  ║
║                                                                                                            ║
║ ⓘ  Browser should open on its own.                                                                         ║
║                                                                                                            ║
║ Press Ctrl+C here to stop the app.                                                                         ║
╚════════════════════════════════════════════════════════════════════════════════════════════════════════════╝













[shtetl] bg-fill: waiting for GPU pod · 38s · first boot installs deps (~5–15 min) · https://pyu2q2g6tc1e4r-8000.proxy.runpod.net
[H[2J[3J╔════════════════════════════════════════════════════════════════════════════════════════════════════════════╗
║ ◆ ShtetlFrames  ●  live                                                                                    ║
║ Find old film that looks traditionally Orthodox                                                            ║
╟────────────────────────────────────────────────────────────────────────────────────────────────────────────╢
║ Browser  http://127.0.0.1:8787    Review  http://127.0.0.1:8787/review                                     ║
╟────────────────────────────────────────────────────────────────────────────────────────────────────────────╢
║ ⠼  Looking through British Pathé…                                                                          ║
║                                                                                                            ║
║  ░░░░░░░░░░░░░░░░░░░░░░░░░░░░░░░░░░░    0.0%  0/85,452                                                     ║
║                                                                                                            ║
║ checked 0   clips 0   failed 0   active 8                                                                  ║
║ session  56s                                                                                               ║
║                                                                                                            ║
║ Right now — cloud workers                                                                                  ║
║   ▸ Selected Originals - LIGHTNING AEROBATICS                                                              ║
║     ● Looking carefully  ██████████  100%                                                                  ║
║   ▸ RAILWAY STORY                                                                                          ║
║     ● Looking carefully  ███▎░░░░░░  Watching frames · 90s / 279s · 0 hits                                 ║
║   ▸ INSIDE THE GATES OF SOVIET RUSSIA                                                                      ║
║     ● Looking carefully  █████▉░░░░  Watching frames · 170s / 295s · 3 hits                                ║
║   ▸ GALLICAN GYPSIES                                                                                       ║
║     ● Looking carefully  pod done · 20s · 3 hits                                                           ║
║   ▸ BUILDING ISRAELI SETTLEMENT aka BIRTH OF A KIBBUTZ                                                     ║
║     ● Looking carefully  ███████▉░░  77.7% · 28.25MB · 1.78MB/s · ETA 00:04                                ║
║   ▸ PRES. KENNEDY                                                                                          ║
║     ● Looking carefully  ██████████  100% · 20.19MB · 997.82KB/s                                           ║
║   ▸ Selected Originals - THE ROYAL FAMILY                                                                  ║
║     ● Looking carefully   ░░░░░░░░░  Watching frames · 0s / 284s · 0 hits                                  ║
║   ▸ ROYAL HIGHLAND GATHERING                                                                               ║
║     ● Looking carefully  ██████████  100%                                                                  ║
║                                                                                                            ║
║ ⓘ  Browser should open on its own.                                                                         ║
║                                                                                                            ║
║ Press Ctrl+C here to stop the app.                                                                         ║
╚════════════════════════════════════════════════════════════════════════════════════════════════════════════╝













[H[2J[3J╔════════════════════════════════════════════════════════════════════════════════════════════════════════════╗
║ ◆ ShtetlFrames  •  live                                                                                    ║
║ Find old film that looks traditionally Orthodox                                                            ║
╟────────────────────────────────────────────────────────────────────────────────────────────────────────────╢
║ Browser  http://127.0.0.1:8787    Review  http://127.0.0.1:8787/review                                     ║
╟────────────────────────────────────────────────────────────────────────────────────────────────────────────╢
║ ⠼  Looking through British Pathé…                                                                          ║
║                                                                                                            ║
║  ░░░░░░░░░░░░░░░░░░░░░░░░░░░░░░░░░░░    0.0%  0/85,452                                                     ║
║                                                                                                            ║
║ checked 0   clips 0   failed 0   active 8                                                                  ║
║ session  57s                                                                                               ║
║                                                                                                            ║
║ Right now — cloud workers                                                                                  ║
║   ▸ Selected Originals - LIGHTNING AEROBATICS                                                              ║
║     ● Looking carefully  ██████████  100%                                                                  ║
║   ▸ RAILWAY STORY                                                                                          ║
║     ● Looking carefully  ██████▉░░░  Watching frames · 190s / 279s · 0 hits                                ║
║   ▸ INSIDE THE GATES OF SOVIET RUSSIA                                                                      ║
║     ● Looking carefully  ██████▉░░░  Watching frames · 201s / 295s · 3 hits                                ║
║   ▸ GALLICAN GYPSIES                                                                                       ║
║     ● Looking carefully  pod done · 20s · 3 hits                                                           ║
║   ▸ BUILDING ISRAELI SETTLEMENT aka BIRTH OF A KIBBUTZ                                                     ║
║     ● Looking carefully  █████████▍  92.8% · 28.54MB · 1.51MB/s · ETA 00:02                                ║
║   ▸ PRES. KENNEDY                                                                                          ║
║     ● Looking carefully  ██████████  100% · 20.19MB · 997.82KB/s                                           ║
║   ▸ Selected Originals - THE ROYAL FAMILY                                                                  ║
║     ● Looking carefully   ░░░░░░░░░  Watching frames · 0s / 284s · 0 hits                                  ║
║   ▸ ROYAL HIGHLAND GATHERING                                                                               ║
║     ● Looking carefully  ██████████  100%                                                                  ║
║                                                                                                            ║
║ ⓘ  Browser should open on its own.                                                                         ║
║                                                                                                            ║
║ Press Ctrl+C here to stop the app.                                                                         ║
╚════════════════════════════════════════════════════════════════════════════════════════════════════════════╝













[H[2J[3J╔════════════════════════════════════════════════════════════════════════════════════════════════════════════╗
║ ◆ ShtetlFrames  ·  live                                                                                    ║
║ Find old film that looks traditionally Orthodox                                                            ║
╟────────────────────────────────────────────────────────────────────────────────────────────────────────────╢
║ Browser  http://127.0.0.1:8787    Review  http://127.0.0.1:8787/review                                     ║
╟────────────────────────────────────────────────────────────────────────────────────────────────────────────╢
║ ⠼  Looking through British Pathé…                                                                          ║
║                                                                                                            ║
║  ░░░░░░░░░░░░░░░░░░░░░░░░░░░░░░░░░░░    0.0%  0/85,452                                                     ║
║                                                                                                            ║
║ checked 0   clips 0   failed 0   active 8                                                                  ║
║ session  58s                                                                                               ║
║                                                                                                            ║
║ Right now — cloud workers                                                                                  ║
║   ▸ Selected Originals - LIGHTNING AEROBATICS                                                              ║
║     ● Looking carefully  ██████████  100%                                                                  ║
║   ▸ RAILWAY STORY                                                                                          ║
║     ● Looking carefully  ██████▉░░░  Watching frames · 190s / 279s · 0 hits                                ║
║   ▸ INSIDE THE GATES OF SOVIET RUSSIA                                                                      ║
║     ● Looking carefully  ██████▉░░░  Watching frames · 201s / 295s · 3 hits                                ║
║   ▸ GALLICAN GYPSIES                                                                                       ║
║     ● Looking carefully  pod done · 20s · 3 hits                                                           ║
║   ▸ BUILDING ISRAELI SETTLEMENT aka BIRTH OF A KIBBUTZ                                                     ║
║     ● Looking carefully  █████████▍  92.8% · 28.54MB · 1.51MB/s · ETA 00:02                                ║
║   ▸ PRES. KENNEDY                                                                                          ║
║     ● Looking carefully  ██████████  100% · 20.19MB · 997.82KB/s                                           ║
║   ▸ Selected Originals - THE ROYAL FAMILY                                                                  ║
║     ● Looking carefully   ░░░░░░░░░  Watching frames · 0s / 284s · 0 hits                                  ║
║   ▸ ROYAL HIGHLAND GATHERING                                                                               ║
║     ● Looking carefully  ██████████  100%                                                                  ║
║                                                                                                            ║
║ ⓘ  Browser should open on its own.                                                                         ║
║                                                                                                            ║
║ Press Ctrl+C here to stop the app.                                                                         ║
╚════════════════════════════════════════════════════════════════════════════════════════════════════════════╝













[H[2J[3J╔════════════════════════════════════════════════════════════════════════════════════════════════════════════╗
║ ◆ ShtetlFrames  •  live                                                                                    ║
║ Find old film that looks traditionally Orthodox                                                            ║
╟────────────────────────────────────────────────────────────────────────────────────────────────────────────╢
║ Browser  http://127.0.0.1:8787    Review  http://127.0.0.1:8787/review                                     ║
╟────────────────────────────────────────────────────────────────────────────────────────────────────────────╢
║ ⠼  Looking through British Pathé…                                                                          ║
║                                                                                                            ║
║  ░░░░░░░░░░░░░░░░░░░░░░░░░░░░░░░░░░░    0.0%  0/85,452                                                     ║
║                                                                                                            ║
║ checked 0   clips 0   failed 0   active 8                                                                  ║
║ session  59s                                                                                               ║
║                                                                                                            ║
║ Right now — cloud workers                                                                                  ║
║   ▸ Selected Originals - LIGHTNING AEROBATICS                                                              ║
║     ● Looking carefully  ██████████  100%                                                                  ║
║   ▸ RAILWAY STORY                                                                                          ║
║     ● Looking carefully  ██████▉░░░  Watching frames · 190s / 279s · 0 hits                                ║
║   ▸ INSIDE THE GATES OF SOVIET RUSSIA                                                                      ║
║     ● Looking carefully  ██████▉░░░  Watching frames · 201s / 295s · 3 hits                                ║
║   ▸ GALLICAN GYPSIES                                                                                       ║
║     ● Looking carefully  pod done · 20s · 3 hits                                                           ║
║   ▸ BUILDING ISRAELI SETTLEMENT aka BIRTH OF A KIBBUTZ                                                     ║
║     ● Looking carefully  █████████▍  92.8% · 28.54MB · 1.51MB/s · ETA 00:02                                ║
║   ▸ PRES. KENNEDY                                                                                          ║
║     ● Looking carefully  ██████████  100% · 20.19MB · 997.82KB/s                                           ║
║   ▸ Selected Originals - THE ROYAL FAMILY                                                                  ║
║     ● Looking carefully   ░░░░░░░░░  Watching frames · 0s / 284s · 0 hits                                  ║
║   ▸ ROYAL HIGHLAND GATHERING                                                                               ║
║     ● Looking carefully  ██████████  100%                                                                  ║
║                                                                                                            ║
║ ⓘ  Browser should open on its own.                                                                         ║
║                                                                                                            ║
║ Press Ctrl+C here to stop the app.                                                                         ║
╚════════════════════════════════════════════════════════════════════════════════════════════════════════════╝













[H[2J[3J╔════════════════════════════════════════════════════════════════════════════════════════════════════════════╗
║ ◆ ShtetlFrames  ●  live                                                                                    ║
║ Find old film that looks traditionally Orthodox                                                            ║
╟────────────────────────────────────────────────────────────────────────────────────────────────────────────╢
║ Browser  http://127.0.0.1:8787    Review  http://127.0.0.1:8787/review                                     ║
╟────────────────────────────────────────────────────────────────────────────────────────────────────────────╢
║ ⠼  Looking through British Pathé…                                                                          ║
║                                                                                                            ║
║  ░░░░░░░░░░░░░░░░░░░░░░░░░░░░░░░░░░░    0.0%  0/85,452                                                     ║
║                                                                                                            ║
║ checked 0   clips 0   failed 0   active 8                                                                  ║
║ session  1m 00s                                                                                            ║
║                                                                                                            ║
║ Right now — cloud workers                                                                                  ║
║   ▸ Selected Originals - LIGHTNING AEROBATICS                                                              ║
║     ● Looking carefully  ██████████  100%                                                                  ║
║   ▸ RAILWAY STORY                                                                                          ║
║     ● Looking carefully  ██████▉░░░  Watching frames · 190s / 279s · 0 hits                                ║
║   ▸ INSIDE THE GATES OF SOVIET RUSSIA                                                                      ║
║     ● Looking carefully  ████████▌░  Watching frames · 250s / 295s · 3 hits                                ║
║   ▸ GALLICAN GYPSIES                                                                                       ║
║     ● Looking carefully  pod done · 20s · 3 hits                                                           ║
║   ▸ BUILDING ISRAELI SETTLEMENT aka BIRTH OF A KIBBUTZ                                                     ║
║     ● Looking carefully   ░░░░░░░░░  Watching frames · 0s / 376s · 0 hits                                  ║
║   ▸ PRES. KENNEDY                                                                                          ║
║     ● Looking carefully  ██████████  100% · 20.19MB · 997.82KB/s                                           ║
║   ▸ Selected Originals - THE ROYAL FAMILY                                                                  ║
║     ● Looking carefully  █▏░░░░░░░░  Watching frames · 31s / 284s · 0 hits                                 ║
║   ▸ ROYAL HIGHLAND GATHERING                                                                               ║
║     ● Looking carefully  ██████████  100%                                                                  ║
║                                                                                                            ║
║ ⓘ  Browser should open on its own.                                                                         ║
║                                                                                                            ║
║ Press Ctrl+C here to stop the app.                                                                         ║
╚════════════════════════════════════════════════════════════════════════════════════════════════════════════╝













[H[2J[3J╔════════════════════════════════════════════════════════════════════════════════════════════════════════════╗
║ ◆ ShtetlFrames  •  live                                                                                    ║
║ Find old film that looks traditionally Orthodox                                                            ║
╟────────────────────────────────────────────────────────────────────────────────────────────────────────────╢
║ Browser  http://127.0.0.1:8787    Review  http://127.0.0.1:8787/review                                     ║
╟────────────────────────────────────────────────────────────────────────────────────────────────────────────╢
║ ⠴  Looking through British Pathé…                                                                          ║
║                                                                                                            ║
║  ░░░░░░░░░░░░░░░░░░░░░░░░░░░░░░░░░░░    0.0%  0/85,452                                                     ║
║                                                                                                            ║
║ checked 0   clips 0   failed 0   active 8                                                                  ║
║ session  1m 01s                                                                                            ║
║                                                                                                            ║
║ Right now — cloud workers                                                                                  ║
║   ▸ Selected Originals - LIGHTNING AEROBATICS                                                              ║
║     ● Looking carefully  ██████████  100%                                                                  ║
║   ▸ RAILWAY STORY                                                                                          ║
║     ● Looking carefully  ██████▉░░░  Watching frames · 190s / 279s · 0 hits                                ║
║   ▸ INSIDE THE GATES OF SOVIET RUSSIA                                                                      ║
║     ● Looking carefully  ████████▌░  Watching frames · 250s / 295s · 3 hits                                ║
║   ▸ GALLICAN GYPSIES                                                                                       ║
║     ● Looking carefully  pod done · 20s · 3 hits                                                           ║
║   ▸ BUILDING ISRAELI SETTLEMENT aka BIRTH OF A KIBBUTZ                                                     ║
║     ● Looking carefully   ░░░░░░░░░  Watching frames · 0s / 376s · 0 hits                                  ║
║   ▸ PRES. KENNEDY                                                                                          ║
║     ● Looking carefully  ██████████  100% · 20.19MB · 997.82KB/s                                           ║
║   ▸ Selected Originals - THE ROYAL FAMILY                                                                  ║
║     ● Looking carefully  █▏░░░░░░░░  Watching frames · 31s / 284s · 0 hits                                 ║
║   ▸ ROYAL HIGHLAND GATHERING                                                                               ║
║     ● Looking carefully  ██████████  100%                                                                  ║
║                                                                                                            ║
║ ⓘ  Browser should open on its own.                                                                         ║
║                                                                                                            ║
║ Press Ctrl+C here to stop the app.                                                                         ║
╚════════════════════════════════════════════════════════════════════════════════════════════════════════════╝













[H[2J[3J╔════════════════════════════════════════════════════════════════════════════════════════════════════════════╗
║ ◆ ShtetlFrames  ·  live                                                                                    ║
║ Find old film that looks traditionally Orthodox                                                            ║
╟────────────────────────────────────────────────────────────────────────────────────────────────────────────╢
║ Browser  http://127.0.0.1:8787    Review  http://127.0.0.1:8787/review                                     ║
╟────────────────────────────────────────────────────────────────────────────────────────────────────────────╢
║ ⠴  Looking through British Pathé…                                                                          ║
║                                                                                                            ║
║  ░░░░░░░░░░░░░░░░░░░░░░░░░░░░░░░░░░░    0.0%  0/85,452                                                     ║
║                                                                                                            ║
║ checked 0   clips 0   failed 0   active 8                                                                  ║
║ session  1m 02s                                                                                            ║
║                                                                                                            ║
║ Right now — cloud workers                                                                                  ║
║   ▸ Selected Originals - LIGHTNING AEROBATICS                                                              ║
║     ● Looking carefully  ██████████  100%                                                                  ║
║   ▸ RAILWAY STORY                                                                                          ║
║     ● Looking carefully  ██████▉░░░  Watching frames · 190s / 279s · 0 hits                                ║
║   ▸ INSIDE THE GATES OF SOVIET RUSSIA                                                                      ║
║     ● Looking carefully  ████████▌░  Watching frames · 250s / 295s · 3 hits                                ║
║   ▸ GALLICAN GYPSIES                                                                                       ║
║     ● Looking carefully  pod done · 20s · 3 hits                                                           ║
║   ▸ BUILDING ISRAELI SETTLEMENT aka BIRTH OF A KIBBUTZ                                                     ║
║     ● Looking carefully   ░░░░░░░░░  Watching frames · 0s / 376s · 0 hits                                  ║
║   ▸ PRES. KENNEDY                                                                                          ║
║     ● Looking carefully  ██████████  100% · 20.19MB · 997.82KB/s                                           ║
║   ▸ Selected Originals - THE ROYAL FAMILY                                                                  ║
║     ● Looking carefully  █▏░░░░░░░░  Watching frames · 31s / 284s · 0 hits                                 ║
║   ▸ ROYAL HIGHLAND GATHERING                                                                               ║
║     ● Looking carefully  ██████████  100%                                                                  ║
║                                                                                                            ║
║ ⓘ  Browser should open on its own.                                                                         ║
║                                                                                                            ║
║ Press Ctrl+C here to stop the app.                                                                         ║
╚════════════════════════════════════════════════════════════════════════════════════════════════════════════╝













[H[2J[3J╔════════════════════════════════════════════════════════════════════════════════════════════════════════════╗
║ ◆ ShtetlFrames  •  live                                                                                    ║
║ Find old film that looks traditionally Orthodox                                                            ║
╟────────────────────────────────────────────────────────────────────────────────────────────────────────────╢
║ Browser  http://127.0.0.1:8787    Review  http://127.0.0.1:8787/review                                     ║
╟────────────────────────────────────────────────────────────────────────────────────────────────────────────╢
║ ⠴  Looking through British Pathé…                                                                          ║
║                                                                                                            ║
║  ░░░░░░░░░░░░░░░░░░░░░░░░░░░░░░░░░░░    0.0%  0/85,452                                                     ║
║                                                                                                            ║
║ checked 0   clips 0   failed 0   active 8                                                                  ║
║ session  1m 03s                                                                                            ║
║                                                                                                            ║
║ Right now — cloud workers                                                                                  ║
║   ▸ Selected Originals - LIGHTNING AEROBATICS                                                              ║
║     ● Looking carefully  ██████████  100%                                                                  ║
║   ▸ RAILWAY STORY                                                                                          ║
║     ● Looking carefully  ██████▉░░░  Watching frames · 190s / 279s · 0 hits                                ║
║   ▸ INSIDE THE GATES OF SOVIET RUSSIA                                                                      ║
║     ● Looking carefully  ██████████  100%                                                                  ║
║   ▸ GALLICAN GYPSIES                                                                                       ║
║     ● Looking carefully  pod done · 20s · 3 hits                                                           ║
║   ▸ BUILDING ISRAELI SETTLEMENT aka BIRTH OF A KIBBUTZ                                                     ║
║     ● Looking carefully  ▉░░░░░░░░░  Watching frames · 31s / 376s · 0 hits                                 ║
║   ▸ PRES. KENNEDY                                                                                          ║
║     ● Looking carefully   ░░░░░░░░░  Watching frames · 0s / 340s · 0 hits                                  ║
║   ▸ Selected Originals - THE ROYAL FAMILY                                                                  ║
║     ● Looking carefully  ██████▊░░░  Watching frames · 190s / 284s · 0 hits                                ║
║   ▸ ROYAL HIGHLAND GATHERING                                                                               ║
║     ● Looking carefully  ██████████  100%                                                                  ║
║                                                                                                            ║
║ ⓘ  Browser should open on its own.                                                                         ║
║                                                                                                            ║
║ Press Ctrl+C here to stop the app.                                                                         ║
╚════════════════════════════════════════════════════════════════════════════════════════════════════════════╝













[H[2J[3J╔════════════════════════════════════════════════════════════════════════════════════════════════════════════╗
║ ◆ ShtetlFrames  ●  live                                                                                    ║
║ Find old film that looks traditionally Orthodox                                                            ║
╟────────────────────────────────────────────────────────────────────────────────────────────────────────────╢
║ Browser  http://127.0.0.1:8787    Review  http://127.0.0.1:8787/review                                     ║
╟────────────────────────────────────────────────────────────────────────────────────────────────────────────╢
║ ⠴  Looking through British Pathé…                                                                          ║
║                                                                                                            ║
║  ░░░░░░░░░░░░░░░░░░░░░░░░░░░░░░░░░░░    0.0%  0/85,452                                                     ║
║                                                                                                            ║
║ checked 0   clips 0   failed 0   active 8                                                                  ║
║ session  1m 04s                                                                                            ║
║                                                                                                            ║
║ Right now — cloud workers                                                                                  ║
║   ▸ Selected Originals - LIGHTNING AEROBATICS                                                              ║
║     ● Looking carefully  ██████████  100%                                                                  ║
║   ▸ RAILWAY STORY                                                                                          ║
║     ● Looking carefully  ██████▉░░░  Watching frames · 190s / 279s · 0 hits                                ║
║   ▸ INSIDE THE GATES OF SOVIET RUSSIA                                                                      ║
║     ● Looking carefully  ██████████  100%                                                                  ║
║   ▸ GALLICAN GYPSIES                                                                                       ║
║     ● Looking carefully  pod done · 20s · 3 hits                                                           ║
║   ▸ BUILDING ISRAELI SETTLEMENT aka BIRTH OF A KIBBUTZ                                                     ║
║     ● Looking carefully  ▉░░░░░░░░░  Watching frames · 31s / 376s · 0 hits                                 ║
║   ▸ PRES. KENNEDY                                                                                          ║
║     ● Looking carefully   ░░░░░░░░░  Watching frames · 0s / 340s · 0 hits                                  ║
║   ▸ Selected Originals - THE ROYAL FAMILY                                                                  ║
║     ● Looking carefully  ██████▊░░░  Watching frames · 190s / 284s · 0 hits                                ║
║   ▸ ROYAL HIGHLAND GATHERING                                                                               ║
║     ● Looking carefully  ██████████  100%                                                                  ║
║                                                                                                            ║
║ ⓘ  Browser should open on its own.                                                                         ║
║                                                                                                            ║
║ Press Ctrl+C here to stop the app.                                                                         ║
╚════════════════════════════════════════════════════════════════════════════════════════════════════════════╝













[H[2J[3J╔════════════════════════════════════════════════════════════════════════════════════════════════════════════╗
║ ◆ ShtetlFrames  •  live                                                                                    ║
║ Find old film that looks traditionally Orthodox                                                            ║
╟────────────────────────────────────────────────────────────────────────────────────────────────────────────╢
║ Browser  http://127.0.0.1:8787    Review  http://127.0.0.1:8787/review                                     ║
╟────────────────────────────────────────────────────────────────────────────────────────────────────────────╢
║ ⠴  Looking through British Pathé…                                                                          ║
║                                                                                                            ║
║  ░░░░░░░░░░░░░░░░░░░░░░░░░░░░░░░░░░░    0.0%  0/85,452                                                     ║
║                                                                                                            ║
║ checked 0   clips 0   failed 0   active 8                                                                  ║
║ session  1m 05s                                                                                            ║
║                                                                                                            ║
║ Right now — cloud workers                                                                                  ║
║   ▸ Selected Originals - LIGHTNING AEROBATICS                                                              ║
║     ● Looking carefully  ██████████  100%                                                                  ║
║   ▸ RAILWAY STORY                                                                                          ║
║     ● Looking carefully  ██████▉░░░  Watching frames · 190s / 279s · 0 hits                                ║
║   ▸ INSIDE THE GATES OF SOVIET RUSSIA                                                                      ║
║     ● Looking carefully  ██████████  100%                                                                  ║
║   ▸ GALLICAN GYPSIES                                                                                       ║
║     ● Looking carefully  pod done · 20s · 3 hits                                                           ║
║   ▸ BUILDING ISRAELI SETTLEMENT aka BIRTH OF A KIBBUTZ                                                     ║
║     ● Looking carefully  ▉░░░░░░░░░  Watching frames · 31s / 376s · 0 hits                                 ║
║   ▸ PRES. KENNEDY                                                                                          ║
║     ● Looking carefully   ░░░░░░░░░  Watching frames · 0s / 340s · 0 hits                                  ║
║   ▸ Selected Originals - THE ROYAL FAMILY                                                                  ║
║     ● Looking carefully  ██████▊░░░  Watching frames · 190s / 284s · 0 hits                                ║
║   ▸ ROYAL HIGHLAND GATHERING                                                                               ║
║     ● Looking carefully  ██████████  100%                                                                  ║
║                                                                                                            ║
║ ⓘ  Browser should open on its own.                                                                         ║
║                                                                                                            ║
║ Press Ctrl+C here to stop the app.                                                                         ║
╚════════════════════════════════════════════════════════════════════════════════════════════════════════════╝













[H[2J[3J╔════════════════════════════════════════════════════════════════════════════════════════════════════════════╗
║ ◆ ShtetlFrames  ·  live                                                                                    ║
║ Find old film that looks traditionally Orthodox                                                            ║
╟────────────────────────────────────────────────────────────────────────────────────────────────────────────╢
║ Browser  http://127.0.0.1:8787    Review  http://127.0.0.1:8787/review                                     ║
╟────────────────────────────────────────────────────────────────────────────────────────────────────────────╢
║ ⠴  Looking through British Pathé…                                                                          ║
║                                                                                                            ║
║  ░░░░░░░░░░░░░░░░░░░░░░░░░░░░░░░░░░░    0.0%  0/85,452                                                     ║
║                                                                                                            ║
║ checked 0   clips 0   failed 0   active 8                                                                  ║
║ session  1m 06s                                                                                            ║
║                                                                                                            ║
║ Right now — cloud workers                                                                                  ║
║   ▸ Selected Originals - LIGHTNING AEROBATICS                                                              ║
║     ● Looking carefully  ██████████  100%                                                                  ║
║   ▸ RAILWAY STORY                                                                                          ║
║     ● Looking carefully  ██████▉░░░  Watching frames · 190s / 279s · 0 hits                                ║
║   ▸ INSIDE THE GATES OF SOVIET RUSSIA                                                                      ║
║     ● Looking carefully  ██████████  100%                                                                  ║
║   ▸ GALLICAN GYPSIES                                                                                       ║
║     ● Looking carefully  pod done · 20s · 3 hits                                                           ║
║   ▸ BUILDING ISRAELI SETTLEMENT aka BIRTH OF A KIBBUTZ                                                     ║
║     ● Looking carefully  ██▍░░░░░░░  Watching frames · 85s / 376s · 0 hits                                 ║
║   ▸ PRES. KENNEDY                                                                                          ║
║     ● Looking carefully  ███▋░░░░░░  Watching frames · 120s / 340s · 0 hits                                ║
║   ▸ Selected Originals - THE ROYAL FAMILY                                                                  ║
║     ● Looking carefully  ███████▋░░  Watching frames · 216s / 284s · 0 hits                                ║
║   ▸ ROYAL HIGHLAND GATHERING                                                                               ║
║     ● Looking carefully  ██████████  100%                                                                  ║
║                                                                                                            ║
║ ⓘ  Browser should open on its own.                                                                         ║
║                                                                                                            ║
║ Press Ctrl+C here to stop the app.                                                                         ║
╚════════════════════════════════════════════════════════════════════════════════════════════════════════════╝













[H[2J[3J╔════════════════════════════════════════════════════════════════════════════════════════════════════════════╗
║ ◆ ShtetlFrames  •  live                                                                                    ║
║ Find old film that looks traditionally Orthodox                                                            ║
╟────────────────────────────────────────────────────────────────────────────────────────────────────────────╢
║ Browser  http://127.0.0.1:8787    Review  http://127.0.0.1:8787/review                                     ║
╟────────────────────────────────────────────────────────────────────────────────────────────────────────────╢
║ ⠴  Looking through British Pathé…                                                                          ║
║                                                                                                            ║
║  ░░░░░░░░░░░░░░░░░░░░░░░░░░░░░░░░░░░    0.0%  0/85,452                                                     ║
║                                                                                                            ║
║ checked 0   clips 0   failed 0   active 8                                                                  ║
║ session  1m 07s                                                                                            ║
║                                                                                                            ║
║ Right now — cloud workers                                                                                  ║
║   ▸ Selected Originals - LIGHTNING AEROBATICS                                                              ║
║     ● Looking carefully  ██████████  100%                                                                  ║
║   ▸ RAILWAY STORY                                                                                          ║
║     ● Looking carefully  ██████▉░░░  Watching frames · 190s / 279s · 0 hits                                ║
║   ▸ INSIDE THE GATES OF SOVIET RUSSIA                                                                      ║
║     ● Looking carefully  ██████████  100%                                                                  ║
║   ▸ GALLICAN GYPSIES                                                                                       ║
║     ● Looking carefully  pod done · 20s · 3 hits                                                           ║
║   ▸ BUILDING ISRAELI SETTLEMENT aka BIRTH OF A KIBBUTZ                                                     ║
║     ● Looking carefully  ██▍░░░░░░░  Watching frames · 85s / 376s · 0 hits                                 ║
║   ▸ PRES. KENNEDY                                                                                          ║
║     ● Looking carefully  ███▋░░░░░░  Watching frames · 120s / 340s · 0 hits                                ║
║   ▸ Selected Originals - THE ROYAL FAMILY                                                                  ║
║     ● Looking carefully  ███████▋░░  Watching frames · 216s / 284s · 0 hits                                ║
║   ▸ ROYAL HIGHLAND GATHERING                                                                               ║
║     ● Looking carefully  ██████████  100%                                                                  ║
║                                                                                                            ║
║ ⓘ  Browser should open on its own.                                                                         ║
║                                                                                                            ║
║ Press Ctrl+C here to stop the app.                                                                         ║
╚════════════════════════════════════════════════════════════════════════════════════════════════════════════╝













[H[2J[3J╔════════════════════════════════════════════════════════════════════════════════════════════════════════════╗
║ ◆ ShtetlFrames  ●  live                                                                                    ║
║ Find old film that looks traditionally Orthodox                                                            ║
╟────────────────────────────────────────────────────────────────────────────────────────────────────────────╢
║ Browser  http://127.0.0.1:8787    Review  http://127.0.0.1:8787/review                                     ║
╟────────────────────────────────────────────────────────────────────────────────────────────────────────────╢
║ ⠴  Looking through British Pathé…                                                                          ║
║                                                                                                            ║
║  ░░░░░░░░░░░░░░░░░░░░░░░░░░░░░░░░░░░    0.0%  0/85,452                                                     ║
║                                                                                                            ║
║ checked 0   clips 0   failed 0   active 8                                                                  ║
║ session  1m 08s                                                                                            ║
║                                                                                                            ║
║ Right now — cloud workers                                                                                  ║
║   ▸ Selected Originals - LIGHTNING AEROBATICS                                                              ║
║     ● Looking carefully  ██████████  100%                                                                  ║
║   ▸ RAILWAY STORY                                                                                          ║
║     ● Looking carefully  ██████▉░░░  Watching frames · 190s / 279s · 0 hits                                ║
║   ▸ INSIDE THE GATES OF SOVIET RUSSIA                                                                      ║
║     ● Looking carefully  ██████████  100%                                                                  ║
║   ▸ GALLICAN GYPSIES                                                                                       ║
║     ● Looking carefully  pod done · 20s · 3 hits                                                           ║
║   ▸ BUILDING ISRAELI SETTLEMENT aka BIRTH OF A KIBBUTZ                                                     ║
║     ● Looking carefully  ██▍░░░░░░░  Watching frames · 85s / 376s · 0 hits                                 ║
║   ▸ PRES. KENNEDY                                                                                          ║
║     ● Looking carefully  ███▋░░░░░░  Watching frames · 120s / 340s · 0 hits                                ║
║   ▸ Selected Originals - THE ROYAL FAMILY                                                                  ║
║     ● Looking carefully  ███████▋░░  Watching frames · 216s / 284s · 0 hits                                ║
║   ▸ ROYAL HIGHLAND GATHERING                                                                               ║
║     ● Looking carefully  ██████████  100%                                                                  ║
║                                                                                                            ║
║ ⓘ  Browser should open on its own.                                                                         ║
║                                                                                                            ║
║ Press Ctrl+C here to stop the app.                                                                         ║
╚════════════════════════════════════════════════════════════════════════════════════════════════════════════╝













[H[2J[3J╔════════════════════════════════════════════════════════════════════════════════════════════════════════════╗
║ ◆ ShtetlFrames  •  live                                                                                    ║
║ Find old film that looks traditionally Orthodox                                                            ║
╟────────────────────────────────────────────────────────────────────────────────────────────────────────────╢
║ Browser  http://127.0.0.1:8787    Review  http://127.0.0.1:8787/review                                     ║
╟────────────────────────────────────────────────────────────────────────────────────────────────────────────╢
║ ⠦  Looking through British Pathé…                                                                          ║
║                                                                                                            ║
║  ░░░░░░░░░░░░░░░░░░░░░░░░░░░░░░░░░░░    0.0%  0/85,452                                                     ║
║                                                                                                            ║
║ checked 0   clips 0   failed 0   active 8                                                                  ║
║ session  1m 09s                                                                                            ║
║                                                                                                            ║
║ Right now — cloud workers                                                                                  ║
║   ▸ Selected Originals - LIGHTNING AEROBATICS                                                              ║
║     ● Looking carefully  ██████████  100%                                                                  ║
║   ▸ RAILWAY STORY                                                                                          ║
║     ● Looking carefully  ██████▉░░░  Watching frames · 190s / 279s · 0 hits                                ║
║   ▸ INSIDE THE GATES OF SOVIET RUSSIA                                                                      ║
║     ● Looking carefully  ██████████  100%                                                                  ║
║   ▸ GALLICAN GYPSIES                                                                                       ║
║     ● Looking carefully  pod done · 20s · 3 hits                                                           ║
║   ▸ BUILDING ISRAELI SETTLEMENT aka BIRTH OF A KIBBUTZ                                                     ║
║     ● Looking carefully  ███░░░░░░░  Watching frames · 110s / 376s · 0 hits                                ║
║   ▸ PRES. KENNEDY                                                                                          ║
║     ● Looking carefully  █████▋░░░░  Watching frames · 190s / 340s · 0 hits                                ║
║   ▸ Selected Originals - THE ROYAL FAMILY                                                                  ║
║     ● Looking carefully  ████████▊░  Watching frames · 245s / 284s · 0 hits                                ║
║   ▸ ROYAL HIGHLAND GATHERING                                                                               ║
║     ● Looking carefully  ██████████  100%                                                                  ║
║                                                                                                            ║
║ ⓘ  Browser should open on its own.                                                                         ║
║                                                                                                            ║
║ Press Ctrl+C here to stop the app.                                                                         ║
╚════════════════════════════════════════════════════════════════════════════════════════════════════════════╝













[H[2J[3J╔════════════════════════════════════════════════════════════════════════════════════════════════════════════╗
║ ◆ ShtetlFrames  ·  live                                                                                    ║
║ Find old film that looks traditionally Orthodox                                                            ║
╟────────────────────────────────────────────────────────────────────────────────────────────────────────────╢
║ Browser  http://127.0.0.1:8787    Review  http://127.0.0.1:8787/review                                     ║
╟────────────────────────────────────────────────────────────────────────────────────────────────────────────╢
║ ⠦  Looking through British Pathé…                                                                          ║
║                                                                                                            ║
║  ░░░░░░░░░░░░░░░░░░░░░░░░░░░░░░░░░░░    0.0%  0/85,452                                                     ║
║                                                                                                            ║
║ checked 0   clips 0   failed 0   active 8                                                                  ║
║ session  1m 10s                                                                                            ║
║                                                                                                            ║
║ Right now — cloud workers                                                                                  ║
║   ▸ Selected Originals - LIGHTNING AEROBATICS                                                              ║
║     ● Looking carefully  ██████████  100%                                                                  ║
║   ▸ RAILWAY STORY                                                                                          ║
║     ● Looking carefully  ██████▉░░░  Watching frames · 190s / 279s · 0 hits                                ║
║   ▸ INSIDE THE GATES OF SOVIET RUSSIA                                                                      ║
║     ● Looking carefully  ██████████  100%                                                                  ║
║   ▸ GALLICAN GYPSIES                                                                                       ║
║     ● Looking carefully  pod done · 20s · 3 hits                                                           ║
║   ▸ BUILDING ISRAELI SETTLEMENT aka BIRTH OF A KIBBUTZ                                                     ║
║     ● Looking carefully  ███░░░░░░░  Watching frames · 110s / 376s · 0 hits                                ║
║   ▸ PRES. KENNEDY                                                                                          ║
║     ● Looking carefully  █████▋░░░░  Watching frames · 190s / 340s · 0 hits                                ║
║   ▸ Selected Originals - THE ROYAL FAMILY                                                                  ║
║     ● Looking carefully  ████████▊░  Watching frames · 245s / 284s · 0 hits                                ║
║   ▸ ROYAL HIGHLAND GATHERING                                                                               ║
║     ● Looking carefully  ██████████  100%                                                                  ║
║                                                                                                            ║
║ ⓘ  Browser should open on its own.                                                                         ║
║                                                                                                            ║
║ Press Ctrl+C here to stop the app.                                                                         ║
╚════════════════════════════════════════════════════════════════════════════════════════════════════════════╝













[H[2J[3J╔════════════════════════════════════════════════════════════════════════════════════════════════════════════╗
║ ◆ ShtetlFrames  •  live                                                                                    ║
║ Find old film that looks traditionally Orthodox                                                            ║
╟────────────────────────────────────────────────────────────────────────────────────────────────────────────╢
║ Browser  http://127.0.0.1:8787    Review  http://127.0.0.1:8787/review                                     ║
╟────────────────────────────────────────────────────────────────────────────────────────────────────────────╢
║ ⠦  Looking through British Pathé…                                                                          ║
║                                                                                                            ║
║  ░░░░░░░░░░░░░░░░░░░░░░░░░░░░░░░░░░░    0.0%  0/85,452                                                     ║
║                                                                                                            ║
║ checked 0   clips 0   failed 0   active 8                                                                  ║
║ session  1m 11s                                                                                            ║
║                                                                                                            ║
║ Right now — cloud workers                                                                                  ║
║   ▸ Selected Originals - LIGHTNING AEROBATICS                                                              ║
║     ● Looking carefully  ██████████  100%                                                                  ║
║   ▸ RAILWAY STORY                                                                                          ║
║     ● Looking carefully  ██████▉░░░  Watching frames · 190s / 279s · 0 hits                                ║
║   ▸ INSIDE THE GATES OF SOVIET RUSSIA                                                                      ║
║     ● Looking carefully  ██████████  100%                                                                  ║
║   ▸ GALLICAN GYPSIES                                                                                       ║
║     ● Looking carefully  pod done · 20s · 3 hits                                                           ║
║   ▸ BUILDING ISRAELI SETTLEMENT aka BIRTH OF A KIBBUTZ                                                     ║
║     ● Looking carefully  ███░░░░░░░  Watching frames · 110s / 376s · 0 hits                                ║
║   ▸ PRES. KENNEDY                                                                                          ║
║     ● Looking carefully  █████▋░░░░  Watching frames · 190s / 340s · 0 hits                                ║
║   ▸ Selected Originals - THE ROYAL FAMILY                                                                  ║
║     ● Looking carefully  ████████▊░  Watching frames · 245s / 284s · 0 hits                                ║
║   ▸ ROYAL HIGHLAND GATHERING                                                                               ║
║     ● Looking carefully  ██████████  100%                                                                  ║
║                                                                                                            ║
║ ⓘ  Browser should open on its own.                                                                         ║
║                                                                                                            ║
║ Press Ctrl+C here to stop the app.                                                                         ║
╚════════════════════════════════════════════════════════════════════════════════════════════════════════════╝













[H[2J[3J╔════════════════════════════════════════════════════════════════════════════════════════════════════════════╗
║ ◆ ShtetlFrames  ●  live                                                                                    ║
║ Find old film that looks traditionally Orthodox                                                            ║
╟────────────────────────────────────────────────────────────────────────────────────────────────────────────╢
║ Browser  http://127.0.0.1:8787    Review  http://127.0.0.1:8787/review                                     ║
╟────────────────────────────────────────────────────────────────────────────────────────────────────────────╢
║ ⠦  Looking through British Pathé…                                                                          ║
║                                                                                                            ║
║  ░░░░░░░░░░░░░░░░░░░░░░░░░░░░░░░░░░░    0.0%  0/85,452                                                     ║
║                                                                                                            ║
║ checked 0   clips 0   failed 0   active 8                                                                  ║
║ session  1m 12s                                                                                            ║
║                                                                                                            ║
║ Right now — cloud workers                                                                                  ║
║   ▸ Selected Originals - LIGHTNING AEROBATICS                                                              ║
║     ● Looking carefully  ██████████  100%                                                                  ║
║   ▸ RAILWAY STORY                                                                                          ║
║     ● Looking carefully  ██████▉░░░  Watching frames · 190s / 279s · 0 hits                                ║
║   ▸ INSIDE THE GATES OF SOVIET RUSSIA                                                                      ║
║     ● Looking carefully  ██████████  100%                                                                  ║
║   ▸ GALLICAN GYPSIES                                                                                       ║
║     ● Looking carefully  pod done · 20s · 3 hits                                                           ║
║   ▸ BUILDING ISRAELI SETTLEMENT aka BIRTH OF A KIBBUTZ                                                     ║
║     ● Looking carefully  ████▍░░░░░  Watching frames · 160s / 376s · 0 hits                                ║
║   ▸ PRES. KENNEDY                                                                                          ║
║     ● Looking carefully  ███████▊░░  Watching frames · 260s / 340s · 0 hits                                ║
║   ▸ Selected Originals - THE ROYAL FAMILY                                                                  ║
║     ● Looking carefully  ████████▊░  Watching frames · 245s / 284s · 0 hits                                ║
║   ▸ ROYAL HIGHLAND GATHERING                                                                               ║
║     ● Looking carefully  ██████████  100%                                                                  ║
║                                                                                                            ║
║ ⓘ  Browser should open on its own.                                                                         ║
║                                                                                                            ║
║ Press Ctrl+C here to stop the app.                                                                         ║
╚════════════════════════════════════════════════════════════════════════════════════════════════════════════╝













[H[2J[3J╔════════════════════════════════════════════════════════════════════════════════════════════════════════════╗
║ ◆ ShtetlFrames  ●  live                                                                                    ║
║ Find old film that looks traditionally Orthodox                                                            ║
╟────────────────────────────────────────────────────────────────────────────────────────────────────────────╢
║ Browser  http://127.0.0.1:8787    Review  http://127.0.0.1:8787/review                                     ║
╟────────────────────────────────────────────────────────────────────────────────────────────────────────────╢
║ ⠦  Looking through British Pathé…                                                                          ║
║                                                                                                            ║
║  ░░░░░░░░░░░░░░░░░░░░░░░░░░░░░░░░░░░    0.0%  0/85,452                                                     ║
║                                                                                                            ║
║ checked 0   clips 0   failed 0   active 8                                                                  ║
║ session  1m 13s                                                                                            ║
║                                                                                                            ║
║ Right now — cloud workers                                                                                  ║
║   ▸ Selected Originals - LIGHTNING AEROBATICS                                                              ║
║     ● Looking carefully  ██████████  100%                                                                  ║
║   ▸ RAILWAY STORY                                                                                          ║
║     ● Looking carefully  ██████▉░░░  Watching frames · 190s / 279s · 0 hits                                ║
║   ▸ INSIDE THE GATES OF SOVIET RUSSIA                                                                      ║
║     ● Looking carefully  ██████████  100%                                                                  ║
║   ▸ GALLICAN GYPSIES                                                                                       ║
║     ● Looking carefully  pod done · 20s · 3 hits                                                           ║
║   ▸ BUILDING ISRAELI SETTLEMENT aka BIRTH OF A KIBBUTZ                                                     ║
║     ● Looking carefully  ████▍░░░░░  Watching frames · 160s / 376s · 0 hits                                ║
║   ▸ PRES. KENNEDY                                                                                          ║
║     ● Looking carefully  ███████▊░░  Watching frames · 260s / 340s · 0 hits                                ║
║   ▸ Selected Originals - THE ROYAL FAMILY                                                                  ║
║     ● Looking carefully  ████████▊░  Watching frames · 245s / 284s · 0 hits                                ║
║   ▸ ROYAL HIGHLAND GATHERING                                                                               ║
║     ● Looking carefully  ██████████  100%                                                                  ║
║                                                                                                            ║
║ ⓘ  Browser should open on its own.                                                                         ║
║                                                                                                            ║
║ Press Ctrl+C here to stop the app.                                                                         ║
╚════════════════════════════════════════════════════════════════════════════════════════════════════════════╝













[H[2J[3J╔════════════════════════════════════════════════════════════════════════════════════════════════════════════╗
║ ◆ ShtetlFrames  •  live                                                                                    ║
║ Find old film that looks traditionally Orthodox                                                            ║
╟────────────────────────────────────────────────────────────────────────────────────────────────────────────╢
║ Browser  http://127.0.0.1:8787    Review  http://127.0.0.1:8787/review                                     ║
╟────────────────────────────────────────────────────────────────────────────────────────────────────────────╢
║ ⠦  Looking through British Pathé…                                                                          ║
║                                                                                                            ║
║  ░░░░░░░░░░░░░░░░░░░░░░░░░░░░░░░░░░░    0.0%  0/85,452                                                     ║
║                                                                                                            ║
║ checked 0   clips 0   failed 0   active 8                                                                  ║
║ session  1m 14s                                                                                            ║
║                                                                                                            ║
║ Right now — cloud workers                                                                                  ║
║   ▸ Selected Originals - LIGHTNING AEROBATICS                                                              ║
║     ● Looking carefully  ██████████  100%                                                                  ║
║   ▸ RAILWAY STORY                                                                                          ║
║     ● Looking carefully  ██████▉░░░  Watching frames · 190s / 279s · 0 hits                                ║
║   ▸ INSIDE THE GATES OF SOVIET RUSSIA                                                                      ║
║     ● Looking carefully  ██████████  100%                                                                  ║
║   ▸ GALLICAN GYPSIES                                                                                       ║
║     ● Looking carefully  pod done · 20s · 3 hits                                                           ║
║   ▸ BUILDING ISRAELI SETTLEMENT aka BIRTH OF A KIBBUTZ                                                     ║
║     ● Looking carefully  ████▍░░░░░  Watching frames · 160s / 376s · 0 hits                                ║
║   ▸ PRES. KENNEDY                                                                                          ║
║     ● Looking carefully  ███████▊░░  Watching frames · 260s / 340s · 0 hits                                ║
║   ▸ Selected Originals - THE ROYAL FAMILY                                                                  ║
║     ● Looking carefully  ████████▊░  Watching frames · 245s / 284s · 0 hits                                ║
║   ▸ ROYAL HIGHLAND GATHERING                                                                               ║
║     ● Looking carefully  ██████████  100%                                                                  ║
║                                                                                                            ║
║ ⓘ  Browser should open on its own.                                                                         ║
║                                                                                                            ║
║ Press Ctrl+C here to stop the app.                                                                         ║
╚════════════════════════════════════════════════════════════════════════════════════════════════════════════╝













[H[2J[3J╔════════════════════════════════════════════════════════════════════════════════════════════════════════════╗
║ ◆ ShtetlFrames  ·  live                                                                                    ║
║ Find old film that looks traditionally Orthodox                                                            ║
╟────────────────────────────────────────────────────────────────────────────────────────────────────────────╢
║ Browser  http://127.0.0.1:8787    Review  http://127.0.0.1:8787/review                                     ║
╟────────────────────────────────────────────────────────────────────────────────────────────────────────────╢
║ ⠧  Looking through British Pathé…                                                                          ║
║                                                                                                            ║
║  ░░░░░░░░░░░░░░░░░░░░░░░░░░░░░░░░░░░    0.0%  0/85,452                                                     ║
║                                                                                                            ║
║ checked 0   clips 0   failed 0   active 8                                                                  ║
║ session  1m 15s                                                                                            ║
║                                                                                                            ║
║ Right now — cloud workers                                                                                  ║
║   ▸ Selected Originals - LIGHTNING AEROBATICS                                                              ║
║     ● Looking carefully  ██████████  100%                                                                  ║
║   ▸ RAILWAY STORY                                                                                          ║
║     ● Looking carefully  ██████▉░░░  Watching frames · 190s / 279s · 0 hits                                ║
║   ▸ INSIDE THE GATES OF SOVIET RUSSIA                                                                      ║
║     ● Looking carefully  ██████████  100%                                                                  ║
║   ▸ GALLICAN GYPSIES                                                                                       ║
║     ● Looking carefully  pod done · 20s · 3 hits                                                           ║
║   ▸ BUILDING ISRAELI SETTLEMENT aka BIRTH OF A KIBBUTZ                                                     ║
║     ● Looking carefully  █████▉░░░░  Watching frames · 220s / 376s · 0 hits                                ║
║   ▸ PRES. KENNEDY                                                                                          ║
║     ● Looking carefully  ██████████  100%                                                                  ║
║   ▸ Selected Originals - THE ROYAL FAMILY                                                                  ║
║     ● Looking carefully  ████████▊░  Watching frames · 245s / 284s · 0 hits                                ║
║   ▸ ROYAL HIGHLAND GATHERING                                                                               ║
║     ● Looking carefully  ██████████  100%                                                                  ║
║                                                                                                            ║
║ ⓘ  Browser should open on its own.                                                                         ║
║                                                                                                            ║
║ Press Ctrl+C here to stop the app.                                                                         ║
╚════════════════════════════════════════════════════════════════════════════════════════════════════════════╝













[H[2J[3J╔════════════════════════════════════════════════════════════════════════════════════════════════════════════╗
║ ◆ ShtetlFrames  •  live                                                                                    ║
║ Find old film that looks traditionally Orthodox                                                            ║
╟────────────────────────────────────────────────────────────────────────────────────────────────────────────╢
║ Browser  http://127.0.0.1:8787    Review  http://127.0.0.1:8787/review                                     ║
╟────────────────────────────────────────────────────────────────────────────────────────────────────────────╢
║ ⠧  Looking through British Pathé…                                                                          ║
║                                                                                                            ║
║  ░░░░░░░░░░░░░░░░░░░░░░░░░░░░░░░░░░░    0.0%  0/85,452                                                     ║
║                                                                                                            ║
║ checked 0   clips 0   failed 0   active 8                                                                  ║
║ session  1m 16s                                                                                            ║
║                                                                                                            ║
║ Right now — cloud workers                                                                                  ║
║   ▸ Selected Originals - LIGHTNING AEROBATICS                                                              ║
║     ● Looking carefully  ██████████  100%                                                                  ║
║   ▸ RAILWAY STORY                                                                                          ║
║     ● Looking carefully  ██████▉░░░  Watching frames · 190s / 279s · 0 hits                                ║
║   ▸ INSIDE THE GATES OF SOVIET RUSSIA                                                                      ║
║     ● Looking carefully  ██████████  100%                                                                  ║
║   ▸ GALLICAN GYPSIES                                                                                       ║
║     ● Looking carefully  pod done · 20s · 3 hits                                                           ║
║   ▸ BUILDING ISRAELI SETTLEMENT aka BIRTH OF A KIBBUTZ                                                     ║
║     ● Looking carefully  █████▉░░░░  Watching frames · 220s / 376s · 0 hits                                ║
║   ▸ PRES. KENNEDY                                                                                          ║
║     ● Looking carefully  ██████████  100%                                                                  ║
║   ▸ Selected Originals - THE ROYAL FAMILY                                                                  ║
║     ● Looking carefully  ████████▊░  Watching frames · 245s / 284s · 0 hits                                ║
║   ▸ ROYAL HIGHLAND GATHERING                                                                               ║
║     ● Looking carefully  ██████████  100%                                                                  ║
║                                                                                                            ║
║ ⓘ  Browser should open on its own.                                                                         ║
║                                                                                                            ║
║ Press Ctrl+C here to stop the app.                                                                         ║
╚════════════════════════════════════════════════════════════════════════════════════════════════════════════╝













[H[2J[3J╔════════════════════════════════════════════════════════════════════════════════════════════════════════════╗
║ ◆ ShtetlFrames  ●  live                                                                                    ║
║ Find old film that looks traditionally Orthodox                                                            ║
╟────────────────────────────────────────────────────────────────────────────────────────────────────────────╢
║ Browser  http://127.0.0.1:8787    Review  http://127.0.0.1:8787/review                                     ║
╟────────────────────────────────────────────────────────────────────────────────────────────────────────────╢
║ ⠧  Looking through British Pathé…                                                                          ║
║                                                                                                            ║
║  ░░░░░░░░░░░░░░░░░░░░░░░░░░░░░░░░░░░    0.0%  0/85,452                                                     ║
║                                                                                                            ║
║ checked 0   clips 0   failed 0   active 8                                                                  ║
║ session  1m 17s                                                                                            ║
║                                                                                                            ║
║ Right now — cloud workers                                                                                  ║
║   ▸ Selected Originals - LIGHTNING AEROBATICS                                                              ║
║     ● Looking carefully  ██████████  100%                                                                  ║
║   ▸ RAILWAY STORY                                                                                          ║
║     ● Looking carefully  ██████▉░░░  Watching frames · 190s / 279s · 0 hits                                ║
║   ▸ INSIDE THE GATES OF SOVIET RUSSIA                                                                      ║
║     ● Looking carefully  ██████████  100%                                                                  ║
║   ▸ GALLICAN GYPSIES                                                                                       ║
║     ● Looking carefully  pod done · 20s · 3 hits                                                           ║
║   ▸ BUILDING ISRAELI SETTLEMENT aka BIRTH OF A KIBBUTZ                                                     ║
║     ● Looking carefully  ██████▎░░░  Watching frames · 231s / 376s · 0 hits                                ║
║   ▸ PRES. KENNEDY                                                                                          ║
║     ● Looking carefully  ██████████  100%                                                                  ║
║   ▸ Selected Originals - THE ROYAL FAMILY                                                                  ║
║     ● Looking carefully  ████████▊░  Watching frames · 245s / 284s · 0 hits                                ║
║   ▸ ROYAL HIGHLAND GATHERING                                                                               ║
║     ● Looking carefully  ██████████  100%                                                                  ║
║                                                                                                            ║
║ ⓘ  Browser should open on its own.                                                                         ║
║                                                                                                            ║
║ Press Ctrl+C here to stop the app.                                                                         ║
╚════════════════════════════════════════════════════════════════════════════════════════════════════════════╝













[H[2J[3J╔════════════════════════════════════════════════════════════════════════════════════════════════════════════╗
║ ◆ ShtetlFrames  •  live                                                                                    ║
║ Find old film that looks traditionally Orthodox                                                            ║
╟────────────────────────────────────────────────────────────────────────────────────────────────────────────╢
║ Browser  http://127.0.0.1:8787    Review  http://127.0.0.1:8787/review                                     ║
╟────────────────────────────────────────────────────────────────────────────────────────────────────────────╢
║ ⠧  Looking through British Pathé…                                                                          ║
║                                                                                                            ║
║  ░░░░░░░░░░░░░░░░░░░░░░░░░░░░░░░░░░░    0.0%  0/85,452                                                     ║
║                                                                                                            ║
║ checked 0   clips 0   failed 0   active 8                                                                  ║
║ session  1m 18s                                                                                            ║
║                                                                                                            ║
║ Right now — cloud workers                                                                                  ║
║   ▸ Selected Originals - LIGHTNING AEROBATICS                                                              ║
║     ● Looking carefully  ██████████  100%                                                                  ║
║   ▸ RAILWAY STORY                                                                                          ║
║     ● Looking carefully  ██████▉░░░  Watching frames · 190s / 279s · 0 hits                                ║
║   ▸ INSIDE THE GATES OF SOVIET RUSSIA                                                                      ║
║     ● Looking carefully  ██████████  100%                                                                  ║
║   ▸ GALLICAN GYPSIES                                                                                       ║
║     ● Looking carefully  pod done · 20s · 3 hits                                                           ║
║   ▸ BUILDING ISRAELI SETTLEMENT aka BIRTH OF A KIBBUTZ                                                     ║
║     ● Looking carefully  ██████▎░░░  Watching frames · 231s / 376s · 0 hits                                ║
║   ▸ PRES. KENNEDY                                                                                          ║
║     ● Looking carefully  ██████████  100%                                                                  ║
║   ▸ Selected Originals - THE ROYAL FAMILY                                                                  ║
║     ● Looking carefully  ████████▊░  Watching frames · 245s / 284s · 0 hits                                ║
║   ▸ ROYAL HIGHLAND GATHERING                                                                               ║
║     ● Looking carefully  ██████████  100%                                                                  ║
║                                                                                                            ║
║ ⓘ  Browser should open on its own.                                                                         ║
║                                                                                                            ║
║ Press Ctrl+C here to stop the app.                                                                         ║
╚════════════════════════════════════════════════════════════════════════════════════════════════════════════╝













[H[2J[3J╔════════════════════════════════════════════════════════════════════════════════════════════════════════════╗
║ ◆ ShtetlFrames  ·  live                                                                                    ║
║ Find old film that looks traditionally Orthodox                                                            ║
╟────────────────────────────────────────────────────────────────────────────────────────────────────────────╢
║ Browser  http://127.0.0.1:8787    Review  http://127.0.0.1:8787/review                                     ║
╟────────────────────────────────────────────────────────────────────────────────────────────────────────────╢
║ ⠧  Looking through British Pathé…                                                                          ║
║                                                                                                            ║
║  ░░░░░░░░░░░░░░░░░░░░░░░░░░░░░░░░░░░    0.0%  0/85,452                                                     ║
║                                                                                                            ║
║ checked 0   clips 0   failed 0   active 8                                                                  ║
║ session  1m 19s                                                                                            ║
║                                                                                                            ║
║ Right now — cloud workers                                                                                  ║
║   ▸ Selected Originals - LIGHTNING AEROBATICS                                                              ║
║     ● Looking carefully  ██████████  100%                                                                  ║
║   ▸ RAILWAY STORY                                                                                          ║
║     ● Looking carefully  ██████▉░░░  Watching frames · 190s / 279s · 0 hits                                ║
║   ▸ INSIDE THE GATES OF SOVIET RUSSIA                                                                      ║
║     ● Looking carefully  ██████████  100%                                                                  ║
║   ▸ GALLICAN GYPSIES                                                                                       ║
║     ● Looking carefully  pod done · 20s · 3 hits                                                           ║
║   ▸ BUILDING ISRAELI SETTLEMENT aka BIRTH OF A KIBBUTZ                                                     ║
║     ● Looking carefully  ██████▎░░░  Watching frames · 231s / 376s · 0 hits                                ║
║   ▸ PRES. KENNEDY                                                                                          ║
║     ● Looking carefully  ██████████  100%                                                                  ║
║   ▸ Selected Originals - THE ROYAL FAMILY                                                                  ║
║     ● Looking carefully  ████████▊░  Watching frames · 245s / 284s · 0 hits                                ║
║   ▸ ROYAL HIGHLAND GATHERING                                                                               ║
║     ● Looking carefully  ██████████  100%                                                                  ║
║                                                                                                            ║
║ ⓘ  Browser should open on its own.                                                                         ║
║                                                                                                            ║
║ Press Ctrl+C here to stop the app.                                                                         ║
╚════════════════════════════════════════════════════════════════════════════════════════════════════════════╝













[H[2J[3J╔════════════════════════════════════════════════════════════════════════════════════════════════════════════╗
║ ◆ ShtetlFrames  •  live                                                                                    ║
║ Find old film that looks traditionally Orthodox                                                            ║
╟────────────────────────────────────────────────────────────────────────────────────────────────────────────╢
║ Browser  http://127.0.0.1:8787    Review  http://127.0.0.1:8787/review                                     ║
╟────────────────────────────────────────────────────────────────────────────────────────────────────────────╢
║ ⠧  Looking through British Pathé…                                                                          ║
║                                                                                                            ║
║  ░░░░░░░░░░░░░░░░░░░░░░░░░░░░░░░░░░░    0.0%  0/85,452                                                     ║
║                                                                                                            ║
║ checked 0   clips 0   failed 0   active 8                                                                  ║
║ session  1m 20s                                                                                            ║
║                                                                                                            ║
║ Right now — cloud workers                                                                                  ║
║   ▸ Selected Originals - LIGHTNING AEROBATICS                                                              ║
║     ● Looking carefully  ██████████  100%                                                                  ║
║   ▸ RAILWAY STORY                                                                                          ║
║     ● Looking carefully  ██████▉░░░  Watching frames · 190s / 279s · 0 hits                                ║
║   ▸ INSIDE THE GATES OF SOVIET RUSSIA                                                                      ║
║     ● Looking carefully  ██████████  100%                                                                  ║
║   ▸ GALLICAN GYPSIES                                                                                       ║
║     ● Looking carefully  pod done · 20s · 3 hits                                                           ║
║   ▸ BUILDING ISRAELI SETTLEMENT aka BIRTH OF A KIBBUTZ                                                     ║
║     ● Looking carefully  ██████▉░░░  Watching frames · 255s / 376s · 0 hits                                ║
║   ▸ PRES. KENNEDY                                                                                          ║
║     ● Looking carefully  ██████████  100%                                                                  ║
║   ▸ Selected Originals - THE ROYAL FAMILY                                                                  ║
║     ● Looking carefully  ████████▊░  Watching frames · 245s / 284s · 0 hits                                ║
║   ▸ ROYAL HIGHLAND GATHERING                                                                               ║
║     ● Looking carefully  ██████████  100%                                                                  ║
║                                                                                                            ║
║ ⓘ  Browser should open on its own.                                                                         ║
║                                                                                                            ║
║ Press Ctrl+C here to stop the app.                                                                         ║
╚════════════════════════════════════════════════════════════════════════════════════════════════════════════╝













[H[2J[3J╔════════════════════════════════════════════════════════════════════════════════════════════════════════════╗
║ ◆ ShtetlFrames  ●  live                                                                                    ║
║ Find old film that looks traditionally Orthodox                                                            ║
╟────────────────────────────────────────────────────────────────────────────────────────────────────────────╢
║ Browser  http://127.0.0.1:8787    Review  http://127.0.0.1:8787/review                                     ║
╟────────────────────────────────────────────────────────────────────────────────────────────────────────────╢
║ ⠇  Looking through British Pathé…                                                                          ║
║                                                                                                            ║
║  ░░░░░░░░░░░░░░░░░░░░░░░░░░░░░░░░░░░    0.0%  0/85,452                                                     ║
║                                                                                                            ║
║ checked 0   clips 0   failed 0   active 8                                                                  ║
║ session  1m 21s                                                                                            ║
║                                                                                                            ║
║ Right now — cloud workers                                                                                  ║
║   ▸ Selected Originals - LIGHTNING AEROBATICS                                                              ║
║     ● Looking carefully  ██████████  100%                                                                  ║
║   ▸ RAILWAY STORY                                                                                          ║
║     ● Looking carefully  ██████▉░░░  Watching frames · 190s / 279s · 0 hits                                ║
║   ▸ INSIDE THE GATES OF SOVIET RUSSIA                                                                      ║
║     ● Looking carefully  ██████████  100%                                                                  ║
║   ▸ GALLICAN GYPSIES                                                                                       ║
║     ● Looking carefully  pod done · 20s · 3 hits                                                           ║
║   ▸ BUILDING ISRAELI SETTLEMENT aka BIRTH OF A KIBBUTZ                                                     ║
║     ● Looking carefully  ██████▉░░░  Watching frames · 255s / 376s · 0 hits                                ║
║   ▸ PRES. KENNEDY                                                                                          ║
║     ● Looking carefully  ██████████  100%                                                                  ║
║   ▸ Selected Originals - THE ROYAL FAMILY                                                                  ║
║     ● Looking carefully  ████████▊░  Watching frames · 245s / 284s · 0 hits                                ║
║   ▸ ROYAL HIGHLAND GATHERING                                                                               ║
║     ● Looking carefully  ██████████  100%                                                                  ║
║                                                                                                            ║
║ ⓘ  Browser should open on its own.                                                                         ║
║                                                                                                            ║
║ Press Ctrl+C here to stop the app.                                                                         ║
╚════════════════════════════════════════════════════════════════════════════════════════════════════════════╝













[H[2J[3J╔════════════════════════════════════════════════════════════════════════════════════════════════════════════╗
║ ◆ ShtetlFrames  •  live                                                                                    ║
║ Find old film that looks traditionally Orthodox                                                            ║
╟────────────────────────────────────────────────────────────────────────────────────────────────────────────╢
║ Browser  http://127.0.0.1:8787    Review  http://127.0.0.1:8787/review                                     ║
╟────────────────────────────────────────────────────────────────────────────────────────────────────────────╢
║ ⠇  Looking through British Pathé…                                                                          ║
║                                                                                                            ║
║  ░░░░░░░░░░░░░░░░░░░░░░░░░░░░░░░░░░░    0.0%  0/85,452                                                     ║
║                                                                                                            ║
║ checked 0   clips 0   failed 0   active 8                                                                  ║
║ session  1m 22s                                                                                            ║
║                                                                                                            ║
║ Right now — cloud workers                                                                                  ║
║   ▸ Selected Originals - LIGHTNING AEROBATICS                                                              ║
║     ● Looking carefully  ██████████  100%                                                                  ║
║   ▸ RAILWAY STORY                                                                                          ║
║     ● Looking carefully  ██████▉░░░  Watching frames · 190s / 279s · 0 hits                                ║
║   ▸ INSIDE THE GATES OF SOVIET RUSSIA                                                                      ║
║     ● Looking carefully  ██████████  100%                                                                  ║
║   ▸ GALLICAN GYPSIES                                                                                       ║
║     ● Looking carefully  pod done · 20s · 3 hits                                                           ║
║   ▸ BUILDING ISRAELI SETTLEMENT aka BIRTH OF A KIBBUTZ                                                     ║
║     ● Looking carefully  ██████▉░░░  Watching frames · 255s / 376s · 0 hits                                ║
║   ▸ PRES. KENNEDY                                                                                          ║
║     ● Looking carefully  ██████████  100%                                                                  ║
║   ▸ Selected Originals - THE ROYAL FAMILY                                                                  ║
║     ● Looking carefully  ████████▊░  Watching frames · 245s / 284s · 0 hits                                ║
║   ▸ ROYAL HIGHLAND GATHERING                                                                               ║
║     ● Looking carefully  ██████████  100%                                                                  ║
║                                                                                                            ║
║ ⓘ  Browser should open on its own.                                                                         ║
║                                                                                                            ║
║ Press Ctrl+C here to stop the app.                                                                         ║
╚════════════════════════════════════════════════════════════════════════════════════════════════════════════╝













[H[2J[3J╔════════════════════════════════════════════════════════════════════════════════════════════════════════════╗
║ ◆ ShtetlFrames  ·  live                                                                                    ║
║ Find old film that looks traditionally Orthodox                                                            ║
╟────────────────────────────────────────────────────────────────────────────────────────────────────────────╢
║ Browser  http://127.0.0.1:8787    Review  http://127.0.0.1:8787/review                                     ║
╟────────────────────────────────────────────────────────────────────────────────────────────────────────────╢
║ ⠇  Looking through British Pathé…                                                                          ║
║                                                                                                            ║
║  ░░░░░░░░░░░░░░░░░░░░░░░░░░░░░░░░░░░    0.0%  0/85,452                                                     ║
║                                                                                                            ║
║ checked 0   clips 0   failed 0   active 8                                                                  ║
║ session  1m 23s                                                                                            ║
║                                                                                                            ║
║ Right now — cloud workers                                                                                  ║
║   ▸ Selected Originals - LIGHTNING AEROBATICS                                                              ║
║     ● Looking carefully  ██████████  100%                                                                  ║
║   ▸ RAILWAY STORY                                                                                          ║
║     ● Looking carefully  ██████▉░░░  Watching frames · 190s / 279s · 0 hits                                ║
║   ▸ INSIDE THE GATES OF SOVIET RUSSIA                                                                      ║
║     ● Looking carefully  ██████████  100%                                                                  ║
║   ▸ GALLICAN GYPSIES                                                                                       ║
║     ● Looking carefully  pod done · 20s · 3 hits                                                           ║
║   ▸ BUILDING ISRAELI SETTLEMENT aka BIRTH OF A KIBBUTZ                                                     ║
║     ● Looking carefully  ███████▌░░  Watching frames · 280s / 376s · 1 hits                                ║
║   ▸ PRES. KENNEDY                                                                                          ║
║     ● Looking carefully  ██████████  100%                                                                  ║
║   ▸ Selected Originals - THE ROYAL FAMILY                                                                  ║
║     ● Looking carefully  ████████▊░  Watching frames · 245s / 284s · 0 hits                                ║
║   ▸ ROYAL HIGHLAND GATHERING                                                                               ║
║     ● Looking carefully  ██████████  100%                                                                  ║
║                                                                                                            ║
║ ⓘ  Browser should open on its own.                                                                         ║
║                                                                                                            ║
║ Press Ctrl+C here to stop the app.                                                                         ║
╚════════════════════════════════════════════════════════════════════════════════════════════════════════════╝













[H[2J[3J╔════════════════════════════════════════════════════════════════════════════════════════════════════════════╗
║ ◆ ShtetlFrames  •  live                                                                                    ║
║ Find old film that looks traditionally Orthodox                                                            ║
╟────────────────────────────────────────────────────────────────────────────────────────────────────────────╢
║ Browser  http://127.0.0.1:8787    Review  http://127.0.0.1:8787/review                                     ║
╟────────────────────────────────────────────────────────────────────────────────────────────────────────────╢
║ ⠇  Looking through British Pathé…                                                                          ║
║                                                                                                            ║
║  ░░░░░░░░░░░░░░░░░░░░░░░░░░░░░░░░░░░    0.0%  0/85,452                                                     ║
║                                                                                                            ║
║ checked 0   clips 0   failed 0   active 6                                                                  ║
║ session  1m 24s                                                                                            ║
║                                                                                                            ║
║ Right now — cloud workers                                                                                  ║
║   ▸ RAILWAY STORY                                                                                          ║
║     ● Looking carefully  pod done · 57s · 0 hits                                                           ║
║   ▸ INSIDE THE GATES OF SOVIET RUSSIA                                                                      ║
║     ● Looking carefully  pod done · 56s · 1 hits                                                           ║
║   ▸ BUILDING ISRAELI SETTLEMENT aka BIRTH OF A KIBBUTZ                                                     ║
║     ● Looking carefully  ███████▌░░  Watching frames · 280s / 376s · 1 hits                                ║
║   ▸ PRES. KENNEDY                                                                                          ║
║     ● Looking carefully  pod done · 54s · 0 hits                                                           ║
║   ▸ Selected Originals - THE ROYAL FAMILY                                                                  ║
║     ● Looking carefully  pod done · 48s · 0 hits                                                           ║
║   ▸ LIGHTNING AEROBATICS                                                                                   ║
║     ● Looking carefully  pod done · 54s · 1 hits                                                           ║
║                                                                                                            ║
║ ⓘ  Browser should open on its own.                                                                         ║
║                                                                                                            ║
║ Press Ctrl+C here to stop the app.                                                                         ║
╚════════════════════════════════════════════════════════════════════════════════════════════════════════════╝

















[H[2J[3J╔════════════════════════════════════════════════════════════════════════════════════════════════════════════╗
║ ◆ ShtetlFrames  ●  live                                                                                    ║
║ Find old film that looks traditionally Orthodox                                                            ║
╟────────────────────────────────────────────────────────────────────────────────────────────────────────────╢
║ Browser  http://127.0.0.1:8787    Review  http://127.0.0.1:8787/review                                     ║
╟────────────────────────────────────────────────────────────────────────────────────────────────────────────╢
║ ⠇  Looking through British Pathé…                                                                          ║
║                                                                                                            ║
║  ░░░░░░░░░░░░░░░░░░░░░░░░░░░░░░░░░░░    0.0%  0/85,452                                                     ║
║                                                                                                            ║
║ checked 0   clips 0   failed 0   active 6                                                                  ║
║ session  1m 25s                                                                                            ║
║                                                                                                            ║
║ Right now — cloud workers                                                                                  ║
║   ▸ RAILWAY STORY                                                                                          ║
║     ● Looking carefully  pod done · 57s · 0 hits                                                           ║
║   ▸ INSIDE THE GATES OF SOVIET RUSSIA                                                                      ║
║     ● Looking carefully  pod done · 56s · 1 hits                                                           ║
║   ▸ BUILDING ISRAELI SETTLEMENT aka BIRTH OF A KIBBUTZ                                                     ║
║     ● Looking carefully  ███████▌░░  Watching frames · 280s / 376s · 1 hits                                ║
║   ▸ PRES. KENNEDY                                                                                          ║
║     ● Looking carefully  pod done · 54s · 0 hits                                                           ║
║   ▸ Selected Originals - THE ROYAL FAMILY                                                                  ║
║     ● Looking carefully  pod done · 48s · 0 hits                                                           ║
║   ▸ LIGHTNING AEROBATICS                                                                                   ║
║     ● Looking carefully  pod done · 54s · 1 hits                                                           ║
║                                                                                                            ║
║ ⓘ  Browser should open on its own.                                                                         ║
║                                                                                                            ║
║ Press Ctrl+C here to stop the app.                                                                         ║
╚════════════════════════════════════════════════════════════════════════════════════════════════════════════╝

















[H[2J[3J╔════════════════════════════════════════════════════════════════════════════════════════════════════════════╗
║ ◆ ShtetlFrames  •  live                                                                                    ║
║ Find old film that looks traditionally Orthodox                                                            ║
╟────────────────────────────────────────────────────────────────────────────────────────────────────────────╢
║ Browser  http://127.0.0.1:8787    Review  http://127.0.0.1:8787/review                                     ║
╟────────────────────────────────────────────────────────────────────────────────────────────────────────────╢
║ ⠇  Looking through British Pathé…                                                                          ║
║                                                                                                            ║
║  ░░░░░░░░░░░░░░░░░░░░░░░░░░░░░░░░░░░    0.0%  0/85,452                                                     ║
║                                                                                                            ║
║ checked 0   clips 0   failed 0   active 6                                                                  ║
║ session  1m 26s                                                                                            ║
║                                                                                                            ║
║ Right now — cloud workers                                                                                  ║
║   ▸ RAILWAY STORY                                                                                          ║
║     ● Looking carefully  pod done · 57s · 0 hits                                                           ║
║   ▸ INSIDE THE GATES OF SOVIET RUSSIA                                                                      ║
║     ● Looking carefully  pod done · 56s · 1 hits                                                           ║
║   ▸ BUILDING ISRAELI SETTLEMENT aka BIRTH OF A KIBBUTZ                                                     ║
║     ● Looking carefully  ██████████  100%                                                                  ║
║   ▸ PRES. KENNEDY                                                                                          ║
║     ● Looking carefully  pod done · 54s · 0 hits                                                           ║
║   ▸ Selected Originals - THE ROYAL FAMILY                                                                  ║
║     ● Looking carefully  pod done · 48s · 0 hits                                                           ║
║   ▸ LIGHTNING AEROBATICS                                                                                   ║
║     ● Looking carefully  pod done · 54s · 1 hits                                                           ║
║                                                                                                            ║
║ ⓘ  Browser should open on its own.                                                                         ║
║                                                                                                            ║
║ Press Ctrl+C here to stop the app.                                                                         ║
╚════════════════════════════════════════════════════════════════════════════════════════════════════════════╝

















[H[2J[3J╔════════════════════════════════════════════════════════════════════════════════════════════════════════════╗
║ ◆ ShtetlFrames  ·  live                                                                                    ║
║ Find old film that looks traditionally Orthodox                                                            ║
╟────────────────────────────────────────────────────────────────────────────────────────────────────────────╢
║ Browser  http://127.0.0.1:8787    Review  http://127.0.0.1:8787/review                                     ║
╟────────────────────────────────────────────────────────────────────────────────────────────────────────────╢
║ ⠇  Looking through British Pathé…                                                                          ║
║                                                                                                            ║
║  ░░░░░░░░░░░░░░░░░░░░░░░░░░░░░░░░░░░    0.0%  0/85,452                                                     ║
║                                                                                                            ║
║ checked 0   clips 0   failed 0   active 6                                                                  ║
║ session  1m 27s                                                                                            ║
║                                                                                                            ║
║ Right now — cloud workers                                                                                  ║
║   ▸ RAILWAY STORY                                                                                          ║
║     ● Looking carefully  pod done · 57s · 0 hits                                                           ║
║   ▸ INSIDE THE GATES OF SOVIET RUSSIA                                                                      ║
║     ● Looking carefully  pod done · 56s · 1 hits                                                           ║
║   ▸ BUILDING ISRAELI SETTLEMENT aka BIRTH OF A KIBBUTZ                                                     ║
║     ● Looking carefully  ██████████  100%                                                                  ║
║   ▸ PRES. KENNEDY                                                                                          ║
║     ● Looking carefully  pod done · 54s · 0 hits                                                           ║
║   ▸ Selected Originals - THE ROYAL FAMILY                                                                  ║
║     ● Looking carefully  pod done · 48s · 0 hits                                                           ║
║   ▸ LIGHTNING AEROBATICS                                                                                   ║
║     ● Looking carefully  pod done · 54s · 1 hits                                                           ║
║                                                                                                            ║
║ ⓘ  Browser should open on its own.                                                                         ║
║                                                                                                            ║
║ Press Ctrl+C here to stop the app.                                                                         ║
╚════════════════════════════════════════════════════════════════════════════════════════════════════════════╝

















[H[2J[3J╔════════════════════════════════════════════════════════════════════════════════════════════════════════════╗
║ ◆ ShtetlFrames  •  live                                                                                    ║
║ Find old film that looks traditionally Orthodox                                                            ║
╟────────────────────────────────────────────────────────────────────────────────────────────────────────────╢
║ Browser  http://127.0.0.1:8787    Review  http://127.0.0.1:8787/review                                     ║
╟────────────────────────────────────────────────────────────────────────────────────────────────────────────╢
║ ⠇  Looking through British Pathé…                                                                          ║
║                                                                                                            ║
║  ░░░░░░░░░░░░░░░░░░░░░░░░░░░░░░░░░░░    0.0%  0/85,452                                                     ║
║                                                                                                            ║
║ checked 0   clips 0   failed 0   active 6                                                                  ║
║ session  1m 28s                                                                                            ║
║                                                                                                            ║
║ Right now — cloud workers                                                                                  ║
║   ▸ RAILWAY STORY                                                                                          ║
║     ● Looking carefully  pod done · 57s · 0 hits                                                           ║
║   ▸ INSIDE THE GATES OF SOVIET RUSSIA                                                                      ║
║     ● Looking carefully  pod done · 56s · 1 hits                                                           ║
║   ▸ BUILDING ISRAELI SETTLEMENT aka BIRTH OF A KIBBUTZ                                                     ║
║     ● Looking carefully  ██████████  100%                                                                  ║
║   ▸ PRES. KENNEDY                                                                                          ║
║     ● Looking carefully  pod done · 54s · 0 hits                                                           ║
║   ▸ Selected Originals - THE ROYAL FAMILY                                                                  ║
║     ● Looking carefully  pod done · 48s · 0 hits                                                           ║
║   ▸ LIGHTNING AEROBATICS                                                                                   ║
║     ● Looking carefully  pod done · 54s · 1 hits                                                           ║
║                                                                                                            ║
║ ⓘ  Browser should open on its own.                                                                         ║
║                                                                                                            ║
║ Press Ctrl+C here to stop the app.                                                                         ║
╚════════════════════════════════════════════════════════════════════════════════════════════════════════════╝

















[H[2J[3J╔════════════════════════════════════════════════════════════════════════════════════════════════════════════╗
║ ◆ ShtetlFrames  ●  live                                                                                    ║
║ Find old film that looks traditionally Orthodox                                                            ║
╟────────────────────────────────────────────────────────────────────────────────────────────────────────────╢
║ Browser  http://127.0.0.1:8787    Review  http://127.0.0.1:8787/review                                     ║
╟────────────────────────────────────────────────────────────────────────────────────────────────────────────╢
║ ⠇  Looking through British Pathé…                                                                          ║
║                                                                                                            ║
║  ░░░░░░░░░░░░░░░░░░░░░░░░░░░░░░░░░░░    0.0%  0/85,452                                                     ║
║                                                                                                            ║
║ checked 0   clips 0   failed 0   active 6                                                                  ║
║ session  1m 29s                                                                                            ║
║                                                                                                            ║
║ Right now — cloud workers                                                                                  ║
║   ▸ RAILWAY STORY                                                                                          ║
║     ● Looking carefully  pod done · 57s · 0 hits                                                           ║
║   ▸ INSIDE THE GATES OF SOVIET RUSSIA                                                                      ║
║     ● Looking carefully  pod done · 56s · 1 hits                                                           ║
║   ▸ BUILDING ISRAELI SETTLEMENT aka BIRTH OF A KIBBUTZ                                                     ║
║     ● Looking carefully  ██████████  100%                                                                  ║
║   ▸ PRES. KENNEDY                                                                                          ║
║     ● Looking carefully  pod done · 54s · 0 hits                                                           ║
║   ▸ Selected Originals - THE ROYAL FAMILY                                                                  ║
║     ● Looking carefully  pod done · 48s · 0 hits                                                           ║
║   ▸ LIGHTNING AEROBATICS                                                                                   ║
║     ● Looking carefully  pod done · 54s · 1 hits                                                           ║
║                                                                                                            ║
║ ⓘ  Browser should open on its own.                                                                         ║
║                                                                                                            ║
║ Press Ctrl+C here to stop the app.                                                                         ║
╚════════════════════════════════════════════════════════════════════════════════════════════════════════════╝

















[shtetl] bg-fill: waiting for GPU pod · 72s · first boot installs deps (~5–15 min) · https://pyu2q2g6tc1e4r-8000.proxy.runpod.net
[shtetl] bg-fill: waiting for GPU pod · 72s · first boot installs deps (~5–15 min) · https://j2hil154bd9g0f-8000.proxy.runpod.net
[H[2J[3J╔════════════════════════════════════════════════════════════════════════════════════════════════════════════╗
║ ◆ ShtetlFrames  •  live                                                                                    ║
║ Find old film that looks traditionally Orthodox                                                            ║
╟────────────────────────────────────────────────────────────────────────────────────────────────────────────╢
║ Browser  http://127.0.0.1:8787    Review  http://127.0.0.1:8787/review                                     ║
╟────────────────────────────────────────────────────────────────────────────────────────────────────────────╢
║ ⠇  Looking through British Pathé…                                                                          ║
║                                                                                                            ║
║  ░░░░░░░░░░░░░░░░░░░░░░░░░░░░░░░░░░░    0.0%  0/85,452                                                     ║
║                                                                                                            ║
║ checked 0   clips 0   failed 0   active 6                                                                  ║
║ session  1m 30s                                                                                            ║
║                                                                                                            ║
║ Right now — cloud workers                                                                                  ║
║   ▸ RAILWAY STORY                                                                                          ║
║     ● Looking carefully  pod done · 57s · 0 hits                                                           ║
║   ▸ INSIDE THE GATES OF SOVIET RUSSIA                                                                      ║
║     ● Looking carefully  pod done · 56s · 1 hits                                                           ║
║   ▸ BUILDING ISRAELI SETTLEMENT aka BIRTH OF A KIBBUTZ                                                     ║
║     ● Looking carefully  ██████████  100%                                                                  ║
║   ▸ PRES. KENNEDY                                                                                          ║
║     ● Looking carefully  pod done · 54s · 0 hits                                                           ║
║   ▸ Selected Originals - THE ROYAL FAMILY                                                                  ║
║     ● Looking carefully  pod done · 48s · 0 hits                                                           ║
║   ▸ LIGHTNING AEROBATICS                                                                                   ║
║     ● Looking carefully  pod done · 54s · 1 hits                                                           ║
║                                                                                                            ║
║ ⓘ  Browser should open on its own.                                                                         ║
║                                                                                                            ║
║ Press Ctrl+C here to stop the app.                                                                         ║
╚════════════════════════════════════════════════════════════════════════════════════════════════════════════╝

















[shtetl] bg-fill: waiting for GPU pod · 73s · first boot installs deps (~5–15 min) · https://lc2g7ed3dw25ni-8000.proxy.runpod.net
[shtetl] bg-fill: waiting for GPU pod · 73s · first boot installs deps (~5–15 min) · https://qxlmd1bndi3vbf-8000.proxy.runpod.net
[H[2J[3J╔════════════════════════════════════════════════════════════════════════════════════════════════════════════╗
║ ◆ ShtetlFrames  ·  live                                                                                    ║
║ Find old film that looks traditionally Orthodox                                                            ║
╟────────────────────────────────────────────────────────────────────────────────────────────────────────────╢
║ Browser  http://127.0.0.1:8787    Review  http://127.0.0.1:8787/review                                     ║
╟────────────────────────────────────────────────────────────────────────────────────────────────────────────╢
║ ⠏  Looking through British Pathé…                                                                          ║
║                                                                                                            ║
║  ░░░░░░░░░░░░░░░░░░░░░░░░░░░░░░░░░░░    0.0%  0/85,452                                                     ║
║                                                                                                            ║
║ checked 0   clips 0   failed 0   active 6                                                                  ║
║ session  1m 31s                                                                                            ║
║                                                                                                            ║
║ Right now — cloud workers                                                                                  ║
║   ▸ RAILWAY STORY                                                                                          ║
║     ● Looking carefully  pod done · 57s · 0 hits                                                           ║
║   ▸ INSIDE THE GATES OF SOVIET RUSSIA                                                                      ║
║     ● Looking carefully  pod done · 56s · 1 hits                                                           ║
║   ▸ BUILDING ISRAELI SETTLEMENT aka BIRTH OF A KIBBUTZ                                                     ║
║     ● Looking carefully  ██████████  100%                                                                  ║
║   ▸ PRES. KENNEDY                                                                                          ║
║     ● Looking carefully  pod done · 54s · 0 hits                                                           ║
║   ▸ Selected Originals - THE ROYAL FAMILY                                                                  ║
║     ● Looking carefully  pod done · 48s · 0 hits                                                           ║
║   ▸ LIGHTNING AEROBATICS                                                                                   ║
║     ● Looking carefully  pod done · 54s · 1 hits                                                           ║
║                                                                                                            ║
║ ⓘ  Browser should open on its own.                                                                         ║
║                                                                                                            ║
║ Press Ctrl+C here to stop the app.                                                                         ║
╚════════════════════════════════════════════════════════════════════════════════════════════════════════════╝

















[H[2J[3J╔════════════════════════════════════════════════════════════════════════════════════════════════════════════╗
║ ◆ ShtetlFrames  •  live                                                                                    ║
║ Find old film that looks traditionally Orthodox                                                            ║
╟────────────────────────────────────────────────────────────────────────────────────────────────────────────╢
║ Browser  http://127.0.0.1:8787    Review  http://127.0.0.1:8787/review                                     ║
╟────────────────────────────────────────────────────────────────────────────────────────────────────────────╢
║ ⠏  Looking through British Pathé…                                                                          ║
║                                                                                                            ║
║  ░░░░░░░░░░░░░░░░░░░░░░░░░░░░░░░░░░░    0.0%  0/85,452                                                     ║
║                                                                                                            ║
║ checked 0   clips 0   failed 0   active 6                                                                  ║
║ session  1m 33s                                                                                            ║
║                                                                                                            ║
║ Right now — cloud workers                                                                                  ║
║   ▸ RAILWAY STORY                                                                                          ║
║     ● Looking carefully  pod done · 57s · 0 hits                                                           ║
║   ▸ INSIDE THE GATES OF SOVIET RUSSIA                                                                      ║
║     ● Looking carefully  pod done · 56s · 1 hits                                                           ║
║   ▸ BUILDING ISRAELI SETTLEMENT aka BIRTH OF A KIBBUTZ                                                     ║
║     ● Looking carefully  ██████████  100%                                                                  ║
║   ▸ PRES. KENNEDY                                                                                          ║
║     ● Looking carefully  pod done · 54s · 0 hits                                                           ║
║   ▸ Selected Originals - THE ROYAL FAMILY                                                                  ║
║     ● Looking carefully  pod done · 48s · 0 hits                                                           ║
║   ▸ LIGHTNING AEROBATICS                                                                                   ║
║     ● Looking carefully  pod done · 54s · 1 hits                                                           ║
║                                                                                                            ║
║ ⓘ  Browser should open on its own.                                                                         ║
║                                                                                                            ║
║ Press Ctrl+C here to stop the app.                                                                         ║
╚════════════════════════════════════════════════════════════════════════════════════════════════════════════╝

















[H[2J[3J╔════════════════════════════════════════════════════════════════════════════════════════════════════════════╗
║ ◆ ShtetlFrames  ●  live                                                                                    ║
║ Find old film that looks traditionally Orthodox                                                            ║
╟────────────────────────────────────────────────────────────────────────────────────────────────────────────╢
║ Browser  http://127.0.0.1:8787    Review  http://127.0.0.1:8787/review                                     ║
╟────────────────────────────────────────────────────────────────────────────────────────────────────────────╢
║ ⠏  Looking through British Pathé…                                                                          ║
║                                                                                                            ║
║  ░░░░░░░░░░░░░░░░░░░░░░░░░░░░░░░░░░░    0.0%  0/85,452                                                     ║
║                                                                                                            ║
║ checked 0   clips 0   failed 0   active 6                                                                  ║
║ session  1m 34s                                                                                            ║
║                                                                                                            ║
║ Right now — cloud workers                                                                                  ║
║   ▸ RAILWAY STORY                                                                                          ║
║     ● Looking carefully  pod done · 57s · 0 hits                                                           ║
║   ▸ INSIDE THE GATES OF SOVIET RUSSIA                                                                      ║
║     ● Looking carefully  pod done · 56s · 1 hits                                                           ║
║   ▸ BUILDING ISRAELI SETTLEMENT aka BIRTH OF A KIBBUTZ                                                     ║
║     ● Looking carefully  ██████████  100%                                                                  ║
║   ▸ PRES. KENNEDY                                                                                          ║
║     ● Looking carefully  pod done · 54s · 0 hits                                                           ║
║   ▸ Selected Originals - THE ROYAL FAMILY                                                                  ║
║     ● Looking carefully  pod done · 48s · 0 hits                                                           ║
║   ▸ LIGHTNING AEROBATICS                                                                                   ║
║     ● Looking carefully  pod done · 54s · 1 hits                                                           ║
║                                                                                                            ║
║ ⓘ  Browser should open on its own.                                                                         ║
║                                                                                                            ║
║ Press Ctrl+C here to stop the app.                                                                         ║
╚════════════════════════════════════════════════════════════════════════════════════════════════════════════╝

















[H[2J[3J╔════════════════════════════════════════════════════════════════════════════════════════════════════════════╗
║ ◆ ShtetlFrames  •  live                                                                                    ║
║ Find old film that looks traditionally Orthodox                                                            ║
╟────────────────────────────────────────────────────────────────────────────────────────────────────────────╢
║ Browser  http://127.0.0.1:8787    Review  http://127.0.0.1:8787/review                                     ║
╟────────────────────────────────────────────────────────────────────────────────────────────────────────────╢
║ ⠏  Looking through British Pathé…                                                                          ║
║                                                                                                            ║
║  ░░░░░░░░░░░░░░░░░░░░░░░░░░░░░░░░░░░    0.0%  0/85,452                                                     ║
║                                                                                                            ║
║ checked 0   clips 0   failed 0   active 6                                                                  ║
║ session  1m 35s                                                                                            ║
║                                                                                                            ║
║ Right now — cloud workers                                                                                  ║
║   ▸ RAILWAY STORY                                                                                          ║
║     ● Looking carefully  pod done · 57s · 0 hits                                                           ║
║   ▸ INSIDE THE GATES OF SOVIET RUSSIA                                                                      ║
║     ● Looking carefully  pod done · 56s · 1 hits                                                           ║
║   ▸ BUILDING ISRAELI SETTLEMENT aka BIRTH OF A KIBBUTZ                                                     ║
║     ● Looking carefully  ██████████  100%                                                                  ║
║   ▸ PRES. KENNEDY                                                                                          ║
║     ● Looking carefully  pod done · 54s · 0 hits                                                           ║
║   ▸ Selected Originals - THE ROYAL FAMILY                                                                  ║
║     ● Looking carefully  pod done · 48s · 0 hits                                                           ║
║   ▸ LIGHTNING AEROBATICS                                                                                   ║
║     ● Looking carefully  pod done · 54s · 1 hits                                                           ║
║                                                                                                            ║
║ ⓘ  Browser should open on its own.                                                                         ║
║                                                                                                            ║
║ Press Ctrl+C here to stop the app.                                                                         ║
╚════════════════════════════════════════════════════════════════════════════════════════════════════════════╝

















[H[2J[3J╔════════════════════════════════════════════════════════════════════════════════════════════════════════════╗
║ ◆ ShtetlFrames  ·  live                                                                                    ║
║ Find old film that looks traditionally Orthodox                                                            ║
╟────────────────────────────────────────────────────────────────────────────────────────────────────────────╢
║ Browser  http://127.0.0.1:8787    Review  http://127.0.0.1:8787/review                                     ║
╟────────────────────────────────────────────────────────────────────────────────────────────────────────────╢
║ ⠏  Looking through British Pathé…                                                                          ║
║                                                                                                            ║
║  ░░░░░░░░░░░░░░░░░░░░░░░░░░░░░░░░░░░    0.0%  0/85,452                                                     ║
║                                                                                                            ║
║ checked 0   clips 0   failed 0   active 6                                                                  ║
║ session  1m 36s                                                                                            ║
║                                                                                                            ║
║ Right now — cloud workers                                                                                  ║
║   ▸ RAILWAY STORY                                                                                          ║
║     ● Looking carefully  pod done · 57s · 0 hits                                                           ║
║   ▸ INSIDE THE GATES OF SOVIET RUSSIA                                                                      ║
║     ● Looking carefully  pod done · 56s · 1 hits                                                           ║
║   ▸ BUILDING ISRAELI SETTLEMENT aka BIRTH OF A KIBBUTZ                                                     ║
║     ● Looking carefully  ██████████  100%                                                                  ║
║   ▸ PRES. KENNEDY                                                                                          ║
║     ● Looking carefully  pod done · 54s · 0 hits                                                           ║
║   ▸ Selected Originals - THE ROYAL FAMILY                                                                  ║
║     ● Looking carefully  pod done · 48s · 0 hits                                                           ║
║   ▸ LIGHTNING AEROBATICS                                                                                   ║
║     ● Looking carefully  pod done · 54s · 1 hits                                                           ║
║                                                                                                            ║
║ ⓘ  Browser should open on its own.                                                                         ║
║                                                                                                            ║
║ Press Ctrl+C here to stop the app.                                                                         ║
╚════════════════════════════════════════════════════════════════════════════════════════════════════════════╝

















[H[2J[3J╔════════════════════════════════════════════════════════════════════════════════════════════════════════════╗
║ ◆ ShtetlFrames  •  live                                                                                    ║
║ Find old film that looks traditionally Orthodox                                                            ║
╟────────────────────────────────────────────────────────────────────────────────────────────────────────────╢
║ Browser  http://127.0.0.1:8787    Review  http://127.0.0.1:8787/review                                     ║
╟────────────────────────────────────────────────────────────────────────────────────────────────────────────╢
║ ⠏  Looking through British Pathé…                                                                          ║
║                                                                                                            ║
║  ░░░░░░░░░░░░░░░░░░░░░░░░░░░░░░░░░░░    0.0%  0/85,452                                                     ║
║                                                                                                            ║
║ checked 0   clips 0   failed 0   active 6                                                                  ║
║ session  1m 37s                                                                                            ║
║                                                                                                            ║
║ Right now — cloud workers                                                                                  ║
║   ▸ RAILWAY STORY                                                                                          ║
║     ● Looking carefully  pod done · 57s · 0 hits                                                           ║
║   ▸ INSIDE THE GATES OF SOVIET RUSSIA                                                                      ║
║     ● Looking carefully  pod done · 56s · 1 hits                                                           ║
║   ▸ BUILDING ISRAELI SETTLEMENT aka BIRTH OF A KIBBUTZ                                                     ║
║     ● Looking carefully  ██████████  100%                                                                  ║
║   ▸ PRES. KENNEDY                                                                                          ║
║     ● Looking carefully  pod done · 54s · 0 hits                                                           ║
║   ▸ Selected Originals - THE ROYAL FAMILY                                                                  ║
║     ● Looking carefully  pod done · 48s · 0 hits                                                           ║
║   ▸ LIGHTNING AEROBATICS                                                                                   ║
║     ● Looking carefully  pod done · 54s · 1 hits                                                           ║
║                                                                                                            ║
║ ⓘ  Browser should open on its own.                                                                         ║
║                                                                                                            ║
║ Press Ctrl+C here to stop the app.                                                                         ║
╚════════════════════════════════════════════════════════════════════════════════════════════════════════════╝

















[H[2J[3J╔════════════════════════════════════════════════════════════════════════════════════════════════════════════╗
║ ◆ ShtetlFrames  ●  live                                                                                    ║
║ Find old film that looks traditionally Orthodox                                                            ║
╟────────────────────────────────────────────────────────────────────────────────────────────────────────────╢
║ Browser  http://127.0.0.1:8787    Review  http://127.0.0.1:8787/review                                     ║
╟────────────────────────────────────────────────────────────────────────────────────────────────────────────╢
║ ⠏  Looking through British Pathé…                                                                          ║
║                                                                                                            ║
║  ░░░░░░░░░░░░░░░░░░░░░░░░░░░░░░░░░░░    0.0%  0/85,452                                                     ║
║                                                                                                            ║
║ checked 0   clips 0   failed 0   active 6                                                                  ║
║ session  1m 38s                                                                                            ║
║                                                                                                            ║
║ Right now — cloud workers                                                                                  ║
║   ▸ RAILWAY STORY                                                                                          ║
║     ● Looking carefully  pod done · 57s · 0 hits                                                           ║
║   ▸ INSIDE THE GATES OF SOVIET RUSSIA                                                                      ║
║     ● Looking carefully  pod done · 56s · 1 hits                                                           ║
║   ▸ BUILDING ISRAELI SETTLEMENT aka BIRTH OF A KIBBUTZ                                                     ║
║     ● Looking carefully  ██████████  100%                                                                  ║
║   ▸ PRES. KENNEDY                                                                                          ║
║     ● Looking carefully  pod done · 54s · 0 hits                                                           ║
║   ▸ Selected Originals - THE ROYAL FAMILY                                                                  ║
║     ● Looking carefully  pod done · 48s · 0 hits                                                           ║
║   ▸ LIGHTNING AEROBATICS                                                                                   ║
║     ● Looking carefully  pod done · 54s · 1 hits                                                           ║
║                                                                                                            ║
║ ⓘ  Browser should open on its own.                                                                         ║
║                                                                                                            ║
║ Press Ctrl+C here to stop the app.                                                                         ║
╚════════════════════════════════════════════════════════════════════════════════════════════════════════════╝

















[H[2J[3J╔════════════════════════════════════════════════════════════════════════════════════════════════════════════╗
║ ◆ ShtetlFrames  ●  live                                                                                    ║
║ Find old film that looks traditionally Orthodox                                                            ║
╟────────────────────────────────────────────────────────────────────────────────────────────────────────────╢
║ Browser  http://127.0.0.1:8787    Review  http://127.0.0.1:8787/review                                     ║
╟────────────────────────────────────────────────────────────────────────────────────────────────────────────╢
║ ⠋  Looking through British Pathé…                                                                          ║
║                                                                                                            ║
║  ░░░░░░░░░░░░░░░░░░░░░░░░░░░░░░░░░░░    0.0%  0/85,452                                                     ║
║                                                                                                            ║
║ checked 0   clips 0   failed 0   active 6                                                                  ║
║ session  1m 39s                                                                                            ║
║                                                                                                            ║
║ Right now — cloud workers                                                                                  ║
║   ▸ RAILWAY STORY                                                                                          ║
║     ● Looking carefully  pod done · 57s · 0 hits                                                           ║
║   ▸ INSIDE THE GATES OF SOVIET RUSSIA                                                                      ║
║     ● Looking carefully  pod done · 56s · 1 hits                                                           ║
║   ▸ BUILDING ISRAELI SETTLEMENT aka BIRTH OF A KIBBUTZ                                                     ║
║     ● Looking carefully  ██████████  100%                                                                  ║
║   ▸ PRES. KENNEDY                                                                                          ║
║     ● Looking carefully  pod done · 54s · 0 hits                                                           ║
║   ▸ Selected Originals - THE ROYAL FAMILY                                                                  ║
║     ● Looking carefully  pod done · 48s · 0 hits                                                           ║
║   ▸ LIGHTNING AEROBATICS                                                                                   ║
║     ● Looking carefully  pod done · 54s · 1 hits                                                           ║
║                                                                                                            ║
║ ⓘ  Browser should open on its own.                                                                         ║
║                                                                                                            ║
║ Press Ctrl+C here to stop the app.                                                                         ║
╚════════════════════════════════════════════════════════════════════════════════════════════════════════════╝

















[H[2J[3J╔════════════════════════════════════════════════════════════════════════════════════════════════════════════╗
║ ◆ ShtetlFrames  •  live                                                                                    ║
║ Find old film that looks traditionally Orthodox                                                            ║
╟────────────────────────────────────────────────────────────────────────────────────────────────────────────╢
║ Browser  http://127.0.0.1:8787    Review  http://127.0.0.1:8787/review                                     ║
╟────────────────────────────────────────────────────────────────────────────────────────────────────────────╢
║ ⠋  Looking through British Pathé…                                                                          ║
║                                                                                                            ║
║  ░░░░░░░░░░░░░░░░░░░░░░░░░░░░░░░░░░░    0.0%  0/85,452                                                     ║
║                                                                                                            ║
║ checked 0   clips 0   failed 0   active 6                                                                  ║
║ session  1m 40s                                                                                            ║
║                                                                                                            ║
║ Right now — cloud workers                                                                                  ║
║   ▸ RAILWAY STORY                                                                                          ║
║     ● Looking carefully  pod done · 57s · 0 hits                                                           ║
║   ▸ INSIDE THE GATES OF SOVIET RUSSIA                                                                      ║
║     ● Looking carefully  pod done · 56s · 1 hits                                                           ║
║   ▸ BUILDING ISRAELI SETTLEMENT aka BIRTH OF A KIBBUTZ                                                     ║
║     ● Looking carefully  ██████████  100%                                                                  ║
║   ▸ PRES. KENNEDY                                                                                          ║
║     ● Looking carefully  pod done · 54s · 0 hits                                                           ║
║   ▸ Selected Originals - THE ROYAL FAMILY                                                                  ║
║     ● Looking carefully  pod done · 48s · 0 hits                                                           ║
║   ▸ LIGHTNING AEROBATICS                                                                                   ║
║     ● Looking carefully  pod done · 54s · 1 hits                                                           ║
║                                                                                                            ║
║ ⓘ  Browser should open on its own.                                                                         ║
║                                                                                                            ║
║ Press Ctrl+C here to stop the app.                                                                         ║
╚════════════════════════════════════════════════════════════════════════════════════════════════════════════╝

















[H[2J[3J╔════════════════════════════════════════════════════════════════════════════════════════════════════════════╗
║ ◆ ShtetlFrames  ·  live                                                                                    ║
║ Find old film that looks traditionally Orthodox                                                            ║
╟────────────────────────────────────────────────────────────────────────────────────────────────────────────╢
║ Browser  http://127.0.0.1:8787    Review  http://127.0.0.1:8787/review                                     ║
╟────────────────────────────────────────────────────────────────────────────────────────────────────────────╢
║ ⠋  Looking through British Pathé…                                                                          ║
║                                                                                                            ║
║  ░░░░░░░░░░░░░░░░░░░░░░░░░░░░░░░░░░░    0.0%  0/85,452                                                     ║
║                                                                                                            ║
║ checked 0   clips 0   failed 0   active 6                                                                  ║
║ session  1m 41s                                                                                            ║
║                                                                                                            ║
║ Right now — cloud workers                                                                                  ║
║   ▸ RAILWAY STORY                                                                                          ║
║     ● Looking carefully  pod done · 57s · 0 hits                                                           ║
║   ▸ INSIDE THE GATES OF SOVIET RUSSIA                                                                      ║
║     ● Looking carefully  pod done · 56s · 1 hits                                                           ║
║   ▸ BUILDING ISRAELI SETTLEMENT aka BIRTH OF A KIBBUTZ                                                     ║
║     ● Looking carefully  ██████████  100%                                                                  ║
║   ▸ PRES. KENNEDY                                                                                          ║
║     ● Looking carefully  pod done · 54s · 0 hits                                                           ║
║   ▸ Selected Originals - THE ROYAL FAMILY                                                                  ║
║     ● Looking carefully  pod done · 48s · 0 hits                                                           ║
║   ▸ LIGHTNING AEROBATICS                                                                                   ║
║     ● Looking carefully  pod done · 54s · 1 hits                                                           ║
║                                                                                                            ║
║ ⓘ  Browser should open on its own.                                                                         ║
║                                                                                                            ║
║ Press Ctrl+C here to stop the app.                                                                         ║
╚════════════════════════════════════════════════════════════════════════════════════════════════════════════╝

















[H[2J[3J╔════════════════════════════════════════════════════════════════════════════════════════════════════════════╗
║ ◆ ShtetlFrames  •  live                                                                                    ║
║ Find old film that looks traditionally Orthodox                                                            ║
╟────────────────────────────────────────────────────────────────────────────────────────────────────────────╢
║ Browser  http://127.0.0.1:8787    Review  http://127.0.0.1:8787/review                                     ║
╟────────────────────────────────────────────────────────────────────────────────────────────────────────────╢
║ ⠋  Looking through British Pathé…                                                                          ║
║                                                                                                            ║
║  ░░░░░░░░░░░░░░░░░░░░░░░░░░░░░░░░░░░    0.0%  0/85,452                                                     ║
║                                                                                                            ║
║ checked 0   clips 0   failed 0   active 6                                                                  ║
║ session  1m 42s                                                                                            ║
║                                                                                                            ║
║ Right now — cloud workers                                                                                  ║
║   ▸ RAILWAY STORY                                                                                          ║
║     ● Looking carefully  pod done · 57s · 0 hits                                                           ║
║   ▸ INSIDE THE GATES OF SOVIET RUSSIA                                                                      ║
║     ● Looking carefully  pod done · 56s · 1 hits                                                           ║
║   ▸ BUILDING ISRAELI SETTLEMENT aka BIRTH OF A KIBBUTZ                                                     ║
║     ● Looking carefully  ██████████  100%                                                                  ║
║   ▸ PRES. KENNEDY                                                                                          ║
║     ● Looking carefully  pod done · 54s · 0 hits                                                           ║
║   ▸ Selected Originals - THE ROYAL FAMILY                                                                  ║
║     ● Looking carefully  pod done · 48s · 0 hits                                                           ║
║   ▸ LIGHTNING AEROBATICS                                                                                   ║
║     ● Looking carefully  pod done · 54s · 1 hits                                                           ║
║                                                                                                            ║
║ ⓘ  Browser should open on its own.                                                                         ║
║                                                                                                            ║
║ Press Ctrl+C here to stop the app.                                                                         ║
╚════════════════════════════════════════════════════════════════════════════════════════════════════════════╝

















[H[2J[3J╔════════════════════════════════════════════════════════════════════════════════════════════════════════════╗
║ ◆ ShtetlFrames  ●  live                                                                                    ║
║ Find old film that looks traditionally Orthodox                                                            ║
╟────────────────────────────────────────────────────────────────────────────────────────────────────────────╢
║ Browser  http://127.0.0.1:8787    Review  http://127.0.0.1:8787/review                                     ║
╟────────────────────────────────────────────────────────────────────────────────────────────────────────────╢
║ ⠋  Looking through British Pathé…                                                                          ║
║                                                                                                            ║
║  ░░░░░░░░░░░░░░░░░░░░░░░░░░░░░░░░░░░    0.0%  0/85,452                                                     ║
║                                                                                                            ║
║ checked 0   clips 0   failed 0   active 5                                                                  ║
║ session  1m 43s                                                                                            ║
║                                                                                                            ║
║ Right now — cloud workers                                                                                  ║
║   ▸ INSIDE THE GATES OF SOVIET RUSSIA                                                                      ║
║     ● Looking carefully  pod done · 56s · 1 hits                                                           ║
║   ▸ BUILDING ISRAELI SETTLEMENT aka BIRTH OF A KIBBUTZ                                                     ║
║     ● Looking carefully  ██████████  100%                                                                  ║
║   ▸ PRES. KENNEDY                                                                                          ║
║     ● Looking carefully  pod done · 54s · 0 hits                                                           ║
║   ▸ Selected Originals - THE ROYAL FAMILY                                                                  ║
║     ● Looking carefully  pod done · 48s · 0 hits                                                           ║
║   ▸ LIGHTNING AEROBATICS                                                                                   ║
║     ● Looking carefully  pod done · 54s · 1 hits                                                           ║
║                                                                                                            ║
║ ⓘ  Browser should open on its own.                                                                         ║
║                                                                                                            ║
║ Press Ctrl+C here to stop the app.                                                                         ║
╚════════════════════════════════════════════════════════════════════════════════════════════════════════════╝



















[H[2J[3J╔════════════════════════════════════════════════════════════════════════════════════════════════════════════╗
║ ◆ ShtetlFrames  •  live                                                                                    ║
║ Find old film that looks traditionally Orthodox                                                            ║
╟────────────────────────────────────────────────────────────────────────────────────────────────────────────╢
║ Browser  http://127.0.0.1:8787    Review  http://127.0.0.1:8787/review                                     ║
╟────────────────────────────────────────────────────────────────────────────────────────────────────────────╢
║ ⠋  Looking through British Pathé…                                                                          ║
║                                                                                                            ║
║  ░░░░░░░░░░░░░░░░░░░░░░░░░░░░░░░░░░░    0.0%  0/85,452                                                     ║
║                                                                                                            ║
║ checked 0   clips 0   failed 0   active 5                                                                  ║
║ session  1m 44s                                                                                            ║
║                                                                                                            ║
║ Right now — cloud workers                                                                                  ║
║   ▸ INSIDE THE GATES OF SOVIET RUSSIA                                                                      ║
║     ● Looking carefully  pod done · 56s · 1 hits                                                           ║
║   ▸ BUILDING ISRAELI SETTLEMENT aka BIRTH OF A KIBBUTZ                                                     ║
║     ● Looking carefully  ██████████  100%                                                                  ║
║   ▸ PRES. KENNEDY                                                                                          ║
║     ● Looking carefully  pod done · 54s · 0 hits                                                           ║
║   ▸ Selected Originals - THE ROYAL FAMILY                                                                  ║
║     ● Looking carefully  pod done · 48s · 0 hits                                                           ║
║   ▸ LIGHTNING AEROBATICS                                                                                   ║
║     ● Looking carefully  pod done · 54s · 1 hits                                                           ║
║                                                                                                            ║
║ ⓘ  Browser should open on its own.                                                                         ║
║                                                                                                            ║
║ Press Ctrl+C here to stop the app.                                                                         ║
╚════════════════════════════════════════════════════════════════════════════════════════════════════════════╝



















[H[2J[3J╔════════════════════════════════════════════════════════════════════════════════════════════════════════════╗
║ ◆ ShtetlFrames  ·  live                                                                                    ║
║ Find old film that looks traditionally Orthodox                                                            ║
╟────────────────────────────────────────────────────────────────────────────────────────────────────────────╢
║ Browser  http://127.0.0.1:8787    Review  http://127.0.0.1:8787/review                                     ║
╟────────────────────────────────────────────────────────────────────────────────────────────────────────────╢
║ ⠋  Looking through British Pathé…                                                                          ║
║                                                                                                            ║
║  ░░░░░░░░░░░░░░░░░░░░░░░░░░░░░░░░░░░    0.0%  0/85,452                                                     ║
║                                                                                                            ║
║ checked 0   clips 0   failed 0   active 5                                                                  ║
║ session  1m 45s                                                                                            ║
║                                                                                                            ║
║ Right now — cloud workers                                                                                  ║
║   ▸ INSIDE THE GATES OF SOVIET RUSSIA                                                                      ║
║     ● Looking carefully  pod done · 56s · 1 hits                                                           ║
║   ▸ BUILDING ISRAELI SETTLEMENT aka BIRTH OF A KIBBUTZ                                                     ║
║     ● Looking carefully  ██████████  100%                                                                  ║
║   ▸ PRES. KENNEDY                                                                                          ║
║     ● Looking carefully  pod done · 54s · 0 hits                                                           ║
║   ▸ Selected Originals - THE ROYAL FAMILY                                                                  ║
║     ● Looking carefully  pod done · 48s · 0 hits                                                           ║
║   ▸ LIGHTNING AEROBATICS                                                                                   ║
║     ● Looking carefully  pod done · 54s · 1 hits                                                           ║
║                                                                                                            ║
║ ⓘ  Browser should open on its own.                                                                         ║
║                                                                                                            ║
║ Press Ctrl+C here to stop the app.                                                                         ║
╚════════════════════════════════════════════════════════════════════════════════════════════════════════════╝



















[H[2J[3J╔════════════════════════════════════════════════════════════════════════════════════════════════════════════╗
║ ◆ ShtetlFrames  •  live                                                                                    ║
║ Find old film that looks traditionally Orthodox                                                            ║
╟────────────────────────────────────────────────────────────────────────────────────────────────────────────╢
║ Browser  http://127.0.0.1:8787    Review  http://127.0.0.1:8787/review                                     ║
╟────────────────────────────────────────────────────────────────────────────────────────────────────────────╢
║ ⠋  Looking through British Pathé…                                                                          ║
║                                                                                                            ║
║  ░░░░░░░░░░░░░░░░░░░░░░░░░░░░░░░░░░░    0.0%  0/85,452                                                     ║
║                                                                                                            ║
║ checked 0   clips 0   failed 0   active 5                                                                  ║
║ session  1m 46s                                                                                            ║
║                                                                                                            ║
║ Right now — cloud workers                                                                                  ║
║   ▸ INSIDE THE GATES OF SOVIET RUSSIA                                                                      ║
║     ● Looking carefully  pod done · 56s · 1 hits                                                           ║
║   ▸ BUILDING ISRAELI SETTLEMENT aka BIRTH OF A KIBBUTZ                                                     ║
║     ● Looking carefully  ██████████  100%                                                                  ║
║   ▸ PRES. KENNEDY                                                                                          ║
║     ● Looking carefully  pod done · 54s · 0 hits                                                           ║
║   ▸ Selected Originals - THE ROYAL FAMILY                                                                  ║
║     ● Looking carefully  pod done · 48s · 0 hits                                                           ║
║   ▸ LIGHTNING AEROBATICS                                                                                   ║
║     ● Looking carefully  pod done · 54s · 1 hits                                                           ║
║                                                                                                            ║
║ ⓘ  Browser should open on its own.                                                                         ║
║                                                                                                            ║
║ Press Ctrl+C here to stop the app.                                                                         ║
╚════════════════════════════════════════════════════════════════════════════════════════════════════════════╝



















[H[2J[3J╔════════════════════════════════════════════════════════════════════════════════════════════════════════════╗
║ ◆ ShtetlFrames  ●  live                                                                                    ║
║ Find old film that looks traditionally Orthodox                                                            ║
╟────────────────────────────────────────────────────────────────────────────────────────────────────────────╢
║ Browser  http://127.0.0.1:8787    Review  http://127.0.0.1:8787/review                                     ║
╟────────────────────────────────────────────────────────────────────────────────────────────────────────────╢
║ ⠋  Looking through British Pathé…                                                                          ║
║                                                                                                            ║
║  ░░░░░░░░░░░░░░░░░░░░░░░░░░░░░░░░░░░    0.0%  0/85,452                                                     ║
║                                                                                                            ║
║ checked 0   clips 0   failed 0   active 5                                                                  ║
║ session  1m 47s                                                                                            ║
║                                                                                                            ║
║ Right now — cloud workers                                                                                  ║
║   ▸ INSIDE THE GATES OF SOVIET RUSSIA                                                                      ║
║     ● Looking carefully  pod done · 56s · 1 hits                                                           ║
║   ▸ BUILDING ISRAELI SETTLEMENT aka BIRTH OF A KIBBUTZ                                                     ║
║     ● Looking carefully  ██████████  100%                                                                  ║
║   ▸ PRES. KENNEDY                                                                                          ║
║     ● Looking carefully  pod done · 54s · 0 hits                                                           ║
║   ▸ Selected Originals - THE ROYAL FAMILY                                                                  ║
║     ● Looking carefully  pod done · 48s · 0 hits                                                           ║
║   ▸ LIGHTNING AEROBATICS                                                                                   ║
║     ● Looking carefully  pod done · 54s · 1 hits                                                           ║
║                                                                                                            ║
║ ⓘ  Browser should open on its own.                                                                         ║
║                                                                                                            ║
║ Press Ctrl+C here to stop the app.                                                                         ║
╚════════════════════════════════════════════════════════════════════════════════════════════════════════════╝



















[H[2J[3J╔════════════════════════════════════════════════════════════════════════════════════════════════════════════╗
║ ◆ ShtetlFrames  •  live                                                                                    ║
║ Find old film that looks traditionally Orthodox                                                            ║
╟────────────────────────────────────────────────────────────────────────────────────────────────────────────╢
║ Browser  http://127.0.0.1:8787    Review  http://127.0.0.1:8787/review                                     ║
╟────────────────────────────────────────────────────────────────────────────────────────────────────────────╢
║ ⠋  Looking through British Pathé…                                                                          ║
║                                                                                                            ║
║  ░░░░░░░░░░░░░░░░░░░░░░░░░░░░░░░░░░░    0.0%  0/85,452                                                     ║
║                                                                                                            ║
║ checked 0   clips 0   failed 0   active 5                                                                  ║
║ session  1m 48s                                                                                            ║
║                                                                                                            ║
║ Right now — cloud workers                                                                                  ║
║   ▸ INSIDE THE GATES OF SOVIET RUSSIA                                                                      ║
║     ● Looking carefully  pod done · 56s · 1 hits                                                           ║
║   ▸ BUILDING ISRAELI SETTLEMENT aka BIRTH OF A KIBBUTZ                                                     ║
║     ● Looking carefully  ██████████  100%                                                                  ║
║   ▸ PRES. KENNEDY                                                                                          ║
║     ● Looking carefully  pod done · 54s · 0 hits                                                           ║
║   ▸ Selected Originals - THE ROYAL FAMILY                                                                  ║
║     ● Looking carefully  pod done · 48s · 0 hits                                                           ║
║   ▸ LIGHTNING AEROBATICS                                                                                   ║
║     ● Looking carefully  pod done · 54s · 1 hits                                                           ║
║                                                                                                            ║
║ ⓘ  Browser should open on its own.                                                                         ║
║                                                                                                            ║
║ Press Ctrl+C here to stop the app.                                                                         ║
╚════════════════════════════════════════════════════════════════════════════════════════════════════════════╝



















[H[2J[3J╔════════════════════════════════════════════════════════════════════════════════════════════════════════════╗
║ ◆ ShtetlFrames  ·  live                                                                                    ║
║ Find old film that looks traditionally Orthodox                                                            ║
╟────────────────────────────────────────────────────────────────────────────────────────────────────────────╢
║ Browser  http://127.0.0.1:8787    Review  http://127.0.0.1:8787/review                                     ║
╟────────────────────────────────────────────────────────────────────────────────────────────────────────────╢
║ ⠋  Looking through British Pathé…                                                                          ║
║                                                                                                            ║
║  ░░░░░░░░░░░░░░░░░░░░░░░░░░░░░░░░░░░    0.0%  0/85,452                                                     ║
║                                                                                                            ║
║ checked 0   clips 0   failed 0   active 5                                                                  ║
║ session  1m 49s                                                                                            ║
║                                                                                                            ║
║ Right now — cloud workers                                                                                  ║
║   ▸ INSIDE THE GATES OF SOVIET RUSSIA                                                                      ║
║     ● Looking carefully  pod done · 56s · 1 hits                                                           ║
║   ▸ BUILDING ISRAELI SETTLEMENT aka BIRTH OF A KIBBUTZ                                                     ║
║     ● Looking carefully  ██████████  100%                                                                  ║
║   ▸ PRES. KENNEDY                                                                                          ║
║     ● Looking carefully  pod done · 54s · 0 hits                                                           ║
║   ▸ Selected Originals - THE ROYAL FAMILY                                                                  ║
║     ● Looking carefully  pod done · 48s · 0 hits                                                           ║
║   ▸ LIGHTNING AEROBATICS                                                                                   ║
║     ● Looking carefully  pod done · 54s · 1 hits                                                           ║
║                                                                                                            ║
║ ⓘ  Browser should open on its own.                                                                         ║
║                                                                                                            ║
║ Press Ctrl+C here to stop the app.                                                                         ║
╚════════════════════════════════════════════════════════════════════════════════════════════════════════════╝



















[H[2J[3J╔════════════════════════════════════════════════════════════════════════════════════════════════════════════╗
║ ◆ ShtetlFrames  •  live                                                                                    ║
║ Find old film that looks traditionally Orthodox                                                            ║
╟────────────────────────────────────────────────────────────────────────────────────────────────────────────╢
║ Browser  http://127.0.0.1:8787    Review  http://127.0.0.1:8787/review                                     ║
╟────────────────────────────────────────────────────────────────────────────────────────────────────────────╢
║ ⠙  Looking through British Pathé…                                                                          ║
║                                                                                                            ║
║  ░░░░░░░░░░░░░░░░░░░░░░░░░░░░░░░░░░░    0.0%  0/85,452                                                     ║
║                                                                                                            ║
║ checked 0   clips 0   failed 0   active 5                                                                  ║
║ session  1m 50s                                                                                            ║
║                                                                                                            ║
║ Right now — cloud workers                                                                                  ║
║   ▸ INSIDE THE GATES OF SOVIET RUSSIA                                                                      ║
║     ● Looking carefully  pod done · 56s · 1 hits                                                           ║
║   ▸ BUILDING ISRAELI SETTLEMENT aka BIRTH OF A KIBBUTZ                                                     ║
║     ● Looking carefully  ██████████  100%                                                                  ║
║   ▸ PRES. KENNEDY                                                                                          ║
║     ● Looking carefully  pod done · 54s · 0 hits                                                           ║
║   ▸ Selected Originals - THE ROYAL FAMILY                                                                  ║
║     ● Looking carefully  pod done · 48s · 0 hits                                                           ║
║   ▸ LIGHTNING AEROBATICS                                                                                   ║
║     ● Looking carefully  pod done · 54s · 1 hits                                                           ║
║                                                                                                            ║
║ ⓘ  Browser should open on its own.                                                                         ║
║                                                                                                            ║
║ Press Ctrl+C here to stop the app.                                                                         ║
╚════════════════════════════════════════════════════════════════════════════════════════════════════════════╝



















[H[2J[3J╔════════════════════════════════════════════════════════════════════════════════════════════════════════════╗
║ ◆ ShtetlFrames  ●  live                                                                                    ║
║ Find old film that looks traditionally Orthodox                                                            ║
╟────────────────────────────────────────────────────────────────────────────────────────────────────────────╢
║ Browser  http://127.0.0.1:8787    Review  http://127.0.0.1:8787/review                                     ║
╟────────────────────────────────────────────────────────────────────────────────────────────────────────────╢
║ ⠙  Looking through British Pathé…                                                                          ║
║                                                                                                            ║
║  ░░░░░░░░░░░░░░░░░░░░░░░░░░░░░░░░░░░    0.0%  0/85,452                                                     ║
║                                                                                                            ║
║ checked 0   clips 0   failed 0   active 5                                                                  ║
║ session  1m 51s                                                                                            ║
║                                                                                                            ║
║ Right now — cloud workers                                                                                  ║
║   ▸ INSIDE THE GATES OF SOVIET RUSSIA                                                                      ║
║     ● Looking carefully  pod done · 56s · 1 hits                                                           ║
║   ▸ BUILDING ISRAELI SETTLEMENT aka BIRTH OF A KIBBUTZ                                                     ║
║     ● Looking carefully  ██████████  100%                                                                  ║
║   ▸ PRES. KENNEDY                                                                                          ║
║     ● Looking carefully  pod done · 54s · 0 hits                                                           ║
║   ▸ Selected Originals - THE ROYAL FAMILY                                                                  ║
║     ● Looking carefully  pod done · 48s · 0 hits                                                           ║
║   ▸ LIGHTNING AEROBATICS                                                                                   ║
║     ● Looking carefully  pod done · 54s · 1 hits                                                           ║
║                                                                                                            ║
║ ⓘ  Browser should open on its own.                                                                         ║
║                                                                                                            ║
║ Press Ctrl+C here to stop the app.                                                                         ║
╚════════════════════════════════════════════════════════════════════════════════════════════════════════════╝



















[H[2J[3J╔════════════════════════════════════════════════════════════════════════════════════════════════════════════╗
║ ◆ ShtetlFrames  •  live                                                                                    ║
║ Find old film that looks traditionally Orthodox                                                            ║
╟────────────────────────────────────────────────────────────────────────────────────────────────────────────╢
║ Browser  http://127.0.0.1:8787    Review  http://127.0.0.1:8787/review                                     ║
╟────────────────────────────────────────────────────────────────────────────────────────────────────────────╢
║ ⠙  Looking through British Pathé…                                                                          ║
║                                                                                                            ║
║  ░░░░░░░░░░░░░░░░░░░░░░░░░░░░░░░░░░░    0.0%  0/85,452                                                     ║
║                                                                                                            ║
║ checked 0   clips 0   failed 0   active 5                                                                  ║
║ session  1m 52s                                                                                            ║
║                                                                                                            ║
║ Right now — cloud workers                                                                                  ║
║   ▸ INSIDE THE GATES OF SOVIET RUSSIA                                                                      ║
║     ● Looking carefully  pod done · 56s · 1 hits                                                           ║
║   ▸ BUILDING ISRAELI SETTLEMENT aka BIRTH OF A KIBBUTZ                                                     ║
║     ● Looking carefully  ██████████  100%                                                                  ║
║   ▸ PRES. KENNEDY                                                                                          ║
║     ● Looking carefully  pod done · 54s · 0 hits                                                           ║
║   ▸ Selected Originals - THE ROYAL FAMILY                                                                  ║
║     ● Looking carefully  pod done · 48s · 0 hits                                                           ║
║   ▸ LIGHTNING AEROBATICS                                                                                   ║
║     ● Looking carefully  pod done · 54s · 1 hits                                                           ║
║                                                                                                            ║
║ ⓘ  Browser should open on its own.                                                                         ║
║                                                                                                            ║
║ Press Ctrl+C here to stop the app.                                                                         ║
╚════════════════════════════════════════════════════════════════════════════════════════════════════════════╝



















[H[2J[3J╔════════════════════════════════════════════════════════════════════════════════════════════════════════════╗
║ ◆ ShtetlFrames  ·  live                                                                                    ║
║ Find old film that looks traditionally Orthodox                                                            ║
╟────────────────────────────────────────────────────────────────────────────────────────────────────────────╢
║ Browser  http://127.0.0.1:8787    Review  http://127.0.0.1:8787/review                                     ║
╟────────────────────────────────────────────────────────────────────────────────────────────────────────────╢
║ ⠙  Looking through British Pathé…                                                                          ║
║                                                                                                            ║
║  ░░░░░░░░░░░░░░░░░░░░░░░░░░░░░░░░░░░    0.0%  0/85,452                                                     ║
║                                                                                                            ║
║ checked 0   clips 0   failed 0   active 5                                                                  ║
║ session  1m 53s                                                                                            ║
║                                                                                                            ║
║ Right now — cloud workers                                                                                  ║
║   ▸ INSIDE THE GATES OF SOVIET RUSSIA                                                                      ║
║     ● Looking carefully  pod done · 56s · 1 hits                                                           ║
║   ▸ BUILDING ISRAELI SETTLEMENT aka BIRTH OF A KIBBUTZ                                                     ║
║     ● Looking carefully  ██████████  100%                                                                  ║
║   ▸ PRES. KENNEDY                                                                                          ║
║     ● Looking carefully  pod done · 54s · 0 hits                                                           ║
║   ▸ Selected Originals - THE ROYAL FAMILY                                                                  ║
║     ● Looking carefully  pod done · 48s · 0 hits                                                           ║
║   ▸ LIGHTNING AEROBATICS                                                                                   ║
║     ● Looking carefully  pod done · 54s · 1 hits                                                           ║
║                                                                                                            ║
║ ⓘ  Browser should open on its own.                                                                         ║
║                                                                                                            ║
║ Press Ctrl+C here to stop the app.                                                                         ║
╚════════════════════════════════════════════════════════════════════════════════════════════════════════════╝



















[H[2J[3J╔════════════════════════════════════════════════════════════════════════════════════════════════════════════╗
║ ◆ ShtetlFrames  •  live                                                                                    ║
║ Find old film that looks traditionally Orthodox                                                            ║
╟────────────────────────────────────────────────────────────────────────────────────────────────────────────╢
║ Browser  http://127.0.0.1:8787    Review  http://127.0.0.1:8787/review                                     ║
╟────────────────────────────────────────────────────────────────────────────────────────────────────────────╢
║ ⠙  Looking through British Pathé…                                                                          ║
║                                                                                                            ║
║  ░░░░░░░░░░░░░░░░░░░░░░░░░░░░░░░░░░░    0.0%  0/85,452                                                     ║
║                                                                                                            ║
║ checked 0   clips 0   failed 0   active 5                                                                  ║
║ session  1m 54s                                                                                            ║
║                                                                                                            ║
║ Right now — cloud workers                                                                                  ║
║   ▸ INSIDE THE GATES OF SOVIET RUSSIA                                                                      ║
║     ● Looking carefully  pod done · 56s · 1 hits                                                           ║
║   ▸ BUILDING ISRAELI SETTLEMENT aka BIRTH OF A KIBBUTZ                                                     ║
║     ● Looking carefully  ██████████  100%                                                                  ║
║   ▸ PRES. KENNEDY                                                                                          ║
║     ● Looking carefully  pod done · 54s · 0 hits                                                           ║
║   ▸ Selected Originals - THE ROYAL FAMILY                                                                  ║
║     ● Looking carefully  pod done · 48s · 0 hits                                                           ║
║   ▸ LIGHTNING AEROBATICS                                                                                   ║
║     ● Looking carefully  pod done · 54s · 1 hits                                                           ║
║                                                                                                            ║
║ ⓘ  Browser should open on its own.                                                                         ║
║                                                                                                            ║
║ Press Ctrl+C here to stop the app.                                                                         ║
╚════════════════════════════════════════════════════════════════════════════════════════════════════════════╝



















[H[2J[3J╔════════════════════════════════════════════════════════════════════════════════════════════════════════════╗
║ ◆ ShtetlFrames  ●  live                                                                                    ║
║ Find old film that looks traditionally Orthodox                                                            ║
╟────────────────────────────────────────────────────────────────────────────────────────────────────────────╢
║ Browser  http://127.0.0.1:8787    Review  http://127.0.0.1:8787/review                                     ║
╟────────────────────────────────────────────────────────────────────────────────────────────────────────────╢
║ ⠙  Looking through British Pathé…                                                                          ║
║                                                                                                            ║
║  ░░░░░░░░░░░░░░░░░░░░░░░░░░░░░░░░░░░    0.0%  0/85,452                                                     ║
║                                                                                                            ║
║ checked 0   clips 0   failed 0   active 5                                                                  ║
║ session  1m 55s                                                                                            ║
║                                                                                                            ║
║ Right now — cloud workers                                                                                  ║
║   ▸ INSIDE THE GATES OF SOVIET RUSSIA                                                                      ║
║     ● Looking carefully  pod done · 56s · 1 hits                                                           ║
║   ▸ BUILDING ISRAELI SETTLEMENT aka BIRTH OF A KIBBUTZ                                                     ║
║     ● Looking carefully  ██████████  100%                                                                  ║
║   ▸ PRES. KENNEDY                                                                                          ║
║     ● Looking carefully  pod done · 54s · 0 hits                                                           ║
║   ▸ Selected Originals - THE ROYAL FAMILY                                                                  ║
║     ● Looking carefully  pod done · 48s · 0 hits                                                           ║
║   ▸ LIGHTNING AEROBATICS                                                                                   ║
║     ● Looking carefully  pod done · 54s · 1 hits                                                           ║
║                                                                                                            ║
║ ⓘ  Browser should open on its own.                                                                         ║
║                                                                                                            ║
║ Press Ctrl+C here to stop the app.                                                                         ║
╚════════════════════════════════════════════════════════════════════════════════════════════════════════════╝



















[H[2J[3J╔════════════════════════════════════════════════════════════════════════════════════════════════════════════╗
║ ◆ ShtetlFrames  •  live                                                                                    ║
║ Find old film that looks traditionally Orthodox                                                            ║
╟────────────────────────────────────────────────────────────────────────────────────────────────────────────╢
║ Browser  http://127.0.0.1:8787    Review  http://127.0.0.1:8787/review                                     ║
╟────────────────────────────────────────────────────────────────────────────────────────────────────────────╢
║ ⠙  Looking through British Pathé…                                                                          ║
║                                                                                                            ║
║  ░░░░░░░░░░░░░░░░░░░░░░░░░░░░░░░░░░░    0.0%  0/85,452                                                     ║
║                                                                                                            ║
║ checked 0   clips 0   failed 0   active 5                                                                  ║
║ session  1m 56s                                                                                            ║
║                                                                                                            ║
║ Right now — cloud workers                                                                                  ║
║   ▸ INSIDE THE GATES OF SOVIET RUSSIA                                                                      ║
║     ● Looking carefully  pod done · 56s · 1 hits                                                           ║
║   ▸ BUILDING ISRAELI SETTLEMENT aka BIRTH OF A KIBBUTZ                                                     ║
║     ● Looking carefully  ██████████  100%                                                                  ║
║   ▸ PRES. KENNEDY                                                                                          ║
║     ● Looking carefully  pod done · 54s · 0 hits                                                           ║
║   ▸ Selected Originals - THE ROYAL FAMILY                                                                  ║
║     ● Looking carefully  pod done · 48s · 0 hits                                                           ║
║   ▸ LIGHTNING AEROBATICS                                                                                   ║
║     ● Looking carefully  pod done · 54s · 1 hits                                                           ║
║                                                                                                            ║
║ ⓘ  Browser should open on its own.                                                                         ║
║                                                                                                            ║
║ Press Ctrl+C here to stop the app.                                                                         ║
╚════════════════════════════════════════════════════════════════════════════════════════════════════════════╝



















[H[2J[3J╔════════════════════════════════════════════════════════════════════════════════════════════════════════════╗
║ ◆ ShtetlFrames  ·  live                                                                                    ║
║ Find old film that looks traditionally Orthodox                                                            ║
╟────────────────────────────────────────────────────────────────────────────────────────────────────────────╢
║ Browser  http://127.0.0.1:8787    Review  http://127.0.0.1:8787/review                                     ║
╟────────────────────────────────────────────────────────────────────────────────────────────────────────────╢
║ ⠙  Looking through British Pathé…                                                                          ║
║                                                                                                            ║
║  ░░░░░░░░░░░░░░░░░░░░░░░░░░░░░░░░░░░    0.0%  0/85,452                                                     ║
║                                                                                                            ║
║ checked 0   clips 0   failed 0   active 5                                                                  ║
║ session  1m 57s                                                                                            ║
║                                                                                                            ║
║ Right now — cloud workers                                                                                  ║
║   ▸ INSIDE THE GATES OF SOVIET RUSSIA                                                                      ║
║     ● Looking carefully  pod done · 56s · 1 hits                                                           ║
║   ▸ BUILDING ISRAELI SETTLEMENT aka BIRTH OF A KIBBUTZ                                                     ║
║     ● Looking carefully  ██████████  100%                                                                  ║
║   ▸ PRES. KENNEDY                                                                                          ║
║     ● Looking carefully  pod done · 54s · 0 hits                                                           ║
║   ▸ Selected Originals - THE ROYAL FAMILY                                                                  ║
║     ● Looking carefully  pod done · 48s · 0 hits                                                           ║
║   ▸ LIGHTNING AEROBATICS                                                                                   ║
║     ● Looking carefully  pod done · 54s · 1 hits                                                           ║
║                                                                                                            ║
║ ⓘ  Browser should open on its own.                                                                         ║
║                                                                                                            ║
║ Press Ctrl+C here to stop the app.                                                                         ║
╚════════════════════════════════════════════════════════════════════════════════════════════════════════════╝



















[H[2J[3J╔════════════════════════════════════════════════════════════════════════════════════════════════════════════╗
║ ◆ ShtetlFrames  •  live                                                                                    ║
║ Find old film that looks traditionally Orthodox                                                            ║
╟────────────────────────────────────────────────────────────────────────────────────────────────────────────╢
║ Browser  http://127.0.0.1:8787    Review  http://127.0.0.1:8787/review                                     ║
╟────────────────────────────────────────────────────────────────────────────────────────────────────────────╢
║ ⠹  Looking through British Pathé…                                                                          ║
║                                                                                                            ║
║  ░░░░░░░░░░░░░░░░░░░░░░░░░░░░░░░░░░░    0.0%  0/85,452                                                     ║
║                                                                                                            ║
║ checked 0   clips 0   failed 0   active 5                                                                  ║
║ session  1m 58s                                                                                            ║
║                                                                                                            ║
║ Right now — cloud workers                                                                                  ║
║   ▸ INSIDE THE GATES OF SOVIET RUSSIA                                                                      ║
║     ● Looking carefully  pod done · 56s · 1 hits                                                           ║
║   ▸ BUILDING ISRAELI SETTLEMENT aka BIRTH OF A KIBBUTZ                                                     ║
║     ● Looking carefully  ██████████  100%                                                                  ║
║   ▸ PRES. KENNEDY                                                                                          ║
║     ● Looking carefully  pod done · 54s · 0 hits                                                           ║
║   ▸ Selected Originals - THE ROYAL FAMILY                                                                  ║
║     ● Looking carefully  pod done · 48s · 0 hits                                                           ║
║   ▸ LIGHTNING AEROBATICS                                                                                   ║
║     ● Looking carefully  pod done · 54s · 1 hits                                                           ║
║                                                                                                            ║
║ ⓘ  Browser should open on its own.                                                                         ║
║                                                                                                            ║
║ Press Ctrl+C here to stop the app.                                                                         ║
╚════════════════════════════════════════════════════════════════════════════════════════════════════════════╝



















[H[2J[3J╔════════════════════════════════════════════════════════════════════════════════════════════════════════════╗
║ ◆ ShtetlFrames  ●  live                                                                                    ║
║ Find old film that looks traditionally Orthodox                                                            ║
╟────────────────────────────────────────────────────────────────────────────────────────────────────────────╢
║ Browser  http://127.0.0.1:8787    Review  http://127.0.0.1:8787/review                                     ║
╟────────────────────────────────────────────────────────────────────────────────────────────────────────────╢
║ ⠹  Looking through British Pathé…                                                                          ║
║                                                                                                            ║
║  ░░░░░░░░░░░░░░░░░░░░░░░░░░░░░░░░░░░    0.0%  0/85,452                                                     ║
║                                                                                                            ║
║ checked 0   clips 0   failed 0   active 5                                                                  ║
║ session  1m 59s                                                                                            ║
║                                                                                                            ║
║ Right now — cloud workers                                                                                  ║
║   ▸ INSIDE THE GATES OF SOVIET RUSSIA                                                                      ║
║     ● Looking carefully  pod done · 56s · 1 hits                                                           ║
║   ▸ BUILDING ISRAELI SETTLEMENT aka BIRTH OF A KIBBUTZ                                                     ║
║     ● Looking carefully  ██████████  100%                                                                  ║
║   ▸ PRES. KENNEDY                                                                                          ║
║     ● Looking carefully  pod done · 54s · 0 hits                                                           ║
║   ▸ Selected Originals - THE ROYAL FAMILY                                                                  ║
║     ● Looking carefully  pod done · 48s · 0 hits                                                           ║
║   ▸ LIGHTNING AEROBATICS                                                                                   ║
║     ● Looking carefully  pod done · 54s · 1 hits                                                           ║
║                                                                                                            ║
║ ⓘ  Browser should open on its own.                                                                         ║
║                                                                                                            ║
║ Press Ctrl+C here to stop the app.                                                                         ║
╚════════════════════════════════════════════════════════════════════════════════════════════════════════════╝



















[H[2J[3J╔════════════════════════════════════════════════════════════════════════════════════════════════════════════╗
║ ◆ ShtetlFrames  •  live                                                                                    ║
║ Find old film that looks traditionally Orthodox                                                            ║
╟────────────────────────────────────────────────────────────────────────────────────────────────────────────╢
║ Browser  http://127.0.0.1:8787    Review  http://127.0.0.1:8787/review                                     ║
╟────────────────────────────────────────────────────────────────────────────────────────────────────────────╢
║ ⠹  Looking through British Pathé…                                                                          ║
║                                                                                                            ║
║  ░░░░░░░░░░░░░░░░░░░░░░░░░░░░░░░░░░░    0.0%  0/85,452                                                     ║
║                                                                                                            ║
║ checked 0   clips 0   failed 0   active 5                                                                  ║
║ session  2m 00s                                                                                            ║
║                                                                                                            ║
║ Right now — cloud workers                                                                                  ║
║   ▸ INSIDE THE GATES OF SOVIET RUSSIA                                                                      ║
║     ● Looking carefully  pod done · 56s · 1 hits                                                           ║
║   ▸ BUILDING ISRAELI SETTLEMENT aka BIRTH OF A KIBBUTZ                                                     ║
║     ● Looking carefully  ██████████  100%                                                                  ║
║   ▸ PRES. KENNEDY                                                                                          ║
║     ● Looking carefully  pod done · 54s · 0 hits                                                           ║
║   ▸ Selected Originals - THE ROYAL FAMILY                                                                  ║
║     ● Looking carefully  pod done · 48s · 0 hits                                                           ║
║   ▸ LIGHTNING AEROBATICS                                                                                   ║
║     ● Looking carefully  pod done · 54s · 1 hits                                                           ║
║                                                                                                            ║
║ ⓘ  Browser should open on its own.                                                                         ║
║                                                                                                            ║
║ Press Ctrl+C here to stop the app.                                                                         ║
╚════════════════════════════════════════════════════════════════════════════════════════════════════════════╝



















[H[2J[3J╔════════════════════════════════════════════════════════════════════════════════════════════════════════════╗
║ ◆ ShtetlFrames  ·  live                                                                                    ║
║ Find old film that looks traditionally Orthodox                                                            ║
╟────────────────────────────────────────────────────────────────────────────────────────────────────────────╢
║ Browser  http://127.0.0.1:8787    Review  http://127.0.0.1:8787/review                                     ║
╟────────────────────────────────────────────────────────────────────────────────────────────────────────────╢
║ ⠹  Looking through British Pathé…                                                                          ║
║                                                                                                            ║
║  ░░░░░░░░░░░░░░░░░░░░░░░░░░░░░░░░░░░    0.0%  0/85,452                                                     ║
║                                                                                                            ║
║ checked 0   clips 0   failed 0   active 5                                                                  ║
║ session  2m 01s                                                                                            ║
║                                                                                                            ║
║ Right now — cloud workers                                                                                  ║
║   ▸ INSIDE THE GATES OF SOVIET RUSSIA                                                                      ║
║     ● Looking carefully  pod done · 56s · 1 hits                                                           ║
║   ▸ BUILDING ISRAELI SETTLEMENT aka BIRTH OF A KIBBUTZ                                                     ║
║     ● Looking carefully  ██████████  100%                                                                  ║
║   ▸ PRES. KENNEDY                                                                                          ║
║     ● Looking carefully  pod done · 54s · 0 hits                                                           ║
║   ▸ Selected Originals - THE ROYAL FAMILY                                                                  ║
║     ● Looking carefully  pod done · 48s · 0 hits                                                           ║
║   ▸ LIGHTNING AEROBATICS                                                                                   ║
║     ● Looking carefully  pod done · 54s · 1 hits                                                           ║
║                                                                                                            ║
║ ⓘ  Browser should open on its own.                                                                         ║
║                                                                                                            ║
║ Press Ctrl+C here to stop the app.                                                                         ║
╚════════════════════════════════════════════════════════════════════════════════════════════════════════════╝



















[H[2J[3J╔════════════════════════════════════════════════════════════════════════════════════════════════════════════╗
║ ◆ ShtetlFrames  •  live                                                                                    ║
║ Find old film that looks traditionally Orthodox                                                            ║
╟────────────────────────────────────────────────────────────────────────────────────────────────────────────╢
║ Browser  http://127.0.0.1:8787    Review  http://127.0.0.1:8787/review                                     ║
╟────────────────────────────────────────────────────────────────────────────────────────────────────────────╢
║ ⠹  Looking through British Pathé…                                                                          ║
║                                                                                                            ║
║  ░░░░░░░░░░░░░░░░░░░░░░░░░░░░░░░░░░░    0.0%  0/85,452                                                     ║
║                                                                                                            ║
║ checked 0   clips 0   failed 0   active 5                                                                  ║
║ session  2m 02s                                                                                            ║
║                                                                                                            ║
║ Right now — cloud workers                                                                                  ║
║   ▸ INSIDE THE GATES OF SOVIET RUSSIA                                                                      ║
║     ● Looking carefully  pod done · 56s · 1 hits                                                           ║
║   ▸ BUILDING ISRAELI SETTLEMENT aka BIRTH OF A KIBBUTZ                                                     ║
║     ● Looking carefully  ██████████  100%                                                                  ║
║   ▸ PRES. KENNEDY                                                                                          ║
║     ● Looking carefully  pod done · 54s · 0 hits                                                           ║
║   ▸ Selected Originals - THE ROYAL FAMILY                                                                  ║
║     ● Looking carefully  pod done · 48s · 0 hits                                                           ║
║   ▸ LIGHTNING AEROBATICS                                                                                   ║
║     ● Looking carefully  pod done · 54s · 1 hits                                                           ║
║                                                                                                            ║
║ ⓘ  Browser should open on its own.                                                                         ║
║                                                                                                            ║
║ Press Ctrl+C here to stop the app.                                                                         ║
╚════════════════════════════════════════════════════════════════════════════════════════════════════════════╝



















[H[2J[3J╔════════════════════════════════════════════════════════════════════════════════════════════════════════════╗
║ ◆ ShtetlFrames  ●  live                                                                                    ║
║ Find old film that looks traditionally Orthodox                                                            ║
╟────────────────────────────────────────────────────────────────────────────────────────────────────────────╢
║ Browser  http://127.0.0.1:8787    Review  http://127.0.0.1:8787/review                                     ║
╟────────────────────────────────────────────────────────────────────────────────────────────────────────────╢
║ ⠹  Looking through British Pathé…                                                                          ║
║                                                                                                            ║
║  ░░░░░░░░░░░░░░░░░░░░░░░░░░░░░░░░░░░    0.0%  0/85,452                                                     ║
║                                                                                                            ║
║ checked 0   clips 0   failed 0   active 5                                                                  ║
║ session  2m 03s                                                                                            ║
║                                                                                                            ║
║ Right now — cloud workers                                                                                  ║
║   ▸ INSIDE THE GATES OF SOVIET RUSSIA                                                                      ║
║     ● Looking carefully  pod done · 56s · 1 hits                                                           ║
║   ▸ BUILDING ISRAELI SETTLEMENT aka BIRTH OF A KIBBUTZ                                                     ║
║     ● Looking carefully  ██████████  100%                                                                  ║
║   ▸ PRES. KENNEDY                                                                                          ║
║     ● Looking carefully  pod done · 54s · 0 hits                                                           ║
║   ▸ Selected Originals - THE ROYAL FAMILY                                                                  ║
║     ● Looking carefully  pod done · 48s · 0 hits                                                           ║
║   ▸ LIGHTNING AEROBATICS                                                                                   ║
║     ● Looking carefully  pod done · 54s · 1 hits                                                           ║
║                                                                                                            ║
║ ⓘ  Browser should open on its own.                                                                         ║
║                                                                                                            ║
║ Press Ctrl+C here to stop the app.                                                                         ║
╚════════════════════════════════════════════════════════════════════════════════════════════════════════════╝



















[H[2J[3J╔════════════════════════════════════════════════════════════════════════════════════════════════════════════╗
║ ◆ ShtetlFrames  •  live                                                                                    ║
║ Find old film that looks traditionally Orthodox                                                            ║
╟────────────────────────────────────────────────────────────────────────────────────────────────────────────╢
║ Browser  http://127.0.0.1:8787    Review  http://127.0.0.1:8787/review                                     ║
╟────────────────────────────────────────────────────────────────────────────────────────────────────────────╢
║ ⠹  Looking through British Pathé…                                                                          ║
║                                                                                                            ║
║  ░░░░░░░░░░░░░░░░░░░░░░░░░░░░░░░░░░░    0.0%  0/85,452                                                     ║
║                                                                                                            ║
║ checked 0   clips 0   failed 0   active 5                                                                  ║
║ session  2m 04s                                                                                            ║
║                                                                                                            ║
║ Right now — cloud workers                                                                                  ║
║   ▸ INSIDE THE GATES OF SOVIET RUSSIA                                                                      ║
║     ● Looking carefully  pod done · 56s · 1 hits                                                           ║
║   ▸ BUILDING ISRAELI SETTLEMENT aka BIRTH OF A KIBBUTZ                                                     ║
║     ● Looking carefully  ██████████  100%                                                                  ║
║   ▸ PRES. KENNEDY                                                                                          ║
║     ● Looking carefully  pod done · 54s · 0 hits                                                           ║
║   ▸ Selected Originals - THE ROYAL FAMILY                                                                  ║
║     ● Looking carefully  pod done · 48s · 0 hits                                                           ║
║   ▸ LIGHTNING AEROBATICS                                                                                   ║
║     ● Looking carefully  pod done · 54s · 1 hits                                                           ║
║                                                                                                            ║
║ ⓘ  Browser should open on its own.                                                                         ║
║                                                                                                            ║
║ Press Ctrl+C here to stop the app.                                                                         ║
╚════════════════════════════════════════════════════════════════════════════════════════════════════════════╝



















[H[2J[3J╔════════════════════════════════════════════════════════════════════════════════════════════════════════════╗
║ ◆ ShtetlFrames  ·  live                                                                                    ║
║ Find old film that looks traditionally Orthodox                                                            ║
╟────────────────────────────────────────────────────────────────────────────────────────────────────────────╢
║ Browser  http://127.0.0.1:8787    Review  http://127.0.0.1:8787/review                                     ║
╟────────────────────────────────────────────────────────────────────────────────────────────────────────────╢
║ ⠹  Looking through British Pathé…                                                                          ║
║                                                                                                            ║
║  ░░░░░░░░░░░░░░░░░░░░░░░░░░░░░░░░░░░    0.0%  0/85,452                                                     ║
║                                                                                                            ║
║ checked 0   clips 0   failed 0   active 5                                                                  ║
║ session  2m 05s                                                                                            ║
║                                                                                                            ║
║ Right now — cloud workers                                                                                  ║
║   ▸ INSIDE THE GATES OF SOVIET RUSSIA                                                                      ║
║     ● Looking carefully  pod done · 56s · 1 hits                                                           ║
║   ▸ BUILDING ISRAELI SETTLEMENT aka BIRTH OF A KIBBUTZ                                                     ║
║     ● Looking carefully  ██████████  100%                                                                  ║
║   ▸ PRES. KENNEDY                                                                                          ║
║     ● Looking carefully  pod done · 54s · 0 hits                                                           ║
║   ▸ Selected Originals - THE ROYAL FAMILY                                                                  ║
║     ● Looking carefully  pod done · 48s · 0 hits                                                           ║
║   ▸ LIGHTNING AEROBATICS                                                                                   ║
║     ● Looking carefully  pod done · 54s · 1 hits                                                           ║
║                                                                                                            ║
║ ⓘ  Browser should open on its own.                                                                         ║
║                                                                                                            ║
║ Press Ctrl+C here to stop the app.                                                                         ║
╚════════════════════════════════════════════════════════════════════════════════════════════════════════════╝



















[H[2J[3J╔════════════════════════════════════════════════════════════════════════════════════════════════════════════╗
║ ◆ ShtetlFrames  •  live                                                                                    ║
║ Find old film that looks traditionally Orthodox                                                            ║
╟────────────────────────────────────────────────────────────────────────────────────────────────────────────╢
║ Browser  http://127.0.0.1:8787    Review  http://127.0.0.1:8787/review                                     ║
╟────────────────────────────────────────────────────────────────────────────────────────────────────────────╢
║ ⠸  Looking through British Pathé…                                                                          ║
║                                                                                                            ║
║  ░░░░░░░░░░░░░░░░░░░░░░░░░░░░░░░░░░░    0.0%  0/85,452                                                     ║
║                                                                                                            ║
║ checked 0   clips 0   failed 0   active 5                                                                  ║
║ session  2m 06s                                                                                            ║
║                                                                                                            ║
║ Right now — cloud workers                                                                                  ║
║   ▸ INSIDE THE GATES OF SOVIET RUSSIA                                                                      ║
║     ● Looking carefully  pod done · 56s · 1 hits                                                           ║
║   ▸ BUILDING ISRAELI SETTLEMENT aka BIRTH OF A KIBBUTZ                                                     ║
║     ● Looking carefully  ██████████  100%                                                                  ║
║   ▸ PRES. KENNEDY                                                                                          ║
║     ● Looking carefully  pod done · 54s · 0 hits                                                           ║
║   ▸ Selected Originals - THE ROYAL FAMILY                                                                  ║
║     ● Looking carefully  pod done · 48s · 0 hits                                                           ║
║   ▸ LIGHTNING AEROBATICS                                                                                   ║
║     ● Looking carefully  pod done · 54s · 1 hits                                                           ║
║                                                                                                            ║
║ ⓘ  Browser should open on its own.                                                                         ║
║                                                                                                            ║
║ Press Ctrl+C here to stop the app.                                                                         ║
╚════════════════════════════════════════════════════════════════════════════════════════════════════════════╝



















[H[2J[3J╔════════════════════════════════════════════════════════════════════════════════════════════════════════════╗
║ ◆ ShtetlFrames  ●  live                                                                                    ║
║ Find old film that looks traditionally Orthodox                                                            ║
╟────────────────────────────────────────────────────────────────────────────────────────────────────────────╢
║ Browser  http://127.0.0.1:8787    Review  http://127.0.0.1:8787/review                                     ║
╟────────────────────────────────────────────────────────────────────────────────────────────────────────────╢
║ ⠸  Looking through British Pathé…                                                                          ║
║                                                                                                            ║
║  ░░░░░░░░░░░░░░░░░░░░░░░░░░░░░░░░░░░    0.0%  0/85,452                                                     ║
║                                                                                                            ║
║ checked 0   clips 0   failed 0   active 5                                                                  ║
║ session  2m 07s                                                                                            ║
║                                                                                                            ║
║ Right now — cloud workers                                                                                  ║
║   ▸ INSIDE THE GATES OF SOVIET RUSSIA                                                                      ║
║     ● Looking carefully  pod done · 56s · 1 hits                                                           ║
║   ▸ BUILDING ISRAELI SETTLEMENT aka BIRTH OF A KIBBUTZ                                                     ║
║     ● Looking carefully  ██████████  100%                                                                  ║
║   ▸ PRES. KENNEDY                                                                                          ║
║     ● Looking carefully  pod done · 54s · 0 hits                                                           ║
║   ▸ Selected Originals - THE ROYAL FAMILY                                                                  ║
║     ● Looking carefully  pod done · 48s · 0 hits                                                           ║
║   ▸ LIGHTNING AEROBATICS                                                                                   ║
║     ● Looking carefully  pod done · 54s · 1 hits                                                           ║
║                                                                                                            ║
║ ⓘ  Browser should open on its own.                                                                         ║
║                                                                                                            ║
║ Press Ctrl+C here to stop the app.                                                                         ║
╚════════════════════════════════════════════════════════════════════════════════════════════════════════════╝



















[H[2J[3J╔════════════════════════════════════════════════════════════════════════════════════════════════════════════╗
║ ◆ ShtetlFrames  ●  live                                                                                    ║
║ Find old film that looks traditionally Orthodox                                                            ║
╟────────────────────────────────────────────────────────────────────────────────────────────────────────────╢
║ Browser  http://127.0.0.1:8787    Review  http://127.0.0.1:8787/review                                     ║
╟────────────────────────────────────────────────────────────────────────────────────────────────────────────╢
║ ⠸  Looking through British Pathé…                                                                          ║
║                                                                                                            ║
║  ░░░░░░░░░░░░░░░░░░░░░░░░░░░░░░░░░░░    0.0%  0/85,452                                                     ║
║                                                                                                            ║
║ checked 0   clips 0   failed 0   active 5                                                                  ║
║ session  2m 08s                                                                                            ║
║                                                                                                            ║
║ Right now — cloud workers                                                                                  ║
║   ▸ INSIDE THE GATES OF SOVIET RUSSIA                                                                      ║
║     ● Looking carefully  pod done · 56s · 1 hits                                                           ║
║   ▸ BUILDING ISRAELI SETTLEMENT aka BIRTH OF A KIBBUTZ                                                     ║
║     ● Looking carefully  ██████████  100%                                                                  ║
║   ▸ PRES. KENNEDY                                                                                          ║
║     ● Looking carefully  pod done · 54s · 0 hits                                                           ║
║   ▸ Selected Originals - THE ROYAL FAMILY                                                                  ║
║     ● Looking carefully  pod done · 48s · 0 hits                                                           ║
║   ▸ LIGHTNING AEROBATICS                                                                                   ║
║     ● Looking carefully  pod done · 54s · 1 hits                                                           ║
║                                                                                                            ║
║ ⓘ  Browser should open on its own.                                                                         ║
║                                                                                                            ║
║ Press Ctrl+C here to stop the app.                                                                         ║
╚════════════════════════════════════════════════════════════════════════════════════════════════════════════╝



















[H[2J[3J╔════════════════════════════════════════════════════════════════════════════════════════════════════════════╗
║ ◆ ShtetlFrames  •  live                                                                                    ║
║ Find old film that looks traditionally Orthodox                                                            ║
╟────────────────────────────────────────────────────────────────────────────────────────────────────────────╢
║ Browser  http://127.0.0.1:8787    Review  http://127.0.0.1:8787/review                                     ║
╟────────────────────────────────────────────────────────────────────────────────────────────────────────────╢
║ ⠸  Looking through British Pathé…                                                                          ║
║                                                                                                            ║
║  ░░░░░░░░░░░░░░░░░░░░░░░░░░░░░░░░░░░    0.0%  0/85,452                                                     ║
║                                                                                                            ║
║ checked 0   clips 0   failed 0   active 5                                                                  ║
║ session  2m 09s                                                                                            ║
║                                                                                                            ║
║ Right now — cloud workers                                                                                  ║
║   ▸ INSIDE THE GATES OF SOVIET RUSSIA                                                                      ║
║     ● Looking carefully  pod done · 56s · 1 hits                                                           ║
║   ▸ BUILDING ISRAELI SETTLEMENT aka BIRTH OF A KIBBUTZ                                                     ║
║     ● Looking carefully  ██████████  100%                                                                  ║
║   ▸ PRES. KENNEDY                                                                                          ║
║     ● Looking carefully  pod done · 54s · 0 hits                                                           ║
║   ▸ Selected Originals - THE ROYAL FAMILY                                                                  ║
║     ● Looking carefully  pod done · 48s · 0 hits                                                           ║
║   ▸ LIGHTNING AEROBATICS                                                                                   ║
║     ● Looking carefully  pod done · 54s · 1 hits                                                           ║
║                                                                                                            ║
║ ⓘ  Browser should open on its own.                                                                         ║
║                                                                                                            ║
║ Press Ctrl+C here to stop the app.                                                                         ║
╚════════════════════════════════════════════════════════════════════════════════════════════════════════════╝



















[H[2J[3J╔════════════════════════════════════════════════════════════════════════════════════════════════════════════╗
║ ◆ ShtetlFrames  ·  live                                                                                    ║
║ Find old film that looks traditionally Orthodox                                                            ║
╟────────────────────────────────────────────────────────────────────────────────────────────────────────────╢
║ Browser  http://127.0.0.1:8787    Review  http://127.0.0.1:8787/review                                     ║
╟────────────────────────────────────────────────────────────────────────────────────────────────────────────╢
║ ⠸  Looking through British Pathé…                                                                          ║
║                                                                                                            ║
║  ░░░░░░░░░░░░░░░░░░░░░░░░░░░░░░░░░░░    0.0%  0/85,452                                                     ║
║                                                                                                            ║
║ checked 0   clips 0   failed 0   active 5                                                                  ║
║ session  2m 10s                                                                                            ║
║                                                                                                            ║
║ Right now — cloud workers                                                                                  ║
║   ▸ INSIDE THE GATES OF SOVIET RUSSIA                                                                      ║
║     ● Looking carefully  pod done · 56s · 1 hits                                                           ║
║   ▸ BUILDING ISRAELI SETTLEMENT aka BIRTH OF A KIBBUTZ                                                     ║
║     ● Looking carefully  ██████████  100%                                                                  ║
║   ▸ PRES. KENNEDY                                                                                          ║
║     ● Looking carefully  pod done · 54s · 0 hits                                                           ║
║   ▸ Selected Originals - THE ROYAL FAMILY                                                                  ║
║     ● Looking carefully  pod done · 48s · 0 hits                                                           ║
║   ▸ LIGHTNING AEROBATICS                                                                                   ║
║     ● Looking carefully  pod done · 54s · 1 hits                                                           ║
║                                                                                                            ║
║ ⓘ  Browser should open on its own.                                                                         ║
║                                                                                                            ║
║ Press Ctrl+C here to stop the app.                                                                         ║
╚════════════════════════════════════════════════════════════════════════════════════════════════════════════╝



















[H[2J[3J╔════════════════════════════════════════════════════════════════════════════════════════════════════════════╗
║ ◆ ShtetlFrames  •  live                                                                                    ║
║ Find old film that looks traditionally Orthodox                                                            ║
╟────────────────────────────────────────────────────────────────────────────────────────────────────────────╢
║ Browser  http://127.0.0.1:8787    Review  http://127.0.0.1:8787/review                                     ║
╟────────────────────────────────────────────────────────────────────────────────────────────────────────────╢
║ ⠸  Looking through British Pathé…                                                                          ║
║                                                                                                            ║
║  ░░░░░░░░░░░░░░░░░░░░░░░░░░░░░░░░░░░    0.0%  0/85,452                                                     ║
║                                                                                                            ║
║ checked 0   clips 0   failed 0   active 5                                                                  ║
║ session  2m 11s                                                                                            ║
║                                                                                                            ║
║ Right now — cloud workers                                                                                  ║
║   ▸ INSIDE THE GATES OF SOVIET RUSSIA                                                                      ║
║     ● Looking carefully  pod done · 56s · 1 hits                                                           ║
║   ▸ BUILDING ISRAELI SETTLEMENT aka BIRTH OF A KIBBUTZ                                                     ║
║     ● Looking carefully  ██████████  100%                                                                  ║
║   ▸ PRES. KENNEDY                                                                                          ║
║     ● Looking carefully  pod done · 54s · 0 hits                                                           ║
║   ▸ Selected Originals - THE ROYAL FAMILY                                                                  ║
║     ● Looking carefully  pod done · 48s · 0 hits                                                           ║
║   ▸ LIGHTNING AEROBATICS                                                                                   ║
║     ● Looking carefully  pod done · 54s · 1 hits                                                           ║
║                                                                                                            ║
║ ⓘ  Browser should open on its own.                                                                         ║
║                                                                                                            ║
║ Press Ctrl+C here to stop the app.                                                                         ║
╚════════════════════════════════════════════════════════════════════════════════════════════════════════════╝



















[H[2J[3J╔════════════════════════════════════════════════════════════════════════════════════════════════════════════╗
║ ◆ ShtetlFrames  ●  live                                                                                    ║
║ Find old film that looks traditionally Orthodox                                                            ║
╟────────────────────────────────────────────────────────────────────────────────────────────────────────────╢
║ Browser  http://127.0.0.1:8787    Review  http://127.0.0.1:8787/review                                     ║
╟────────────────────────────────────────────────────────────────────────────────────────────────────────────╢
║ ⠸  Looking through British Pathé…                                                                          ║
║                                                                                                            ║
║  ░░░░░░░░░░░░░░░░░░░░░░░░░░░░░░░░░░░    0.0%  0/85,452                                                     ║
║                                                                                                            ║
║ checked 0   clips 0   failed 0   active 5                                                                  ║
║ session  2m 12s                                                                                            ║
║                                                                                                            ║
║ Right now — cloud workers                                                                                  ║
║   ▸ INSIDE THE GATES OF SOVIET RUSSIA                                                                      ║
║     ● Looking carefully  pod done · 56s · 1 hits                                                           ║
║   ▸ BUILDING ISRAELI SETTLEMENT aka BIRTH OF A KIBBUTZ                                                     ║
║     ● Looking carefully  ██████████  100%                                                                  ║
║   ▸ PRES. KENNEDY                                                                                          ║
║     ● Looking carefully  pod done · 54s · 0 hits                                                           ║
║   ▸ Selected Originals - THE ROYAL FAMILY                                                                  ║
║     ● Looking carefully  pod done · 48s · 0 hits                                                           ║
║   ▸ LIGHTNING AEROBATICS                                                                                   ║
║     ● Looking carefully  pod done · 54s · 1 hits                                                           ║
║                                                                                                            ║
║ ⓘ  Browser should open on its own.                                                                         ║
║                                                                                                            ║
║ Press Ctrl+C here to stop the app.                                                                         ║
╚════════════════════════════════════════════════════════════════════════════════════════════════════════════╝



















[H[2J[3J╔════════════════════════════════════════════════════════════════════════════════════════════════════════════╗
║ ◆ ShtetlFrames  •  live                                                                                    ║
║ Find old film that looks traditionally Orthodox                                                            ║
╟────────────────────────────────────────────────────────────────────────────────────────────────────────────╢
║ Browser  http://127.0.0.1:8787    Review  http://127.0.0.1:8787/review                                     ║
╟────────────────────────────────────────────────────────────────────────────────────────────────────────────╢
║ ⠸  Looking through British Pathé…                                                                          ║
║                                                                                                            ║
║  ░░░░░░░░░░░░░░░░░░░░░░░░░░░░░░░░░░░    0.0%  0/85,452                                                     ║
║                                                                                                            ║
║ checked 0   clips 0   failed 0   active 5                                                                  ║
║ session  2m 13s                                                                                            ║
║                                                                                                            ║
║ Right now — cloud workers                                                                                  ║
║   ▸ INSIDE THE GATES OF SOVIET RUSSIA                                                                      ║
║     ● Looking carefully  pod done · 56s · 1 hits                                                           ║
║   ▸ BUILDING ISRAELI SETTLEMENT aka BIRTH OF A KIBBUTZ                                                     ║
║     ● Looking carefully  ██████████  100%                                                                  ║
║   ▸ PRES. KENNEDY                                                                                          ║
║     ● Looking carefully  pod done · 54s · 0 hits                                                           ║
║   ▸ Selected Originals - THE ROYAL FAMILY                                                                  ║
║     ● Looking carefully  pod done · 48s · 0 hits                                                           ║
║   ▸ LIGHTNING AEROBATICS                                                                                   ║
║     ● Looking carefully  pod done · 54s · 1 hits                                                           ║
║                                                                                                            ║
║ ⓘ  Browser should open on its own.                                                                         ║
║                                                                                                            ║
║ Press Ctrl+C here to stop the app.                                                                         ║
╚════════════════════════════════════════════════════════════════════════════════════════════════════════════╝



















[H[2J[3J╔════════════════════════════════════════════════════════════════════════════════════════════════════════════╗
║ ◆ ShtetlFrames  ·  live                                                                                    ║
║ Find old film that looks traditionally Orthodox                                                            ║
╟────────────────────────────────────────────────────────────────────────────────────────────────────────────╢
║ Browser  http://127.0.0.1:8787    Review  http://127.0.0.1:8787/review                                     ║
╟────────────────────────────────────────────────────────────────────────────────────────────────────────────╢
║ ⠸  Looking through British Pathé…                                                                          ║
║                                                                                                            ║
║  ░░░░░░░░░░░░░░░░░░░░░░░░░░░░░░░░░░░    0.0%  0/85,452                                                     ║
║                                                                                                            ║
║ checked 0   clips 0   failed 0   active 5                                                                  ║
║ session  2m 14s                                                                                            ║
║                                                                                                            ║
║ Right now — cloud workers                                                                                  ║
║   ▸ INSIDE THE GATES OF SOVIET RUSSIA                                                                      ║
║     ● Looking carefully  pod done · 56s · 1 hits                                                           ║
║   ▸ BUILDING ISRAELI SETTLEMENT aka BIRTH OF A KIBBUTZ                                                     ║
║     ● Looking carefully  ██████████  100%                                                                  ║
║   ▸ PRES. KENNEDY                                                                                          ║
║     ● Looking carefully  pod done · 54s · 0 hits                                                           ║
║   ▸ Selected Originals - THE ROYAL FAMILY                                                                  ║
║     ● Looking carefully  pod done · 48s · 0 hits                                                           ║
║   ▸ LIGHTNING AEROBATICS                                                                                   ║
║     ● Looking carefully  pod done · 54s · 1 hits                                                           ║
║                                                                                                            ║
║ ⓘ  Browser should open on its own.                                                                         ║
║                                                                                                            ║
║ Press Ctrl+C here to stop the app.                                                                         ║
╚════════════════════════════════════════════════════════════════════════════════════════════════════════════╝



















[H[2J[3J╔════════════════════════════════════════════════════════════════════════════════════════════════════════════╗
║ ◆ ShtetlFrames  •  live                                                                                    ║
║ Find old film that looks traditionally Orthodox                                                            ║
╟────────────────────────────────────────────────────────────────────────────────────────────────────────────╢
║ Browser  http://127.0.0.1:8787    Review  http://127.0.0.1:8787/review                                     ║
╟────────────────────────────────────────────────────────────────────────────────────────────────────────────╢
║ ⠼  Looking through British Pathé…                                                                          ║
║                                                                                                            ║
║  ░░░░░░░░░░░░░░░░░░░░░░░░░░░░░░░░░░░    0.0%  0/85,452                                                     ║
║                                                                                                            ║
║ checked 0   clips 0   failed 0   active 5                                                                  ║
║ session  2m 15s                                                                                            ║
║                                                                                                            ║
║ Right now — cloud workers                                                                                  ║
║   ▸ INSIDE THE GATES OF SOVIET RUSSIA                                                                      ║
║     ● Looking carefully  pod done · 56s · 1 hits                                                           ║
║   ▸ BUILDING ISRAELI SETTLEMENT aka BIRTH OF A KIBBUTZ                                                     ║
║     ● Looking carefully  ██████████  100%                                                                  ║
║   ▸ PRES. KENNEDY                                                                                          ║
║     ● Looking carefully  pod done · 54s · 0 hits                                                           ║
║   ▸ Selected Originals - THE ROYAL FAMILY                                                                  ║
║     ● Looking carefully  pod done · 48s · 0 hits                                                           ║
║   ▸ LIGHTNING AEROBATICS                                                                                   ║
║     ● Looking carefully  pod done · 54s · 1 hits                                                           ║
║                                                                                                            ║
║ ⓘ  Browser should open on its own.                                                                         ║
║                                                                                                            ║
║ Press Ctrl+C here to stop the app.                                                                         ║
╚════════════════════════════════════════════════════════════════════════════════════════════════════════════╝



















[H[2J[3J╔════════════════════════════════════════════════════════════════════════════════════════════════════════════╗
║ ◆ ShtetlFrames  ●  live                                                                                    ║
║ Find old film that looks traditionally Orthodox                                                            ║
╟────────────────────────────────────────────────────────────────────────────────────────────────────────────╢
║ Browser  http://127.0.0.1:8787    Review  http://127.0.0.1:8787/review                                     ║
╟────────────────────────────────────────────────────────────────────────────────────────────────────────────╢
║ ⠼  Looking through British Pathé…                                                                          ║
║                                                                                                            ║
║  ░░░░░░░░░░░░░░░░░░░░░░░░░░░░░░░░░░░    0.0%  0/85,452                                                     ║
║                                                                                                            ║
║ checked 0   clips 0   failed 0   active 5                                                                  ║
║ session  2m 16s                                                                                            ║
║                                                                                                            ║
║ Right now — cloud workers                                                                                  ║
║   ▸ INSIDE THE GATES OF SOVIET RUSSIA                                                                      ║
║     ● Looking carefully  pod done · 56s · 1 hits                                                           ║
║   ▸ BUILDING ISRAELI SETTLEMENT aka BIRTH OF A KIBBUTZ                                                     ║
║     ● Looking carefully  ██████████  100%                                                                  ║
║   ▸ PRES. KENNEDY                                                                                          ║
║     ● Looking carefully  pod done · 54s · 0 hits                                                           ║
║   ▸ Selected Originals - THE ROYAL FAMILY                                                                  ║
║     ● Looking carefully  pod done · 48s · 0 hits                                                           ║
║   ▸ LIGHTNING AEROBATICS                                                                                   ║
║     ● Looking carefully  pod done · 54s · 1 hits                                                           ║
║                                                                                                            ║
║ ⓘ  Browser should open on its own.                                                                         ║
║                                                                                                            ║
║ Press Ctrl+C here to stop the app.                                                                         ║
╚════════════════════════════════════════════════════════════════════════════════════════════════════════════╝



















[H[2J[3J╔════════════════════════════════════════════════════════════════════════════════════════════════════════════╗
║ ◆ ShtetlFrames  •  live                                                                                    ║
║ Find old film that looks traditionally Orthodox                                                            ║
╟────────────────────────────────────────────────────────────────────────────────────────────────────────────╢
║ Browser  http://127.0.0.1:8787    Review  http://127.0.0.1:8787/review                                     ║
╟────────────────────────────────────────────────────────────────────────────────────────────────────────────╢
║ ⠼  Looking through British Pathé…                                                                          ║
║                                                                                                            ║
║  ░░░░░░░░░░░░░░░░░░░░░░░░░░░░░░░░░░░    0.0%  0/85,452                                                     ║
║                                                                                                            ║
║ checked 0   clips 0   failed 0   active 5                                                                  ║
║ session  2m 17s                                                                                            ║
║                                                                                                            ║
║ Right now — cloud workers                                                                                  ║
║   ▸ INSIDE THE GATES OF SOVIET RUSSIA                                                                      ║
║     ● Looking carefully  pod done · 56s · 1 hits                                                           ║
║   ▸ BUILDING ISRAELI SETTLEMENT aka BIRTH OF A KIBBUTZ                                                     ║
║     ● Looking carefully  ██████████  100%                                                                  ║
║   ▸ PRES. KENNEDY                                                                                          ║
║     ● Looking carefully  pod done · 54s · 0 hits                                                           ║
║   ▸ Selected Originals - THE ROYAL FAMILY                                                                  ║
║     ● Looking carefully  pod done · 48s · 0 hits                                                           ║
║   ▸ LIGHTNING AEROBATICS                                                                                   ║
║     ● Looking carefully  pod done · 54s · 1 hits                                                           ║
║                                                                                                            ║
║ ⓘ  Browser should open on its own.                                                                         ║
║                                                                                                            ║
║ Press Ctrl+C here to stop the app.                                                                         ║
╚════════════════════════════════════════════════════════════════════════════════════════════════════════════╝



















[H[2J[3J╔════════════════════════════════════════════════════════════════════════════════════════════════════════════╗
║ ◆ ShtetlFrames  ·  live                                                                                    ║
║ Find old film that looks traditionally Orthodox                                                            ║
╟────────────────────────────────────────────────────────────────────────────────────────────────────────────╢
║ Browser  http://127.0.0.1:8787    Review  http://127.0.0.1:8787/review                                     ║
╟────────────────────────────────────────────────────────────────────────────────────────────────────────────╢
║ ⠼  Looking through British Pathé…                                                                          ║
║                                                                                                            ║
║ ▏░░░░░░░░░░░░░░░░░░░░░░░░░░░░░░░░░░░    0.0%  1/85,452                                                     ║
║                                                                                                            ║
║ checked 1   clips 0   failed 0   active 3                                                                  ║
║ session  2m 18s                                                                                            ║
║                                                                                                            ║
║ Right now — cloud workers                                                                                  ║
║   ▸ INSIDE THE GATES OF SOVIET RUSSIA                                                                      ║
║     ● Looking carefully  pod done · 56s · 1 hits                                                           ║
║   ▸ BUILDING ISRAELI SETTLEMENT aka BIRTH OF A KIBBUTZ                                                     ║
║     ● Looking carefully  pod done · 99s · 1 hits                                                           ║
║   ▸ LIGHTNING AEROBATICS                                                                                   ║
║     ● Looking carefully  pod done · 54s · 1 hits                                                           ║
║                                                                                                            ║
║ ⓘ  Browser should open on its own.                                                                         ║
║                                                                                                            ║
║ Press Ctrl+C here to stop the app.                                                                         ║
╚════════════════════════════════════════════════════════════════════════════════════════════════════════════╝























[H[2J[3J╔════════════════════════════════════════════════════════════════════════════════════════════════════════════╗
║ ◆ ShtetlFrames  •  live                                                                                    ║
║ Find old film that looks traditionally Orthodox                                                            ║
╟────────────────────────────────────────────────────────────────────────────────────────────────────────────╢
║ Browser  http://127.0.0.1:8787    Review  http://127.0.0.1:8787/review                                     ║
╟────────────────────────────────────────────────────────────────────────────────────────────────────────────╢
║ ⠼  Looking through British Pathé…                                                                          ║
║                                                                                                            ║
║ ▏░░░░░░░░░░░░░░░░░░░░░░░░░░░░░░░░░░░    0.0%  1/85,452                                                     ║
║                                                                                                            ║
║ checked 1   clips 0   failed 0   active 1                                                                  ║
║ session  2m 19s                                                                                            ║
║                                                                                                            ║
║ Right now — cloud workers                                                                                  ║
║   ▸ BUILDING ISRAELI SETTLEMENT aka BIRTH OF A KIBBUTZ                                                     ║
║     ● Looking carefully  pod done · 99s · 1 hits                                                           ║
║                                                                                                            ║
║ ⓘ  Browser should open on its own.                                                                         ║
║                                                                                                            ║
║ Press Ctrl+C here to stop the app.                                                                         ║
╚════════════════════════════════════════════════════════════════════════════════════════════════════════════╝



























[H[2J[3J╔════════════════════════════════════════════════════════════════════════════════════════════════════════════╗
║ ◆ ShtetlFrames  ●  live                                                                                    ║
║ Find old film that looks traditionally Orthodox                                                            ║
╟────────────────────────────────────────────────────────────────────────────────────────────────────────────╢
║ Browser  http://127.0.0.1:8787    Review  http://127.0.0.1:8787/review                                     ║
╟────────────────────────────────────────────────────────────────────────────────────────────────────────────╢
║ ⠼  Looking through British Pathé…                                                                          ║
║                                                                                                            ║
║ ▏░░░░░░░░░░░░░░░░░░░░░░░░░░░░░░░░░░░    0.0%  1/85,452                                                     ║
║                                                                                                            ║
║ checked 1   clips 0   failed 0   active 1                                                                  ║
║ session  2m 20s                                                                                            ║
║                                                                                                            ║
║ Right now — cloud workers                                                                                  ║
║   ▸ BUILDING ISRAELI SETTLEMENT aka BIRTH OF A KIBBUTZ                                                     ║
║     ● Looking carefully  pod done · 99s · 1 hits                                                           ║
║                                                                                                            ║
║ ⓘ  Browser should open on its own.                                                                         ║
║                                                                                                            ║
║ Press Ctrl+C here to stop the app.                                                                         ║
╚════════════════════════════════════════════════════════════════════════════════════════════════════════════╝



























[H[2J[3J╔════════════════════════════════════════════════════════════════════════════════════════════════════════════╗
║ ◆ ShtetlFrames  •  live                                                                                    ║
║ Find old film that looks traditionally Orthodox                                                            ║
╟────────────────────────────────────────────────────────────────────────────────────────────────────────────╢
║ Browser  http://127.0.0.1:8787    Review  http://127.0.0.1:8787/review                                     ║
╟────────────────────────────────────────────────────────────────────────────────────────────────────────────╢
║ ⠼  Looking through British Pathé…                                                                          ║
║                                                                                                            ║
║ ▏░░░░░░░░░░░░░░░░░░░░░░░░░░░░░░░░░░░    0.0%  1/85,452                                                     ║
║                                                                                                            ║
║ checked 1   clips 0   failed 0   active 1                                                                  ║
║ session  2m 21s                                                                                            ║
║                                                                                                            ║
║ Right now — cloud workers                                                                                  ║
║   ▸ BUILDING ISRAELI SETTLEMENT aka BIRTH OF A KIBBUTZ                                                     ║
║     ● Looking carefully  pod done · 99s · 1 hits                                                           ║
║                                                                                                            ║
║ ⓘ  Browser should open on its own.                                                                         ║
║                                                                                                            ║
║ Press Ctrl+C here to stop the app.                                                                         ║
╚════════════════════════════════════════════════════════════════════════════════════════════════════════════╝



























[H[2J[3J╔════════════════════════════════════════════════════════════════════════════════════════════════════════════╗
║ ◆ ShtetlFrames  ·  live                                                                                    ║
║ Find old film that looks traditionally Orthodox                                                            ║
╟────────────────────────────────────────────────────────────────────────────────────────────────────────────╢
║ Browser  http://127.0.0.1:8787    Review  http://127.0.0.1:8787/review                                     ║
╟────────────────────────────────────────────────────────────────────────────────────────────────────────────╢
║ ⠼  Looking through British Pathé…                                                                          ║
║                                                                                                            ║
║ ▏░░░░░░░░░░░░░░░░░░░░░░░░░░░░░░░░░░░    0.0%  1/85,452                                                     ║
║                                                                                                            ║
║ checked 1   clips 0   failed 0   active 1                                                                  ║
║ session  2m 22s                                                                                            ║
║                                                                                                            ║
║ Right now — cloud workers                                                                                  ║
║   ▸ BUILDING ISRAELI SETTLEMENT aka BIRTH OF A KIBBUTZ                                                     ║
║     ● Looking carefully  pod done · 99s · 1 hits                                                           ║
║                                                                                                            ║
║ ⓘ  Browser should open on its own.                                                                         ║
║                                                                                                            ║
║ Press Ctrl+C here to stop the app.                                                                         ║
╚════════════════════════════════════════════════════════════════════════════════════════════════════════════╝



























[H[2J[3J╔════════════════════════════════════════════════════════════════════════════════════════════════════════════╗
║ ◆ ShtetlFrames  •  live                                                                                    ║
║ Find old film that looks traditionally Orthodox                                                            ║
╟────────────────────────────────────────────────────────────────────────────────────────────────────────────╢
║ Browser  http://127.0.0.1:8787    Review  http://127.0.0.1:8787/review                                     ║
╟────────────────────────────────────────────────────────────────────────────────────────────────────────────╢
║ ⠴  Looking through British Pathé…                                                                          ║
║                                                                                                            ║
║ ▏░░░░░░░░░░░░░░░░░░░░░░░░░░░░░░░░░░░    0.0%  1/85,452                                                     ║
║                                                                                                            ║
║ checked 1   clips 0   failed 0   active 1                                                                  ║
║ session  2m 23s                                                                                            ║
║                                                                                                            ║
║ Right now — cloud workers                                                                                  ║
║   ▸ BUILDING ISRAELI SETTLEMENT aka BIRTH OF A KIBBUTZ                                                     ║
║     ● Looking carefully  pod done · 99s · 1 hits                                                           ║
║                                                                                                            ║
║ ⓘ  Browser should open on its own.                                                                         ║
║                                                                                                            ║
║ Press Ctrl+C here to stop the app.                                                                         ║
╚════════════════════════════════════════════════════════════════════════════════════════════════════════════╝



























[shtetl] bg-fill: waiting for GPU pod · 126s · first boot installs deps (~5–15 min) · https://pyu2q2g6tc1e4r-8000.proxy.runpod.net
[shtetl] bg-fill: waiting for GPU pod · 126s · first boot installs deps (~5–15 min) · https://j2hil154bd9g0f-8000.proxy.runpod.net
[shtetl] bg-fill: waiting for GPU pod · 126s · first boot installs deps (~5–15 min) · https://qxlmd1bndi3vbf-8000.proxy.runpod.net
[shtetl] bg-fill: waiting for GPU pod · 126s · first boot installs deps (~5–15 min) · https://lc2g7ed3dw25ni-8000.proxy.runpod.net
[H[2J[3J╔════════════════════════════════════════════════════════════════════════════════════════════════════════════╗
║ ◆ ShtetlFrames  ●  live                                                                                    ║
║ Find old film that looks traditionally Orthodox                                                            ║
╟────────────────────────────────────────────────────────────────────────────────────────────────────────────╢
║ Browser  http://127.0.0.1:8787    Review  http://127.0.0.1:8787/review                                     ║
╟────────────────────────────────────────────────────────────────────────────────────────────────────────────╢
║ ⠴  Looking through British Pathé…                                                                          ║
║                                                                                                            ║
║ ▏░░░░░░░░░░░░░░░░░░░░░░░░░░░░░░░░░░░    0.0%  1/85,452                                                     ║
║                                                                                                            ║
║ checked 1   clips 0   failed 0   active 1                                                                  ║
║ session  2m 24s                                                                                            ║
║                                                                                                            ║
║ Right now — cloud workers                                                                                  ║
║   ▸ BUILDING ISRAELI SETTLEMENT aka BIRTH OF A KIBBUTZ                                                     ║
║     ● Looking carefully  pod done · 99s · 1 hits                                                           ║
║                                                                                                            ║
║ ⓘ  Browser should open on its own.                                                                         ║
║                                                                                                            ║
║ Press Ctrl+C here to stop the app.                                                                         ║
╚════════════════════════════════════════════════════════════════════════════════════════════════════════════╝



























[H[2J[3J╔════════════════════════════════════════════════════════════════════════════════════════════════════════════╗
║ ◆ ShtetlFrames  •  live                                                                                    ║
║ Find old film that looks traditionally Orthodox                                                            ║
╟────────────────────────────────────────────────────────────────────────────────────────────────────────────╢
║ Browser  http://127.0.0.1:8787    Review  http://127.0.0.1:8787/review                                     ║
╟────────────────────────────────────────────────────────────────────────────────────────────────────────────╢
║ ⠴  Looking through British Pathé…                                                                          ║
║                                                                                                            ║
║ ▏░░░░░░░░░░░░░░░░░░░░░░░░░░░░░░░░░░░    0.0%  1/85,452                                                     ║
║                                                                                                            ║
║ checked 1   clips 0   failed 0   active 1                                                                  ║
║ session  2m 25s                                                                                            ║
║                                                                                                            ║
║ Right now — cloud workers                                                                                  ║
║   ▸ BUILDING ISRAELI SETTLEMENT aka BIRTH OF A KIBBUTZ                                                     ║
║     ● Looking carefully  pod done · 99s · 1 hits                                                           ║
║                                                                                                            ║
║ ⓘ  Browser should open on its own.                                                                         ║
║                                                                                                            ║
║ Press Ctrl+C here to stop the app.                                                                         ║
╚════════════════════════════════════════════════════════════════════════════════════════════════════════════╝



























[H[2J[3J╔════════════════════════════════════════════════════════════════════════════════════════════════════════════╗
║ ◆ ShtetlFrames  ·  live                                                                                    ║
║ Find old film that looks traditionally Orthodox                                                            ║
╟────────────────────────────────────────────────────────────────────────────────────────────────────────────╢
║ Browser  http://127.0.0.1:8787    Review  http://127.0.0.1:8787/review                                     ║
╟────────────────────────────────────────────────────────────────────────────────────────────────────────────╢
║ ⠴  Looking through British Pathé…                                                                          ║
║                                                                                                            ║
║ ▏░░░░░░░░░░░░░░░░░░░░░░░░░░░░░░░░░░░    0.0%  1/85,452                                                     ║
║                                                                                                            ║
║ checked 1   clips 0   failed 0   active 1                                                                  ║
║ session  2m 26s                                                                                            ║
║                                                                                                            ║
║ Right now — cloud workers                                                                                  ║
║   ▸ BUILDING ISRAELI SETTLEMENT aka BIRTH OF A KIBBUTZ                                                     ║
║     ● Looking carefully  pod done · 99s · 1 hits                                                           ║
║                                                                                                            ║
║ ⓘ  Browser should open on its own.                                                                         ║
║                                                                                                            ║
║ Press Ctrl+C here to stop the app.                                                                         ║
╚════════════════════════════════════════════════════════════════════════════════════════════════════════════╝



























[H[2J[3J╔════════════════════════════════════════════════════════════════════════════════════════════════════════════╗
║ ◆ ShtetlFrames  •  live                                                                                    ║
║ Find old film that looks traditionally Orthodox                                                            ║
╟────────────────────────────────────────────────────────────────────────────────────────────────────────────╢
║ Browser  http://127.0.0.1:8787    Review  http://127.0.0.1:8787/review                                     ║
╟────────────────────────────────────────────────────────────────────────────────────────────────────────────╢
║ ⠴  Looking through British Pathé…                                                                          ║
║                                                                                                            ║
║ ▏░░░░░░░░░░░░░░░░░░░░░░░░░░░░░░░░░░░    0.0%  1/85,452                                                     ║
║                                                                                                            ║
║ checked 1   clips 0   failed 0   active 1                                                                  ║
║ session  2m 27s                                                                                            ║
║                                                                                                            ║
║ Right now — cloud workers                                                                                  ║
║   ▸ BUILDING ISRAELI SETTLEMENT aka BIRTH OF A KIBBUTZ                                                     ║
║     ● Looking carefully  pod done · 99s · 1 hits                                                           ║
║                                                                                                            ║
║ ⓘ  Browser should open on its own.                                                                         ║
║                                                                                                            ║
║ Press Ctrl+C here to stop the app.                                                                         ║
╚════════════════════════════════════════════════════════════════════════════════════════════════════════════╝



























[H[2J[3J╔════════════════════════════════════════════════════════════════════════════════════════════════════════════╗
║ ◆ ShtetlFrames  ●  live                                                                                    ║
║ Find old film that looks traditionally Orthodox                                                            ║
╟────────────────────────────────────────────────────────────────────────────────────────────────────────────╢
║ Browser  http://127.0.0.1:8787    Review  http://127.0.0.1:8787/review                                     ║
╟────────────────────────────────────────────────────────────────────────────────────────────────────────────╢
║ ⠴  Looking through British Pathé…                                                                          ║
║                                                                                                            ║
║ ▏░░░░░░░░░░░░░░░░░░░░░░░░░░░░░░░░░░░    0.0%  1/85,452                                                     ║
║                                                                                                            ║
║ checked 1   clips 0   failed 0   active 1                                                                  ║
║ session  2m 28s                                                                                            ║
║                                                                                                            ║
║ Right now — cloud workers                                                                                  ║
║   ▸ BUILDING ISRAELI SETTLEMENT aka BIRTH OF A KIBBUTZ                                                     ║
║     ● Looking carefully  pod done · 99s · 1 hits                                                           ║
║                                                                                                            ║
║ ⓘ  Browser should open on its own.                                                                         ║
║                                                                                                            ║
║ Press Ctrl+C here to stop the app.                                                                         ║
╚════════════════════════════════════════════════════════════════════════════════════════════════════════════╝



























[H[2J[3J╔════════════════════════════════════════════════════════════════════════════════════════════════════════════╗
║ ◆ ShtetlFrames  •  live                                                                                    ║
║ Find old film that looks traditionally Orthodox                                                            ║
╟────────────────────────────────────────────────────────────────────────────────────────────────────────────╢
║ Browser  http://127.0.0.1:8787    Review  http://127.0.0.1:8787/review                                     ║
╟────────────────────────────────────────────────────────────────────────────────────────────────────────────╢
║ ⠴  Looking through British Pathé…                                                                          ║
║                                                                                                            ║
║ ▏░░░░░░░░░░░░░░░░░░░░░░░░░░░░░░░░░░░    0.0%  1/85,452                                                     ║
║                                                                                                            ║
║ checked 1   clips 0   failed 0   active 1                                                                  ║
║ session  2m 29s                                                                                            ║
║                                                                                                            ║
║ Right now — cloud workers                                                                                  ║
║   ▸ BUILDING ISRAELI SETTLEMENT aka BIRTH OF A KIBBUTZ                                                     ║
║     ● Looking carefully  pod done · 99s · 1 hits                                                           ║
║                                                                                                            ║
║ ⓘ  Browser should open on its own.                                                                         ║
║                                                                                                            ║
║ Press Ctrl+C here to stop the app.                                                                         ║
╚════════════════════════════════════════════════════════════════════════════════════════════════════════════╝



























[H[2J[3J╔════════════════════════════════════════════════════════════════════════════════════════════════════════════╗
║ ◆ ShtetlFrames  ·  live                                                                                    ║
║ Find old film that looks traditionally Orthodox                                                            ║
╟────────────────────────────────────────────────────────────────────────────────────────────────────────────╢
║ Browser  http://127.0.0.1:8787    Review  http://127.0.0.1:8787/review                                     ║
╟────────────────────────────────────────────────────────────────────────────────────────────────────────────╢
║ ⠴  Looking through British Pathé…                                                                          ║
║                                                                                                            ║
║ ▏░░░░░░░░░░░░░░░░░░░░░░░░░░░░░░░░░░░    0.0%  1/85,452                                                     ║
║                                                                                                            ║
║ checked 1   clips 0   failed 0   active 1                                                                  ║
║ session  2m 30s                                                                                            ║
║                                                                                                            ║
║ Right now — cloud workers                                                                                  ║
║   ▸ BUILDING ISRAELI SETTLEMENT aka BIRTH OF A KIBBUTZ                                                     ║
║     ● Looking carefully  pod done · 99s · 1 hits                                                           ║
║                                                                                                            ║
║ ⓘ  Browser should open on its own.                                                                         ║
║                                                                                                            ║
║ Press Ctrl+C here to stop the app.                                                                         ║
╚════════════════════════════════════════════════════════════════════════════════════════════════════════════╝



























[H[2J[3J╔════════════════════════════════════════════════════════════════════════════════════════════════════════════╗
║ ◆ ShtetlFrames  •  live                                                                                    ║
║ Find old film that looks traditionally Orthodox                                                            ║
╟────────────────────────────────────────────────────────────────────────────────────────────────────────────╢
║ Browser  http://127.0.0.1:8787    Review  http://127.0.0.1:8787/review                                     ║
╟────────────────────────────────────────────────────────────────────────────────────────────────────────────╢
║ ⠴  Looking through British Pathé…                                                                          ║
║                                                                                                            ║
║ ▏░░░░░░░░░░░░░░░░░░░░░░░░░░░░░░░░░░░    0.0%  1/85,452                                                     ║
║                                                                                                            ║
║ checked 1   clips 0   failed 0   active 1                                                                  ║
║ session  2m 31s                                                                                            ║
║                                                                                                            ║
║ Right now — cloud workers                                                                                  ║
║   ▸ BUILDING ISRAELI SETTLEMENT aka BIRTH OF A KIBBUTZ                                                     ║
║     ● Looking carefully  pod done · 99s · 1 hits                                                           ║
║                                                                                                            ║
║ ⓘ  Browser should open on its own.                                                                         ║
║                                                                                                            ║
║ Press Ctrl+C here to stop the app.                                                                         ║
╚════════════════════════════════════════════════════════════════════════════════════════════════════════════╝



























[H[2J[3J╔════════════════════════════════════════════════════════════════════════════════════════════════════════════╗
║ ◆ ShtetlFrames  ●  live                                                                                    ║
║ Find old film that looks traditionally Orthodox                                                            ║
╟────────────────────────────────────────────────────────────────────────────────────────────────────────────╢
║ Browser  http://127.0.0.1:8787    Review  http://127.0.0.1:8787/review                                     ║
╟────────────────────────────────────────────────────────────────────────────────────────────────────────────╢
║ ⠦  Looking through British Pathé…                                                                          ║
║                                                                                                            ║
║ ▏░░░░░░░░░░░░░░░░░░░░░░░░░░░░░░░░░░░    0.0%  1/85,452                                                     ║
║                                                                                                            ║
║ checked 1   clips 0   failed 0   active 1                                                                  ║
║ session  2m 32s                                                                                            ║
║                                                                                                            ║
║ Right now — cloud workers                                                                                  ║
║   ▸ BUILDING ISRAELI SETTLEMENT aka BIRTH OF A KIBBUTZ                                                     ║
║     ● Looking carefully  pod done · 99s · 1 hits                                                           ║
║                                                                                                            ║
║ ⓘ  Browser should open on its own.                                                                         ║
║                                                                                                            ║
║ Press Ctrl+C here to stop the app.                                                                         ║
╚════════════════════════════════════════════════════════════════════════════════════════════════════════════╝



























[H[2J[3J╔════════════════════════════════════════════════════════════════════════════════════════════════════════════╗
║ ◆ ShtetlFrames  •  live                                                                                    ║
║ Find old film that looks traditionally Orthodox                                                            ║
╟────────────────────────────────────────────────────────────────────────────────────────────────────────────╢
║ Browser  http://127.0.0.1:8787    Review  http://127.0.0.1:8787/review                                     ║
╟────────────────────────────────────────────────────────────────────────────────────────────────────────────╢
║ ⠦  Looking through British Pathé…                                                                          ║
║                                                                                                            ║
║ ▏░░░░░░░░░░░░░░░░░░░░░░░░░░░░░░░░░░░    0.0%  1/85,452                                                     ║
║                                                                                                            ║
║ checked 1   clips 0   failed 0   active 1                                                                  ║
║ session  2m 33s                                                                                            ║
║                                                                                                            ║
║ Right now — cloud workers                                                                                  ║
║   ▸ BUILDING ISRAELI SETTLEMENT aka BIRTH OF A KIBBUTZ                                                     ║
║     ● Looking carefully  pod done · 99s · 1 hits                                                           ║
║                                                                                                            ║
║ ⓘ  Browser should open on its own.                                                                         ║
║                                                                                                            ║
║ Press Ctrl+C here to stop the app.                                                                         ║
╚════════════════════════════════════════════════════════════════════════════════════════════════════════════╝



























[H[2J[3J╔════════════════════════════════════════════════════════════════════════════════════════════════════════════╗
║ ◆ ShtetlFrames  ·  live                                                                                    ║
║ Find old film that looks traditionally Orthodox                                                            ║
╟────────────────────────────────────────────────────────────────────────────────────────────────────────────╢
║ Browser  http://127.0.0.1:8787    Review  http://127.0.0.1:8787/review                                     ║
╟────────────────────────────────────────────────────────────────────────────────────────────────────────────╢
║ ⠦  Looking through British Pathé…                                                                          ║
║                                                                                                            ║
║ ▏░░░░░░░░░░░░░░░░░░░░░░░░░░░░░░░░░░░    0.0%  1/85,452                                                     ║
║                                                                                                            ║
║ checked 1   clips 0   failed 0   active 1                                                                  ║
║ session  2m 34s                                                                                            ║
║                                                                                                            ║
║ Right now — cloud workers                                                                                  ║
║   ▸ BUILDING ISRAELI SETTLEMENT aka BIRTH OF A KIBBUTZ                                                     ║
║     ● Looking carefully  pod done · 99s · 1 hits                                                           ║
║                                                                                                            ║
║ ⓘ  Browser should open on its own.                                                                         ║
║                                                                                                            ║
║ Press Ctrl+C here to stop the app.                                                                         ║
╚════════════════════════════════════════════════════════════════════════════════════════════════════════════╝



























[H[2J[3J╔════════════════════════════════════════════════════════════════════════════════════════════════════════════╗
║ ◆ ShtetlFrames  •  live                                                                                    ║
║ Find old film that looks traditionally Orthodox                                                            ║
╟────────────────────────────────────────────────────────────────────────────────────────────────────────────╢
║ Browser  http://127.0.0.1:8787    Review  http://127.0.0.1:8787/review                                     ║
╟────────────────────────────────────────────────────────────────────────────────────────────────────────────╢
║ ⠦  Looking through British Pathé…                                                                          ║
║                                                                                                            ║
║ ▏░░░░░░░░░░░░░░░░░░░░░░░░░░░░░░░░░░░    0.0%  1/85,452                                                     ║
║                                                                                                            ║
║ checked 1   clips 0   failed 0   active 1                                                                  ║
║ session  2m 35s                                                                                            ║
║                                                                                                            ║
║ Right now — cloud workers                                                                                  ║
║   ▸ BUILDING ISRAELI SETTLEMENT aka BIRTH OF A KIBBUTZ                                                     ║
║     ● Looking carefully  pod done · 99s · 1 hits                                                           ║
║                                                                                                            ║
║ ⓘ  Browser should open on its own.                                                                         ║
║                                                                                                            ║
║ Press Ctrl+C here to stop the app.                                                                         ║
╚════════════════════════════════════════════════════════════════════════════════════════════════════════════╝



























[H[2J[3J╔════════════════════════════════════════════════════════════════════════════════════════════════════════════╗
║ ◆ ShtetlFrames  •  live                                                                                    ║
║ Find old film that looks traditionally Orthodox                                                            ║
╟────────────────────────────────────────────────────────────────────────────────────────────────────────────╢
║ Browser  http://127.0.0.1:8787    Review  http://127.0.0.1:8787/review                                     ║
╟────────────────────────────────────────────────────────────────────────────────────────────────────────────╢
║ ⠦  Looking through British Pathé…                                                                          ║
║                                                                                                            ║
║ ▏░░░░░░░░░░░░░░░░░░░░░░░░░░░░░░░░░░░    0.0%  1/85,452                                                     ║
║                                                                                                            ║
║ checked 1   clips 0   failed 0   active 1                                                                  ║
║ session  2m 36s                                                                                            ║
║                                                                                                            ║
║ Right now — cloud workers                                                                                  ║
║   ▸ BUILDING ISRAELI SETTLEMENT aka BIRTH OF A KIBBUTZ                                                     ║
║     ● Looking carefully  pod done · 99s · 1 hits                                                           ║
║                                                                                                            ║
║ ⓘ  Browser should open on its own.                                                                         ║
║                                                                                                            ║
║ Press Ctrl+C here to stop the app.                                                                         ║
╚════════════════════════════════════════════════════════════════════════════════════════════════════════════╝



























[H[2J[3J╔════════════════════════════════════════════════════════════════════════════════════════════════════════════╗
║ ◆ ShtetlFrames  ●  live                                                                                    ║
║ Find old film that looks traditionally Orthodox                                                            ║
╟────────────────────────────────────────────────────────────────────────────────────────────────────────────╢
║ Browser  http://127.0.0.1:8787    Review  http://127.0.0.1:8787/review                                     ║
╟────────────────────────────────────────────────────────────────────────────────────────────────────────────╢
║ ⠦  Looking through British Pathé…                                                                          ║
║                                                                                                            ║
║ ▏░░░░░░░░░░░░░░░░░░░░░░░░░░░░░░░░░░░    0.0%  1/85,452                                                     ║
║                                                                                                            ║
║ checked 1   clips 0   failed 0   active 1                                                                  ║
║ session  2m 37s                                                                                            ║
║                                                                                                            ║
║ Right now — cloud workers                                                                                  ║
║   ▸ BUILDING ISRAELI SETTLEMENT aka BIRTH OF A KIBBUTZ                                                     ║
║     ● Looking carefully  pod done · 99s · 1 hits                                                           ║
║                                                                                                            ║
║ ⓘ  Browser should open on its own.                                                                         ║
║                                                                                                            ║
║ Press Ctrl+C here to stop the app.                                                                         ║
╚════════════════════════════════════════════════════════════════════════════════════════════════════════════╝



























[H[2J[3J╔════════════════════════════════════════════════════════════════════════════════════════════════════════════╗
║ ◆ ShtetlFrames  •  live                                                                                    ║
║ Find old film that looks traditionally Orthodox                                                            ║
╟────────────────────────────────────────────────────────────────────────────────────────────────────────────╢
║ Browser  http://127.0.0.1:8787    Review  http://127.0.0.1:8787/review                                     ║
╟────────────────────────────────────────────────────────────────────────────────────────────────────────────╢
║ ⠦  Looking through British Pathé…                                                                          ║
║                                                                                                            ║
║ ▏░░░░░░░░░░░░░░░░░░░░░░░░░░░░░░░░░░░    0.0%  1/85,452                                                     ║
║                                                                                                            ║
║ checked 1   clips 0   failed 0   active 1                                                                  ║
║ session  2m 38s                                                                                            ║
║                                                                                                            ║
║ Right now — cloud workers                                                                                  ║
║   ▸ BUILDING ISRAELI SETTLEMENT aka BIRTH OF A KIBBUTZ                                                     ║
║     ● Looking carefully  pod done · 99s · 1 hits                                                           ║
║                                                                                                            ║
║ ⓘ  Browser should open on its own.                                                                         ║
║                                                                                                            ║
║ Press Ctrl+C here to stop the app.                                                                         ║
╚════════════════════════════════════════════════════════════════════════════════════════════════════════════╝



























[H[2J[3J╔════════════════════════════════════════════════════════════════════════════════════════════════════════════╗
║ ◆ ShtetlFrames  ·  live                                                                                    ║
║ Find old film that looks traditionally Orthodox                                                            ║
╟────────────────────────────────────────────────────────────────────────────────────────────────────────────╢
║ Browser  http://127.0.0.1:8787    Review  http://127.0.0.1:8787/review                                     ║
╟────────────────────────────────────────────────────────────────────────────────────────────────────────────╢
║ ⠧  Looking through British Pathé…                                                                          ║
║                                                                                                            ║
║ ▏░░░░░░░░░░░░░░░░░░░░░░░░░░░░░░░░░░░    0.0%  1/85,452                                                     ║
║                                                                                                            ║
║ checked 1   clips 0   failed 0   active 1                                                                  ║
║ session  2m 39s                                                                                            ║
║                                                                                                            ║
║ Right now — cloud workers                                                                                  ║
║   ▸ BUILDING ISRAELI SETTLEMENT aka BIRTH OF A KIBBUTZ                                                     ║
║     ● Looking carefully  pod done · 99s · 1 hits                                                           ║
║                                                                                                            ║
║ ⓘ  Browser should open on its own.                                                                         ║
║                                                                                                            ║
║ Press Ctrl+C here to stop the app.                                                                         ║
╚════════════════════════════════════════════════════════════════════════════════════════════════════════════╝



























[H[2J[3J╔════════════════════════════════════════════════════════════════════════════════════════════════════════════╗
║ ◆ ShtetlFrames  •  live                                                                                    ║
║ Find old film that looks traditionally Orthodox                                                            ║
╟────────────────────────────────────────────────────────────────────────────────────────────────────────────╢
║ Browser  http://127.0.0.1:8787    Review  http://127.0.0.1:8787/review                                     ║
╟────────────────────────────────────────────────────────────────────────────────────────────────────────────╢
║ ⠧  Looking through British Pathé…                                                                          ║
║                                                                                                            ║
║ ▏░░░░░░░░░░░░░░░░░░░░░░░░░░░░░░░░░░░    0.0%  1/85,452                                                     ║
║                                                                                                            ║
║ checked 1   clips 0   failed 0   active 1                                                                  ║
║ session  2m 40s                                                                                            ║
║                                                                                                            ║
║ Right now — cloud workers                                                                                  ║
║   ▸ BUILDING ISRAELI SETTLEMENT aka BIRTH OF A KIBBUTZ                                                     ║
║     ● Looking carefully  pod done · 99s · 1 hits                                                           ║
║                                                                                                            ║
║ ⓘ  Browser should open on its own.                                                                         ║
║                                                                                                            ║
║ Press Ctrl+C here to stop the app.                                                                         ║
╚════════════════════════════════════════════════════════════════════════════════════════════════════════════╝



























[H[2J[3J╔════════════════════════════════════════════════════════════════════════════════════════════════════════════╗
║ ◆ ShtetlFrames  ●  live                                                                                    ║
║ Find old film that looks traditionally Orthodox                                                            ║
╟────────────────────────────────────────────────────────────────────────────────────────────────────────────╢
║ Browser  http://127.0.0.1:8787    Review  http://127.0.0.1:8787/review                                     ║
╟────────────────────────────────────────────────────────────────────────────────────────────────────────────╢
║ ⠧  Looking through British Pathé…                                                                          ║
║                                                                                                            ║
║ ▏░░░░░░░░░░░░░░░░░░░░░░░░░░░░░░░░░░░    0.0%  1/85,452                                                     ║
║                                                                                                            ║
║ checked 1   clips 0   failed 0   active 1                                                                  ║
║ session  2m 41s                                                                                            ║
║                                                                                                            ║
║ Right now — cloud workers                                                                                  ║
║   ▸ BUILDING ISRAELI SETTLEMENT aka BIRTH OF A KIBBUTZ                                                     ║
║     ● Looking carefully  pod done · 99s · 1 hits                                                           ║
║                                                                                                            ║
║ ⓘ  Browser should open on its own.                                                                         ║
║                                                                                                            ║
║ Press Ctrl+C here to stop the app.                                                                         ║
╚════════════════════════════════════════════════════════════════════════════════════════════════════════════╝



























[H[2J[3J╔════════════════════════════════════════════════════════════════════════════════════════════════════════════╗
║ ◆ ShtetlFrames  •  live                                                                                    ║
║ Find old film that looks traditionally Orthodox                                                            ║
╟────────────────────────────────────────────────────────────────────────────────────────────────────────────╢
║ Browser  http://127.0.0.1:8787    Review  http://127.0.0.1:8787/review                                     ║
╟────────────────────────────────────────────────────────────────────────────────────────────────────────────╢
║ ⠧  Looking through British Pathé…                                                                          ║
║                                                                                                            ║
║ ▏░░░░░░░░░░░░░░░░░░░░░░░░░░░░░░░░░░░    0.0%  1/85,452                                                     ║
║                                                                                                            ║
║ checked 1   clips 0   failed 0   active 1                                                                  ║
║ session  2m 42s                                                                                            ║
║                                                                                                            ║
║ Right now — cloud workers                                                                                  ║
║   ▸ BUILDING ISRAELI SETTLEMENT aka BIRTH OF A KIBBUTZ                                                     ║
║     ● Looking carefully  pod done · 99s · 1 hits                                                           ║
║                                                                                                            ║
║ ⓘ  Browser should open on its own.                                                                         ║
║                                                                                                            ║
║ Press Ctrl+C here to stop the app.                                                                         ║
╚════════════════════════════════════════════════════════════════════════════════════════════════════════════╝



























[H[2J[3J╔════════════════════════════════════════════════════════════════════════════════════════════════════════════╗
║ ◆ ShtetlFrames  ·  live                                                                                    ║
║ Find old film that looks traditionally Orthodox                                                            ║
╟────────────────────────────────────────────────────────────────────────────────────────────────────────────╢
║ Browser  http://127.0.0.1:8787    Review  http://127.0.0.1:8787/review                                     ║
╟────────────────────────────────────────────────────────────────────────────────────────────────────────────╢
║ ⠧  Looking through British Pathé…                                                                          ║
║                                                                                                            ║
║ ▏░░░░░░░░░░░░░░░░░░░░░░░░░░░░░░░░░░░    0.0%  1/85,452                                                     ║
║                                                                                                            ║
║ checked 1   clips 0   failed 0   active 1                                                                  ║
║ session  2m 43s                                                                                            ║
║                                                                                                            ║
║ Right now — cloud workers                                                                                  ║
║   ▸ BUILDING ISRAELI SETTLEMENT aka BIRTH OF A KIBBUTZ                                                     ║
║     ● Looking carefully  pod done · 99s · 1 hits                                                           ║
║                                                                                                            ║
║ ⓘ  Browser should open on its own.                                                                         ║
║                                                                                                            ║
║ Press Ctrl+C here to stop the app.                                                                         ║
╚════════════════════════════════════════════════════════════════════════════════════════════════════════════╝



























[H[2J[3J╔════════════════════════════════════════════════════════════════════════════════════════════════════════════╗
║ ◆ ShtetlFrames  •  live                                                                                    ║
║ Find old film that looks traditionally Orthodox                                                            ║
╟────────────────────────────────────────────────────────────────────────────────────────────────────────────╢
║ Browser  http://127.0.0.1:8787    Review  http://127.0.0.1:8787/review                                     ║
╟────────────────────────────────────────────────────────────────────────────────────────────────────────────╢
║ ⠧  Looking through British Pathé…                                                                          ║
║                                                                                                            ║
║ ▏░░░░░░░░░░░░░░░░░░░░░░░░░░░░░░░░░░░    0.0%  1/85,452                                                     ║
║                                                                                                            ║
║ checked 1   clips 0   failed 0   active 1                                                                  ║
║ session  2m 44s                                                                                            ║
║                                                                                                            ║
║ Right now — cloud workers                                                                                  ║
║   ▸ BUILDING ISRAELI SETTLEMENT aka BIRTH OF A KIBBUTZ                                                     ║
║     ● Looking carefully  pod done · 99s · 1 hits                                                           ║
║                                                                                                            ║
║ ⓘ  Browser should open on its own.                                                                         ║
║                                                                                                            ║
║ Press Ctrl+C here to stop the app.                                                                         ║
╚════════════════════════════════════════════════════════════════════════════════════════════════════════════╝



























[H[2J[3J╔════════════════════════════════════════════════════════════════════════════════════════════════════════════╗
║ ◆ ShtetlFrames  ●  live                                                                                    ║
║ Find old film that looks traditionally Orthodox                                                            ║
╟────────────────────────────────────────────────────────────────────────────────────────────────────────────╢
║ Browser  http://127.0.0.1:8787    Review  http://127.0.0.1:8787/review                                     ║
╟────────────────────────────────────────────────────────────────────────────────────────────────────────────╢
║ ⠧  Looking through British Pathé…                                                                          ║
║                                                                                                            ║
║ ▏░░░░░░░░░░░░░░░░░░░░░░░░░░░░░░░░░░░    0.0%  1/85,452                                                     ║
║                                                                                                            ║
║ checked 1   clips 0   failed 0   active 1                                                                  ║
║ session  2m 45s                                                                                            ║
║                                                                                                            ║
║ Right now — cloud workers                                                                                  ║
║   ▸ BUILDING ISRAELI SETTLEMENT aka BIRTH OF A KIBBUTZ                                                     ║
║     ● Looking carefully  pod done · 99s · 1 hits                                                           ║
║                                                                                                            ║
║ ⓘ  Browser should open on its own.                                                                         ║
║                                                                                                            ║
║ Press Ctrl+C here to stop the app.                                                                         ║
╚════════════════════════════════════════════════════════════════════════════════════════════════════════════╝



























[H[2J[3J╔════════════════════════════════════════════════════════════════════════════════════════════════════════════╗
║ ◆ ShtetlFrames  •  live                                                                                    ║
║ Find old film that looks traditionally Orthodox                                                            ║
╟────────────────────────────────────────────────────────────────────────────────────────────────────────────╢
║ Browser  http://127.0.0.1:8787    Review  http://127.0.0.1:8787/review                                     ║
╟────────────────────────────────────────────────────────────────────────────────────────────────────────────╢
║ ⠧  Looking through British Pathé…                                                                          ║
║                                                                                                            ║
║ ▏░░░░░░░░░░░░░░░░░░░░░░░░░░░░░░░░░░░    0.0%  1/85,452                                                     ║
║                                                                                                            ║
║ checked 1   clips 0   failed 0   active 1                                                                  ║
║ session  2m 46s                                                                                            ║
║                                                                                                            ║
║ Right now — cloud workers                                                                                  ║
║   ▸ BUILDING ISRAELI SETTLEMENT aka BIRTH OF A KIBBUTZ                                                     ║
║     ● Looking carefully  pod done · 99s · 1 hits                                                           ║
║                                                                                                            ║
║ ⓘ  Browser should open on its own.                                                                         ║
║                                                                                                            ║
║ Press Ctrl+C here to stop the app.                                                                         ║
╚════════════════════════════════════════════════════════════════════════════════════════════════════════════╝



























[H[2J[3J╔════════════════════════════════════════════════════════════════════════════════════════════════════════════╗
║ ◆ ShtetlFrames  ·  live                                                                                    ║
║ Find old film that looks traditionally Orthodox                                                            ║
╟────────────────────────────────────────────────────────────────────────────────────────────────────────────╢
║ Browser  http://127.0.0.1:8787    Review  http://127.0.0.1:8787/review                                     ║
╟────────────────────────────────────────────────────────────────────────────────────────────────────────────╢
║ ⠇  Looking through British Pathé…                                                                          ║
║                                                                                                            ║
║ ▏░░░░░░░░░░░░░░░░░░░░░░░░░░░░░░░░░░░    0.0%  1/85,452                                                     ║
║                                                                                                            ║
║ checked 1   clips 0   failed 0   active 1                                                                  ║
║ session  2m 47s                                                                                            ║
║                                                                                                            ║
║ Right now — cloud workers                                                                                  ║
║   ▸ BUILDING ISRAELI SETTLEMENT aka BIRTH OF A KIBBUTZ                                                     ║
║     ● Looking carefully  pod done · 99s · 1 hits                                                           ║
║                                                                                                            ║
║ ⓘ  Browser should open on its own.                                                                         ║
║                                                                                                            ║
║ Press Ctrl+C here to stop the app.                                                                         ║
╚════════════════════════════════════════════════════════════════════════════════════════════════════════════╝



























[H[2J[3J╔════════════════════════════════════════════════════════════════════════════════════════════════════════════╗
║ ◆ ShtetlFrames  •  live                                                                                    ║
║ Find old film that looks traditionally Orthodox                                                            ║
╟────────────────────────────────────────────────────────────────────────────────────────────────────────────╢
║ Browser  http://127.0.0.1:8787    Review  http://127.0.0.1:8787/review                                     ║
╟────────────────────────────────────────────────────────────────────────────────────────────────────────────╢
║ ⠇  Looking through British Pathé…                                                                          ║
║                                                                                                            ║
║ ▏░░░░░░░░░░░░░░░░░░░░░░░░░░░░░░░░░░░    0.0%  1/85,452                                                     ║
║                                                                                                            ║
║ checked 1   clips 0   failed 0   active 1                                                                  ║
║ session  2m 48s                                                                                            ║
║                                                                                                            ║
║ Right now — cloud workers                                                                                  ║
║   ▸ BUILDING ISRAELI SETTLEMENT aka BIRTH OF A KIBBUTZ                                                     ║
║     ● Looking carefully  pod done · 99s · 1 hits                                                           ║
║                                                                                                            ║
║ ⓘ  Browser should open on its own.                                                                         ║
║                                                                                                            ║
║ Press Ctrl+C here to stop the app.                                                                         ║
╚════════════════════════════════════════════════════════════════════════════════════════════════════════════╝



























[H[2J[3J╔════════════════════════════════════════════════════════════════════════════════════════════════════════════╗
║ ◆ ShtetlFrames  ●  live                                                                                    ║
║ Find old film that looks traditionally Orthodox                                                            ║
╟────────────────────────────────────────────────────────────────────────────────────────────────────────────╢
║ Browser  http://127.0.0.1:8787    Review  http://127.0.0.1:8787/review                                     ║
╟────────────────────────────────────────────────────────────────────────────────────────────────────────────╢
║ ⠇  Looking through British Pathé…                                                                          ║
║                                                                                                            ║
║ ▏░░░░░░░░░░░░░░░░░░░░░░░░░░░░░░░░░░░    0.0%  1/85,452                                                     ║
║                                                                                                            ║
║ checked 1   clips 0   failed 0   active 1                                                                  ║
║ session  2m 49s                                                                                            ║
║                                                                                                            ║
║ Right now — cloud workers                                                                                  ║
║   ▸ BUILDING ISRAELI SETTLEMENT aka BIRTH OF A KIBBUTZ                                                     ║
║     ● Looking carefully  pod done · 99s · 1 hits                                                           ║
║                                                                                                            ║
║ ⓘ  Browser should open on its own.                                                                         ║
║                                                                                                            ║
║ Press Ctrl+C here to stop the app.                                                                         ║
╚════════════════════════════════════════════════════════════════════════════════════════════════════════════╝



























[H[2J[3J╔════════════════════════════════════════════════════════════════════════════════════════════════════════════╗
║ ◆ ShtetlFrames  •  live                                                                                    ║
║ Find old film that looks traditionally Orthodox                                                            ║
╟────────────────────────────────────────────────────────────────────────────────────────────────────────────╢
║ Browser  http://127.0.0.1:8787    Review  http://127.0.0.1:8787/review                                     ║
╟────────────────────────────────────────────────────────────────────────────────────────────────────────────╢
║ ⠇  Looking through British Pathé…                                                                          ║
║                                                                                                            ║
║ ▏░░░░░░░░░░░░░░░░░░░░░░░░░░░░░░░░░░░    0.0%  1/85,452                                                     ║
║                                                                                                            ║
║ checked 1   clips 0   failed 0   active 1                                                                  ║
║ session  2m 50s                                                                                            ║
║                                                                                                            ║
║ Right now — cloud workers                                                                                  ║
║   ▸ BUILDING ISRAELI SETTLEMENT aka BIRTH OF A KIBBUTZ                                                     ║
║     ● Looking carefully  pod done · 99s · 1 hits                                                           ║
║                                                                                                            ║
║ ⓘ  Browser should open on its own.                                                                         ║
║                                                                                                            ║
║ Press Ctrl+C here to stop the app.                                                                         ║
╚════════════════════════════════════════════════════════════════════════════════════════════════════════════╝



























[H[2J[3J╔════════════════════════════════════════════════════════════════════════════════════════════════════════════╗
║ ◆ ShtetlFrames  ·  live                                                                                    ║
║ Find old film that looks traditionally Orthodox                                                            ║
╟────────────────────────────────────────────────────────────────────────────────────────────────────────────╢
║ Browser  http://127.0.0.1:8787    Review  http://127.0.0.1:8787/review                                     ║
╟────────────────────────────────────────────────────────────────────────────────────────────────────────────╢
║ ⠇  Looking through British Pathé…                                                                          ║
║                                                                                                            ║
║ ▏░░░░░░░░░░░░░░░░░░░░░░░░░░░░░░░░░░░    0.0%  1/85,452                                                     ║
║                                                                                                            ║
║ checked 1   clips 0   failed 0   active 1                                                                  ║
║ session  2m 51s                                                                                            ║
║                                                                                                            ║
║ Right now — cloud workers                                                                                  ║
║   ▸ BUILDING ISRAELI SETTLEMENT aka BIRTH OF A KIBBUTZ                                                     ║
║     ● Looking carefully  pod done · 99s · 1 hits                                                           ║
║                                                                                                            ║
║ ⓘ  Browser should open on its own.                                                                         ║
║                                                                                                            ║
║ Press Ctrl+C here to stop the app.                                                                         ║
╚════════════════════════════════════════════════════════════════════════════════════════════════════════════╝



























[H[2J[3J╔════════════════════════════════════════════════════════════════════════════════════════════════════════════╗
║ ◆ ShtetlFrames  •  live                                                                                    ║
║ Find old film that looks traditionally Orthodox                                                            ║
╟────────────────────────────────────────────────────────────────────────────────────────────────────────────╢
║ Browser  http://127.0.0.1:8787    Review  http://127.0.0.1:8787/review                                     ║
╟────────────────────────────────────────────────────────────────────────────────────────────────────────────╢
║ ⠇  Looking through British Pathé…                                                                          ║
║                                                                                                            ║
║ ▏░░░░░░░░░░░░░░░░░░░░░░░░░░░░░░░░░░░    0.0%  1/85,452                                                     ║
║                                                                                                            ║
║ checked 1   clips 0   failed 0   active 1                                                                  ║
║ session  2m 52s                                                                                            ║
║                                                                                                            ║
║ Right now — cloud workers                                                                                  ║
║   ▸ BUILDING ISRAELI SETTLEMENT aka BIRTH OF A KIBBUTZ                                                     ║
║     ● Looking carefully  pod done · 99s · 1 hits                                                           ║
║                                                                                                            ║
║ ⓘ  Browser should open on its own.                                                                         ║
║                                                                                                            ║
║ Press Ctrl+C here to stop the app.                                                                         ║
╚════════════════════════════════════════════════════════════════════════════════════════════════════════════╝



























[H[2J[3J╔════════════════════════════════════════════════════════════════════════════════════════════════════════════╗
║ ◆ ShtetlFrames  ●  live                                                                                    ║
║ Find old film that looks traditionally Orthodox                                                            ║
╟────────────────────────────────────────────────────────────────────────────────────────────────────────────╢
║ Browser  http://127.0.0.1:8787    Review  http://127.0.0.1:8787/review                                     ║
╟────────────────────────────────────────────────────────────────────────────────────────────────────────────╢
║ ⠇  Looking through British Pathé…                                                                          ║
║                                                                                                            ║
║ ▏░░░░░░░░░░░░░░░░░░░░░░░░░░░░░░░░░░░    0.0%  1/85,452                                                     ║
║                                                                                                            ║
║ checked 1   clips 0   failed 0   active 1                                                                  ║
║ session  2m 53s                                                                                            ║
║                                                                                                            ║
║ Right now — cloud workers                                                                                  ║
║   ▸ BUILDING ISRAELI SETTLEMENT aka BIRTH OF A KIBBUTZ                                                     ║
║     ● Looking carefully  pod done · 99s · 1 hits                                                           ║
║                                                                                                            ║
║ ⓘ  Browser should open on its own.                                                                         ║
║                                                                                                            ║
║ Press Ctrl+C here to stop the app.                                                                         ║
╚════════════════════════════════════════════════════════════════════════════════════════════════════════════╝



























[H[2J[3J╔════════════════════════════════════════════════════════════════════════════════════════════════════════════╗
║ ◆ ShtetlFrames  •  live                                                                                    ║
║ Find old film that looks traditionally Orthodox                                                            ║
╟────────────────────────────────────────────────────────────────────────────────────────────────────────────╢
║ Browser  http://127.0.0.1:8787    Review  http://127.0.0.1:8787/review                                     ║
╟────────────────────────────────────────────────────────────────────────────────────────────────────────────╢
║ ⠇  Looking through British Pathé…                                                                          ║
║                                                                                                            ║
║ ▏░░░░░░░░░░░░░░░░░░░░░░░░░░░░░░░░░░░    0.0%  1/85,452                                                     ║
║                                                                                                            ║
║ checked 1   clips 0   failed 0   active 1                                                                  ║
║ session  2m 54s                                                                                            ║
║                                                                                                            ║
║ Right now — cloud workers                                                                                  ║
║   ▸ BUILDING ISRAELI SETTLEMENT aka BIRTH OF A KIBBUTZ                                                     ║
║     ● Looking carefully  pod done · 99s · 1 hits                                                           ║
║                                                                                                            ║
║ ⓘ  Browser should open on its own.                                                                         ║
║                                                                                                            ║
║ Press Ctrl+C here to stop the app.                                                                         ║
╚════════════════════════════════════════════════════════════════════════════════════════════════════════════╝



























[H[2J[3J╔════════════════════════════════════════════════════════════════════════════════════════════════════════════╗
║ ◆ ShtetlFrames  ·  live                                                                                    ║
║ Find old film that looks traditionally Orthodox                                                            ║
╟────────────────────────────────────────────────────────────────────────────────────────────────────────────╢
║ Browser  http://127.0.0.1:8787    Review  http://127.0.0.1:8787/review                                     ║
╟────────────────────────────────────────────────────────────────────────────────────────────────────────────╢
║ ⠇  Looking through British Pathé…                                                                          ║
║                                                                                                            ║
║ ▏░░░░░░░░░░░░░░░░░░░░░░░░░░░░░░░░░░░    0.0%  1/85,452                                                     ║
║                                                                                                            ║
║ checked 1   clips 0   failed 0   active 1                                                                  ║
║ session  2m 55s                                                                                            ║
║                                                                                                            ║
║ Right now — cloud workers                                                                                  ║
║   ▸ BUILDING ISRAELI SETTLEMENT aka BIRTH OF A KIBBUTZ                                                     ║
║     ● Looking carefully  pod done · 99s · 1 hits                                                           ║
║                                                                                                            ║
║ ⓘ  Browser should open on its own.                                                                         ║
║                                                                                                            ║
║ Press Ctrl+C here to stop the app.                                                                         ║
╚════════════════════════════════════════════════════════════════════════════════════════════════════════════╝



























[H[2J[3J╔════════════════════════════════════════════════════════════════════════════════════════════════════════════╗
║ ◆ ShtetlFrames  •  live                                                                                    ║
║ Find old film that looks traditionally Orthodox                                                            ║
╟────────────────────────────────────────────────────────────────────────────────────────────────────────────╢
║ Browser  http://127.0.0.1:8787    Review  http://127.0.0.1:8787/review                                     ║
╟────────────────────────────────────────────────────────────────────────────────────────────────────────────╢
║ ⠇  Looking through British Pathé…                                                                          ║
║                                                                                                            ║
║ ▏░░░░░░░░░░░░░░░░░░░░░░░░░░░░░░░░░░░    0.0%  1/85,452                                                     ║
║                                                                                                            ║
║ checked 1   clips 0   failed 0   active 1                                                                  ║
║ session  2m 56s                                                                                            ║
║                                                                                                            ║
║ Right now — cloud workers                                                                                  ║
║   ▸ BUILDING ISRAELI SETTLEMENT aka BIRTH OF A KIBBUTZ                                                     ║
║     ● Looking carefully  pod done · 99s · 1 hits                                                           ║
║                                                                                                            ║
║ ⓘ  Browser should open on its own.                                                                         ║
║                                                                                                            ║
║ Press Ctrl+C here to stop the app.                                                                         ║
╚════════════════════════════════════════════════════════════════════════════════════════════════════════════╝



























[H[2J[3J╔════════════════════════════════════════════════════════════════════════════════════════════════════════════╗
║ ◆ ShtetlFrames  ●  live                                                                                    ║
║ Find old film that looks traditionally Orthodox                                                            ║
╟────────────────────────────────────────────────────────────────────────────────────────────────────────────╢
║ Browser  http://127.0.0.1:8787    Review  http://127.0.0.1:8787/review                                     ║
╟────────────────────────────────────────────────────────────────────────────────────────────────────────────╢
║ ⠇  Looking through British Pathé…                                                                          ║
║                                                                                                            ║
║ ▏░░░░░░░░░░░░░░░░░░░░░░░░░░░░░░░░░░░    0.0%  1/85,452                                                     ║
║                                                                                                            ║
║ checked 1   clips 0   failed 0   active 1                                                                  ║
║ session  2m 57s                                                                                            ║
║                                                                                                            ║
║ Right now — cloud workers                                                                                  ║
║   ▸ BUILDING ISRAELI SETTLEMENT aka BIRTH OF A KIBBUTZ                                                     ║
║     ● Looking carefully  pod done · 99s · 1 hits                                                           ║
║                                                                                                            ║
║ ⓘ  Browser should open on its own.                                                                         ║
║                                                                                                            ║
║ Press Ctrl+C here to stop the app.                                                                         ║
╚════════════════════════════════════════════════════════════════════════════════════════════════════════════╝



























[H[2J[3J╔════════════════════════════════════════════════════════════════════════════════════════════════════════════╗
║ ◆ ShtetlFrames  •  live                                                                                    ║
║ Find old film that looks traditionally Orthodox                                                            ║
╟────────────────────────────────────────────────────────────────────────────────────────────────────────────╢
║ Browser  http://127.0.0.1:8787    Review  http://127.0.0.1:8787/review                                     ║
╟────────────────────────────────────────────────────────────────────────────────────────────────────────────╢
║ ⠏  Looking through British Pathé…                                                                          ║
║                                                                                                            ║
║ ▏░░░░░░░░░░░░░░░░░░░░░░░░░░░░░░░░░░░    0.0%  1/85,452                                                     ║
║                                                                                                            ║
║ checked 1   clips 0   failed 0   active 1                                                                  ║
║ session  2m 59s                                                                                            ║
║                                                                                                            ║
║ Right now — cloud workers                                                                                  ║
║   ▸ BUILDING ISRAELI SETTLEMENT aka BIRTH OF A KIBBUTZ                                                     ║
║     ● Looking carefully  pod done · 99s · 1 hits                                                           ║
║                                                                                                            ║
║ ⓘ  Browser should open on its own.                                                                         ║
║                                                                                                            ║
║ Press Ctrl+C here to stop the app.                                                                         ║
╚════════════════════════════════════════════════════════════════════════════════════════════════════════════╝



























[H[2J[3J╔════════════════════════════════════════════════════════════════════════════════════════════════════════════╗
║ ◆ ShtetlFrames  ·  live                                                                                    ║
║ Find old film that looks traditionally Orthodox                                                            ║
╟────────────────────────────────────────────────────────────────────────────────────────────────────────────╢
║ Browser  http://127.0.0.1:8787    Review  http://127.0.0.1:8787/review                                     ║
╟────────────────────────────────────────────────────────────────────────────────────────────────────────────╢
║ ⠏  Looking through British Pathé…                                                                          ║
║                                                                                                            ║
║ ▏░░░░░░░░░░░░░░░░░░░░░░░░░░░░░░░░░░░    0.0%  1/85,452                                                     ║
║                                                                                                            ║
║ checked 1   clips 0   failed 0   active 1                                                                  ║
║ session  3m 00s                                                                                            ║
║                                                                                                            ║
║ Right now — cloud workers                                                                                  ║
║   ▸ BUILDING ISRAELI SETTLEMENT aka BIRTH OF A KIBBUTZ                                                     ║
║     ● Looking carefully  pod done · 99s · 1 hits                                                           ║
║                                                                                                            ║
║ ⓘ  Browser should open on its own.                                                                         ║
║                                                                                                            ║
║ Press Ctrl+C here to stop the app.                                                                         ║
╚════════════════════════════════════════════════════════════════════════════════════════════════════════════╝



























[H[2J[3J╔════════════════════════════════════════════════════════════════════════════════════════════════════════════╗
║ ◆ ShtetlFrames  •  live                                                                                    ║
║ Find old film that looks traditionally Orthodox                                                            ║
╟────────────────────────────────────────────────────────────────────────────────────────────────────────────╢
║ Browser  http://127.0.0.1:8787    Review  http://127.0.0.1:8787/review                                     ║
╟────────────────────────────────────────────────────────────────────────────────────────────────────────────╢
║ ⠏  Looking through British Pathé…                                                                          ║
║                                                                                                            ║
║ ▏░░░░░░░░░░░░░░░░░░░░░░░░░░░░░░░░░░░    0.0%  1/85,452                                                     ║
║                                                                                                            ║
║ checked 1   clips 0   failed 0   active 1                                                                  ║
║ session  3m 01s                                                                                            ║
║                                                                                                            ║
║ Right now — cloud workers                                                                                  ║
║   ▸ BUILDING ISRAELI SETTLEMENT aka BIRTH OF A KIBBUTZ                                                     ║
║     ● Looking carefully  pod done · 99s · 1 hits                                                           ║
║                                                                                                            ║
║ ⓘ  Browser should open on its own.                                                                         ║
║                                                                                                            ║
║ Press Ctrl+C here to stop the app.                                                                         ║
╚════════════════════════════════════════════════════════════════════════════════════════════════════════════╝



























[H[2J[3J╔════════════════════════════════════════════════════════════════════════════════════════════════════════════╗
║ ◆ ShtetlFrames  ●  live                                                                                    ║
║ Find old film that looks traditionally Orthodox                                                            ║
╟────────────────────────────────────────────────────────────────────────────────────────────────────────────╢
║ Browser  http://127.0.0.1:8787    Review  http://127.0.0.1:8787/review                                     ║
╟────────────────────────────────────────────────────────────────────────────────────────────────────────────╢
║ ⠏  Looking through British Pathé…                                                                          ║
║                                                                                                            ║
║ ▏░░░░░░░░░░░░░░░░░░░░░░░░░░░░░░░░░░░    0.0%  3/85,452                                                     ║
║                                                                                                            ║
║ checked 3   clips 0   failed 0   active 0                                                                  ║
║ session  3m 02s                                                                                            ║
║                                                                                                            ║
║ ⓘ  Browser should open on its own.                                                                         ║
║                                                                                                            ║
║ Press Ctrl+C here to stop the app.                                                                         ║
╚════════════════════════════════════════════════════════════════════════════════════════════════════════════╝































[H[2J[3J╔════════════════════════════════════════════════════════════════════════════════════════════════════════════╗
║ ◆ ShtetlFrames  •  live                                                                                    ║
║ Find old film that looks traditionally Orthodox                                                            ║
╟────────────────────────────────────────────────────────────────────────────────────────────────────────────╢
║ Browser  http://127.0.0.1:8787    Review  http://127.0.0.1:8787/review                                     ║
╟────────────────────────────────────────────────────────────────────────────────────────────────────────────╢
║ ⠏  Looking through British Pathé…                                                                          ║
║                                                                                                            ║
║ ▏░░░░░░░░░░░░░░░░░░░░░░░░░░░░░░░░░░░    0.0%  3/85,452                                                     ║
║                                                                                                            ║
║ checked 3   clips 0   failed 0   active 0                                                                  ║
║ session  3m 03s                                                                                            ║
║                                                                                                            ║
║ ⓘ  Browser should open on its own.                                                                         ║
║                                                                                                            ║
║ Press Ctrl+C here to stop the app.                                                                         ║
╚════════════════════════════════════════════════════════════════════════════════════════════════════════════╝































[H[2J[3J╔════════════════════════════════════════════════════════════════════════════════════════════════════════════╗
║ ◆ ShtetlFrames  ·  live                                                                                    ║
║ Find old film that looks traditionally Orthodox                                                            ║
╟────────────────────────────────────────────────────────────────────────────────────────────────────────────╢
║ Browser  http://127.0.0.1:8787    Review  http://127.0.0.1:8787/review                                     ║
╟────────────────────────────────────────────────────────────────────────────────────────────────────────────╢
║ ⠏  Looking through British Pathé…                                                                          ║
║                                                                                                            ║
║ ▏░░░░░░░░░░░░░░░░░░░░░░░░░░░░░░░░░░░    0.0%  3/85,452                                                     ║
║                                                                                                            ║
║ checked 3   clips 0   failed 0   active 0                                                                  ║
║ session  3m 04s                                                                                            ║
║                                                                                                            ║
║ ⓘ  Browser should open on its own.                                                                         ║
║                                                                                                            ║
║ Press Ctrl+C here to stop the app.                                                                         ║
╚════════════════════════════════════════════════════════════════════════════════════════════════════════════╝































[H[2J[3J╔════════════════════════════════════════════════════════════════════════════════════════════════════════════╗
║ ◆ ShtetlFrames  •  live                                                                                    ║
║ Find old film that looks traditionally Orthodox                                                            ║
╟────────────────────────────────────────────────────────────────────────────────────────────────────────────╢
║ Browser  http://127.0.0.1:8787    Review  http://127.0.0.1:8787/review                                     ║
╟────────────────────────────────────────────────────────────────────────────────────────────────────────────╢
║ ⠏  Looking through British Pathé…                                                                          ║
║                                                                                                            ║
║ ▏░░░░░░░░░░░░░░░░░░░░░░░░░░░░░░░░░░░    0.0%  3/85,452                                                     ║
║                                                                                                            ║
║ checked 3   clips 0   failed 0   active 0                                                                  ║
║ session  3m 05s                                                                                            ║
║                                                                                                            ║
║ ⓘ  Browser should open on its own.                                                                         ║
║                                                                                                            ║
║ Press Ctrl+C here to stop the app.                                                                         ║
╚════════════════════════════════════════════════════════════════════════════════════════════════════════════╝































[H[2J[3J╔════════════════════════════════════════════════════════════════════════════════════════════════════════════╗
║ ◆ ShtetlFrames  ●  live                                                                                    ║
║ Find old film that looks traditionally Orthodox                                                            ║
╟────────────────────────────────────────────────────────────────────────────────────────────────────────────╢
║ Browser  http://127.0.0.1:8787    Review  http://127.0.0.1:8787/review                                     ║
╟────────────────────────────────────────────────────────────────────────────────────────────────────────────╢
║ ⠏  Looking through British Pathé…                                                                          ║
║                                                                                                            ║
║ ▏░░░░░░░░░░░░░░░░░░░░░░░░░░░░░░░░░░░    0.0%  3/85,452                                                     ║
║                                                                                                            ║
║ checked 3   clips 0   failed 0   active 0                                                                  ║
║ session  3m 06s                                                                                            ║
║                                                                                                            ║
║ ⓘ  Browser should open on its own.                                                                         ║
║                                                                                                            ║
║ Press Ctrl+C here to stop the app.                                                                         ║
╚════════════════════════════════════════════════════════════════════════════════════════════════════════════╝































[H[2J[3J╔════════════════════════════════════════════════════════════════════════════════════════════════════════════╗
║ ◆ ShtetlFrames  •  live                                                                                    ║
║ Find old film that looks traditionally Orthodox                                                            ║
╟────────────────────────────────────────────────────────────────────────────────────────────────────────────╢
║ Browser  http://127.0.0.1:8787    Review  http://127.0.0.1:8787/review                                     ║
╟────────────────────────────────────────────────────────────────────────────────────────────────────────────╢
║ ⠏  Looking through British Pathé…                                                                          ║
║                                                                                                            ║
║ ▏░░░░░░░░░░░░░░░░░░░░░░░░░░░░░░░░░░░    0.0%  3/85,452                                                     ║
║                                                                                                            ║
║ checked 3   clips 0   failed 0   active 0                                                                  ║
║ session  3m 07s                                                                                            ║
║                                                                                                            ║
║ ⓘ  Browser should open on its own.                                                                         ║
║                                                                                                            ║
║ Press Ctrl+C here to stop the app.                                                                         ║
╚════════════════════════════════════════════════════════════════════════════════════════════════════════════╝































[H[2J[3J╔════════════════════════════════════════════════════════════════════════════════════════════════════════════╗
║ ◆ ShtetlFrames  •  live                                                                                    ║
║ Find old film that looks traditionally Orthodox                                                            ║
╟────────────────────────────────────────────────────────────────────────────────────────────────────────────╢
║ Browser  http://127.0.0.1:8787    Review  http://127.0.0.1:8787/review                                     ║
╟────────────────────────────────────────────────────────────────────────────────────────────────────────────╢
║ ⠋  Looking through British Pathé…                                                                          ║
║                                                                                                            ║
║ ▏░░░░░░░░░░░░░░░░░░░░░░░░░░░░░░░░░░░    0.0%  3/85,452                                                     ║
║                                                                                                            ║
║ checked 3   clips 0   failed 0   active 0                                                                  ║
║ session  3m 08s                                                                                            ║
║                                                                                                            ║
║ ⓘ  Browser should open on its own.                                                                         ║
║                                                                                                            ║
║ Press Ctrl+C here to stop the app.                                                                         ║
╚════════════════════════════════════════════════════════════════════════════════════════════════════════════╝































[shtetl] bg-fill: waiting for GPU pod · 170s · first boot installs deps (~5–15 min) · https://pyu2q2g6tc1e4r-8000.proxy.runpod.net
[shtetl] bg-fill: waiting for GPU pod · 170s · first boot installs deps (~5–15 min) · https://qxlmd1bndi3vbf-8000.proxy.runpod.net
[shtetl] bg-fill: waiting for GPU pod · 170s · first boot installs deps (~5–15 min) · https://j2hil154bd9g0f-8000.proxy.runpod.net
[H[2J[3J╔════════════════════════════════════════════════════════════════════════════════════════════════════════════╗
║ ◆ ShtetlFrames  ·  live                                                                                    ║
║ Find old film that looks traditionally Orthodox                                                            ║
╟────────────────────────────────────────────────────────────────────────────────────────────────────────────╢
║ Browser  http://127.0.0.1:8787    Review  http://127.0.0.1:8787/review                                     ║
╟────────────────────────────────────────────────────────────────────────────────────────────────────────────╢
║ ⠋  Looking through British Pathé…                                                                          ║
║                                                                                                            ║
║ ▏░░░░░░░░░░░░░░░░░░░░░░░░░░░░░░░░░░░    0.0%  3/85,452                                                     ║
║                                                                                                            ║
║ checked 3   clips 0   failed 0   active 0                                                                  ║
║ session  3m 09s                                                                                            ║
║                                                                                                            ║
║ ⓘ  Browser should open on its own.                                                                         ║
║                                                                                                            ║
║ Press Ctrl+C here to stop the app.                                                                         ║
╚════════════════════════════════════════════════════════════════════════════════════════════════════════════╝































[H[2J[3J╔════════════════════════════════════════════════════════════════════════════════════════════════════════════╗
║ ◆ ShtetlFrames  •  live                                                                                    ║
║ Find old film that looks traditionally Orthodox                                                            ║
╟────────────────────────────────────────────────────────────────────────────────────────────────────────────╢
║ Browser  http://127.0.0.1:8787    Review  http://127.0.0.1:8787/review                                     ║
╟────────────────────────────────────────────────────────────────────────────────────────────────────────────╢
║ ⠋  Looking through British Pathé…                                                                          ║
║                                                                                                            ║
║ ▏░░░░░░░░░░░░░░░░░░░░░░░░░░░░░░░░░░░    0.0%  3/85,452                                                     ║
║                                                                                                            ║
║ checked 3   clips 0   failed 0   active 0                                                                  ║
║ session  3m 10s                                                                                            ║
║                                                                                                            ║
║ ⓘ  Browser should open on its own.                                                                         ║
║                                                                                                            ║
║ Press Ctrl+C here to stop the app.                                                                         ║
╚════════════════════════════════════════════════════════════════════════════════════════════════════════════╝































[shtetl] bg-fill: waiting for GPU pod · 172s · first boot installs deps (~5–15 min) · https://lc2g7ed3dw25ni-8000.proxy.runpod.net
[H[2J[3J╔════════════════════════════════════════════════════════════════════════════════════════════════════════════╗
║ ◆ ShtetlFrames  ●  live                                                                                    ║
║ Find old film that looks traditionally Orthodox                                                            ║
╟────────────────────────────────────────────────────────────────────────────────────────────────────────────╢
║ Browser  http://127.0.0.1:8787    Review  http://127.0.0.1:8787/review                                     ║
╟────────────────────────────────────────────────────────────────────────────────────────────────────────────╢
║ ⠋  Looking through British Pathé…                                                                          ║
║                                                                                                            ║
║ ▏░░░░░░░░░░░░░░░░░░░░░░░░░░░░░░░░░░░    0.0%  3/85,452                                                     ║
║                                                                                                            ║
║ checked 3   clips 0   failed 0   active 0                                                                  ║
║ session  3m 11s                                                                                            ║
║                                                                                                            ║
║ ⓘ  Browser should open on its own.                                                                         ║
║                                                                                                            ║
║ Press Ctrl+C here to stop the app.                                                                         ║
╚════════════════════════════════════════════════════════════════════════════════════════════════════════════╝































[shtetl] self-heal terminate j2hil154bd9g… (orphan_broken)
[H[2J[3J╔════════════════════════════════════════════════════════════════════════════════════════════════════════════╗
║ ◆ ShtetlFrames  •  live                                                                                    ║
║ Find old film that looks traditionally Orthodox                                                            ║
╟────────────────────────────────────────────────────────────────────────────────────────────────────────────╢
║ Browser  http://127.0.0.1:8787    Review  http://127.0.0.1:8787/review                                     ║
╟────────────────────────────────────────────────────────────────────────────────────────────────────────────╢
║ ⠋  Looking through British Pathé…                                                                          ║
║                                                                                                            ║
║ ▏░░░░░░░░░░░░░░░░░░░░░░░░░░░░░░░░░░░    0.0%  3/85,452                                                     ║
║                                                                                                            ║
║ checked 3   clips 0   failed 0   active 0                                                                  ║
║ session  3m 12s                                                                                            ║
║                                                                                                            ║
║ ⓘ  Browser should open on its own.                                                                         ║
║                                                                                                            ║
║ Press Ctrl+C here to stop the app.                                                                         ║
╚════════════════════════════════════════════════════════════════════════════════════════════════════════════╝































[shtetl] self-heal terminate qxlmd1bndi3v… (orphan_broken)
[H[2J[3J╔════════════════════════════════════════════════════════════════════════════════════════════════════════════╗
║ ◆ ShtetlFrames  ·  live                                                                                    ║
║ Find old film that looks traditionally Orthodox                                                            ║
╟────────────────────────────────────────────────────────────────────────────────────────────────────────────╢
║ Browser  http://127.0.0.1:8787    Review  http://127.0.0.1:8787/review                                     ║
╟────────────────────────────────────────────────────────────────────────────────────────────────────────────╢
║ ⠋  Looking through British Pathé…                                                                          ║
║                                                                                                            ║
║ ▏░░░░░░░░░░░░░░░░░░░░░░░░░░░░░░░░░░░    0.0%  3/85,452                                                     ║
║                                                                                                            ║
║ checked 3   clips 0   failed 0   active 0                                                                  ║
║ session  3m 13s                                                                                            ║
║                                                                                                            ║
║ ⓘ  Browser should open on its own.                                                                         ║
║                                                                                                            ║
║ Press Ctrl+C here to stop the app.                                                                         ║
╚════════════════════════════════════════════════════════════════════════════════════════════════════════════╝































[H[2J[3J╔════════════════════════════════════════════════════════════════════════════════════════════════════════════╗
║ ◆ ShtetlFrames  •  live                                                                                    ║
║ Find old film that looks traditionally Orthodox                                                            ║
╟────────────────────────────────────────────────────────────────────────────────────────────────────────────╢
║ Browser  http://127.0.0.1:8787    Review  http://127.0.0.1:8787/review                                     ║
╟────────────────────────────────────────────────────────────────────────────────────────────────────────────╢
║ ⠋  Looking through British Pathé…                                                                          ║
║                                                                                                            ║
║ ▏░░░░░░░░░░░░░░░░░░░░░░░░░░░░░░░░░░░    0.0%  3/85,452                                                     ║
║                                                                                                            ║
║ checked 3   clips 0   failed 0   active 0                                                                  ║
║ session  3m 14s                                                                                            ║
║                                                                                                            ║
║ ⓘ  Browser should open on its own.                                                                         ║
║                                                                                                            ║
║ Press Ctrl+C here to stop the app.                                                                         ║
╚════════════════════════════════════════════════════════════════════════════════════════════════════════════╝































[shtetl] bg-fill: waiting for GPU pod · 177s · first boot installs deps (~5–15 min) · https://pyu2q2g6tc1e4r-8000.proxy.runpod.net
[shtetl] bg-fill: waiting for GPU pod · 177s · first boot installs deps (~5–15 min) · https://qxlmd1bndi3vbf-8000.proxy.runpod.net
[H[2J[3J╔════════════════════════════════════════════════════════════════════════════════════════════════════════════╗
║ ◆ ShtetlFrames  ●  live                                                                                    ║
║ Find old film that looks traditionally Orthodox                                                            ║
╟────────────────────────────────────────────────────────────────────────────────────────────────────────────╢
║ Browser  http://127.0.0.1:8787    Review  http://127.0.0.1:8787/review                                     ║
╟────────────────────────────────────────────────────────────────────────────────────────────────────────────╢
║ ⠋  Looking through British Pathé…                                                                          ║
║                                                                                                            ║
║ ▏░░░░░░░░░░░░░░░░░░░░░░░░░░░░░░░░░░░    0.0%  3/85,452                                                     ║
║                                                                                                            ║
║ checked 3   clips 0   failed 0   active 0                                                                  ║
║ session  3m 15s                                                                                            ║
║                                                                                                            ║
║ ⓘ  Browser should open on its own.                                                                         ║
║                                                                                                            ║
║ Press Ctrl+C here to stop the app.                                                                         ║
╚════════════════════════════════════════════════════════════════════════════════════════════════════════════╝































[shtetl] bg-fill: waiting for GPU pod · 177s · first boot installs deps (~5–15 min) · https://j2hil154bd9g0f-8000.proxy.runpod.net
[H[2J[3J╔════════════════════════════════════════════════════════════════════════════════════════════════════════════╗
║ ◆ ShtetlFrames  •  live                                                                                    ║
║ Find old film that looks traditionally Orthodox                                                            ║
╟────────────────────────────────────────────────────────────────────────────────────────────────────────────╢
║ Browser  http://127.0.0.1:8787    Review  http://127.0.0.1:8787/review                                     ║
╟────────────────────────────────────────────────────────────────────────────────────────────────────────────╢
║ ⠙  Looking through British Pathé…                                                                          ║
║                                                                                                            ║
║ ▏░░░░░░░░░░░░░░░░░░░░░░░░░░░░░░░░░░░    0.0%  3/85,452                                                     ║
║                                                                                                            ║
║ checked 3   clips 0   failed 0   active 0                                                                  ║
║ session  3m 16s                                                                                            ║
║                                                                                                            ║
║ ⓘ  Browser should open on its own.                                                                         ║
║                                                                                                            ║
║ Press Ctrl+C here to stop the app.                                                                         ║
╚════════════════════════════════════════════════════════════════════════════════════════════════════════════╝































[shtetl] bg-fill: waiting for GPU pod · 179s · first boot installs deps (~5–15 min) · https://lc2g7ed3dw25ni-8000.proxy.runpod.net
[H[2J[3J╔════════════════════════════════════════════════════════════════════════════════════════════════════════════╗
║ ◆ ShtetlFrames  ·  live                                                                                    ║
║ Find old film that looks traditionally Orthodox                                                            ║
╟────────────────────────────────────────────────────────────────────────────────────────────────────────────╢
║ Browser  http://127.0.0.1:8787    Review  http://127.0.0.1:8787/review                                     ║
╟────────────────────────────────────────────────────────────────────────────────────────────────────────────╢
║ ⠙  Looking through British Pathé…                                                                          ║
║                                                                                                            ║
║ ▏░░░░░░░░░░░░░░░░░░░░░░░░░░░░░░░░░░░    0.0%  3/85,452                                                     ║
║                                                                                                            ║
║ checked 3   clips 0   failed 0   active 0                                                                  ║
║ session  3m 17s                                                                                            ║
║                                                                                                            ║
║ ⓘ  Browser should open on its own.                                                                         ║
║                                                                                                            ║
║ Press Ctrl+C here to stop the app.                                                                         ║
╚════════════════════════════════════════════════════════════════════════════════════════════════════════════╝































[H[2J[3J╔════════════════════════════════════════════════════════════════════════════════════════════════════════════╗
║ ◆ ShtetlFrames  •  live                                                                                    ║
║ Find old film that looks traditionally Orthodox                                                            ║
╟────────────────────────────────────────────────────────────────────────────────────────────────────────────╢
║ Browser  http://127.0.0.1:8787    Review  http://127.0.0.1:8787/review                                     ║
╟────────────────────────────────────────────────────────────────────────────────────────────────────────────╢
║ ⠙  Looking through British Pathé…                                                                          ║
║                                                                                                            ║
║ ▏░░░░░░░░░░░░░░░░░░░░░░░░░░░░░░░░░░░    0.0%  3/85,452                                                     ║
║                                                                                                            ║
║ checked 3   clips 0   failed 0   active 0                                                                  ║
║ session  3m 18s                                                                                            ║
║                                                                                                            ║
║ ⓘ  Browser should open on its own.                                                                         ║
║                                                                                                            ║
║ Press Ctrl+C here to stop the app.                                                                         ║
╚════════════════════════════════════════════════════════════════════════════════════════════════════════════╝































[H[2J[3J╔════════════════════════════════════════════════════════════════════════════════════════════════════════════╗
║ ◆ ShtetlFrames  ●  live                                                                                    ║
║ Find old film that looks traditionally Orthodox                                                            ║
╟────────────────────────────────────────────────────────────────────────────────────────────────────────────╢
║ Browser  http://127.0.0.1:8787    Review  http://127.0.0.1:8787/review                                     ║
╟────────────────────────────────────────────────────────────────────────────────────────────────────────────╢
║ ⠙  Looking through British Pathé…                                                                          ║
║                                                                                                            ║
║ ▏░░░░░░░░░░░░░░░░░░░░░░░░░░░░░░░░░░░    0.0%  3/85,452                                                     ║
║                                                                                                            ║
║ checked 3   clips 0   failed 0   active 0                                                                  ║
║ session  3m 19s                                                                                            ║
║                                                                                                            ║
║ ⓘ  Browser should open on its own.                                                                         ║
║                                                                                                            ║
║ Press Ctrl+C here to stop the app.                                                                         ║
╚════════════════════════════════════════════════════════════════════════════════════════════════════════════╝































[H[2J[3J╔════════════════════════════════════════════════════════════════════════════════════════════════════════════╗
║ ◆ ShtetlFrames  •  live                                                                                    ║
║ Find old film that looks traditionally Orthodox                                                            ║
╟────────────────────────────────────────────────────────────────────────────────────────────────────────────╢
║ Browser  http://127.0.0.1:8787    Review  http://127.0.0.1:8787/review                                     ║
╟────────────────────────────────────────────────────────────────────────────────────────────────────────────╢
║ ⠙  Looking through British Pathé…                                                                          ║
║                                                                                                            ║
║ ▏░░░░░░░░░░░░░░░░░░░░░░░░░░░░░░░░░░░    0.0%  3/85,452                                                     ║
║                                                                                                            ║
║ checked 3   clips 0   failed 0   active 0                                                                  ║
║ session  3m 20s                                                                                            ║
║                                                                                                            ║
║ ⓘ  Browser should open on its own.                                                                         ║
║                                                                                                            ║
║ Press Ctrl+C here to stop the app.                                                                         ║
╚════════════════════════════════════════════════════════════════════════════════════════════════════════════╝































[H[2J[3J╔════════════════════════════════════════════════════════════════════════════════════════════════════════════╗
║ ◆ ShtetlFrames  ·  live                                                                                    ║
║ Find old film that looks traditionally Orthodox                                                            ║
╟────────────────────────────────────────────────────────────────────────────────────────────────────────────╢
║ Browser  http://127.0.0.1:8787    Review  http://127.0.0.1:8787/review                                     ║
╟────────────────────────────────────────────────────────────────────────────────────────────────────────────╢
║ ⠙  Looking through British Pathé…                                                                          ║
║                                                                                                            ║
║ ▏░░░░░░░░░░░░░░░░░░░░░░░░░░░░░░░░░░░    0.0%  3/85,452                                                     ║
║                                                                                                            ║
║ checked 3   clips 0   failed 0   active 0                                                                  ║
║ session  3m 21s                                                                                            ║
║                                                                                                            ║
║ ⓘ  Browser should open on its own.                                                                         ║
║                                                                                                            ║
║ Press Ctrl+C here to stop the app.                                                                         ║
╚════════════════════════════════════════════════════════════════════════════════════════════════════════════╝































[shtetl] bg-fill: waiting for GPU pod · 183s · first boot installs deps (~5–15 min) · https://pyu2q2g6tc1e4r-8000.proxy.runpod.net
[shtetl] bg-fill: waiting for GPU pod · 183s · first boot installs deps (~5–15 min) · https://j2hil154bd9g0f-8000.proxy.runpod.net
[shtetl] bg-fill: waiting for GPU pod · 183s · first boot installs deps (~5–15 min) · https://qxlmd1bndi3vbf-8000.proxy.runpod.net
[H[2J[3J╔════════════════════════════════════════════════════════════════════════════════════════════════════════════╗
║ ◆ ShtetlFrames  •  live                                                                                    ║
║ Find old film that looks traditionally Orthodox                                                            ║
╟────────────────────────────────────────────────────────────────────────────────────────────────────────────╢
║ Browser  http://127.0.0.1:8787    Review  http://127.0.0.1:8787/review                                     ║
╟────────────────────────────────────────────────────────────────────────────────────────────────────────────╢
║ ⠹  Looking through British Pathé…                                                                          ║
║                                                                                                            ║
║ ▏░░░░░░░░░░░░░░░░░░░░░░░░░░░░░░░░░░░    0.0%  3/85,452                                                     ║
║                                                                                                            ║
║ checked 3   clips 0   failed 0   active 0                                                                  ║
║ session  3m 22s                                                                                            ║
║                                                                                                            ║
║ ⓘ  Browser should open on its own.                                                                         ║
║                                                                                                            ║
║ Press Ctrl+C here to stop the app.                                                                         ║
╚════════════════════════════════════════════════════════════════════════════════════════════════════════════╝































[H[2J[3J╔════════════════════════════════════════════════════════════════════════════════════════════════════════════╗
║ ◆ ShtetlFrames  ●  live                                                                                    ║
║ Find old film that looks traditionally Orthodox                                                            ║
╟────────────────────────────────────────────────────────────────────────────────────────────────────────────╢
║ Browser  http://127.0.0.1:8787    Review  http://127.0.0.1:8787/review                                     ║
╟────────────────────────────────────────────────────────────────────────────────────────────────────────────╢
║ ⠹  Looking through British Pathé…                                                                          ║
║                                                                                                            ║
║ ▏░░░░░░░░░░░░░░░░░░░░░░░░░░░░░░░░░░░    0.0%  3/85,452                                                     ║
║                                                                                                            ║
║ checked 3   clips 0   failed 0   active 0                                                                  ║
║ session  3m 23s                                                                                            ║
║                                                                                                            ║
║ ⓘ  Browser should open on its own.                                                                         ║
║                                                                                                            ║
║ Press Ctrl+C here to stop the app.                                                                         ║
╚════════════════════════════════════════════════════════════════════════════════════════════════════════════╝































[shtetl] bg-fill: waiting for GPU pod · 185s · first boot installs deps (~5–15 min) · https://lc2g7ed3dw25ni-8000.proxy.runpod.net
[H[2J[3J╔════════════════════════════════════════════════════════════════════════════════════════════════════════════╗
║ ◆ ShtetlFrames  •  live                                                                                    ║
║ Find old film that looks traditionally Orthodox                                                            ║
╟────────────────────────────────────────────────────────────────────────────────────────────────────────────╢
║ Browser  http://127.0.0.1:8787    Review  http://127.0.0.1:8787/review                                     ║
╟────────────────────────────────────────────────────────────────────────────────────────────────────────────╢
║ ⠹  Looking through British Pathé…                                                                          ║
║                                                                                                            ║
║ ▏░░░░░░░░░░░░░░░░░░░░░░░░░░░░░░░░░░░    0.0%  3/85,452                                                     ║
║                                                                                                            ║
║ checked 3   clips 0   failed 0   active 0                                                                  ║
║ session  3m 24s                                                                                            ║
║                                                                                                            ║
║ ⓘ  Browser should open on its own.                                                                         ║
║                                                                                                            ║
║ Press Ctrl+C here to stop the app.                                                                         ║
╚════════════════════════════════════════════════════════════════════════════════════════════════════════════╝































[H[2J[3J╔════════════════════════════════════════════════════════════════════════════════════════════════════════════╗
║ ◆ ShtetlFrames  ·  live                                                                                    ║
║ Find old film that looks traditionally Orthodox                                                            ║
╟────────────────────────────────────────────────────────────────────────────────────────────────────────────╢
║ Browser  http://127.0.0.1:8787    Review  http://127.0.0.1:8787/review                                     ║
╟────────────────────────────────────────────────────────────────────────────────────────────────────────────╢
║ ⠹  Looking through British Pathé…                                                                          ║
║                                                                                                            ║
║ ▏░░░░░░░░░░░░░░░░░░░░░░░░░░░░░░░░░░░    0.0%  3/85,452                                                     ║
║                                                                                                            ║
║ checked 3   clips 0   failed 0   active 0                                                                  ║
║ session  3m 25s                                                                                            ║
║                                                                                                            ║
║ ⓘ  Browser should open on its own.                                                                         ║
║                                                                                                            ║
║ Press Ctrl+C here to stop the app.                                                                         ║
╚════════════════════════════════════════════════════════════════════════════════════════════════════════════╝































[H[2J[3J╔════════════════════════════════════════════════════════════════════════════════════════════════════════════╗
║ ◆ ShtetlFrames  •  live                                                                                    ║
║ Find old film that looks traditionally Orthodox                                                            ║
╟────────────────────────────────────────────────────────────────────────────────────────────────────────────╢
║ Browser  http://127.0.0.1:8787    Review  http://127.0.0.1:8787/review                                     ║
╟────────────────────────────────────────────────────────────────────────────────────────────────────────────╢
║ ⠹  Looking through British Pathé…                                                                          ║
║                                                                                                            ║
║ ▏░░░░░░░░░░░░░░░░░░░░░░░░░░░░░░░░░░░    0.0%  3/85,452                                                     ║
║                                                                                                            ║
║ checked 3   clips 0   failed 0   active 0                                                                  ║
║ session  3m 26s                                                                                            ║
║                                                                                                            ║
║ ⓘ  Browser should open on its own.                                                                         ║
║                                                                                                            ║
║ Press Ctrl+C here to stop the app.                                                                         ║
╚════════════════════════════════════════════════════════════════════════════════════════════════════════════╝































[H[2J[3J╔════════════════════════════════════════════════════════════════════════════════════════════════════════════╗
║ ◆ ShtetlFrames  ●  live                                                                                    ║
║ Find old film that looks traditionally Orthodox                                                            ║
╟────────────────────────────────────────────────────────────────────────────────────────────────────────────╢
║ Browser  http://127.0.0.1:8787    Review  http://127.0.0.1:8787/review                                     ║
╟────────────────────────────────────────────────────────────────────────────────────────────────────────────╢
║ ⠹  Looking through British Pathé…                                                                          ║
║                                                                                                            ║
║ ▏░░░░░░░░░░░░░░░░░░░░░░░░░░░░░░░░░░░    0.0%  3/85,452                                                     ║
║                                                                                                            ║
║ checked 3   clips 0   failed 0   active 0                                                                  ║
║ session  3m 27s                                                                                            ║
║                                                                                                            ║
║ ⓘ  Browser should open on its own.                                                                         ║
║                                                                                                            ║
║ Press Ctrl+C here to stop the app.                                                                         ║
╚════════════════════════════════════════════════════════════════════════════════════════════════════════════╝































[shtetl] bg-fill: waiting for GPU pod · 189s · first boot installs deps (~5–15 min) · https://pyu2q2g6tc1e4r-8000.proxy.runpod.net
[shtetl] bg-fill: waiting for GPU pod · 189s · first boot installs deps (~5–15 min) · https://qxlmd1bndi3vbf-8000.proxy.runpod.net
[shtetl] bg-fill: waiting for GPU pod · 189s · first boot installs deps (~5–15 min) · https://j2hil154bd9g0f-8000.proxy.runpod.net
[H[2J[3J╔════════════════════════════════════════════════════════════════════════════════════════════════════════════╗
║ ◆ ShtetlFrames  •  live                                                                                    ║
║ Find old film that looks traditionally Orthodox                                                            ║
╟────────────────────────────────────────────────────────────────────────────────────────────────────────────╢
║ Browser  http://127.0.0.1:8787    Review  http://127.0.0.1:8787/review                                     ║
╟────────────────────────────────────────────────────────────────────────────────────────────────────────────╢
║ ⠸  Looking through British Pathé…                                                                          ║
║                                                                                                            ║
║ ▏░░░░░░░░░░░░░░░░░░░░░░░░░░░░░░░░░░░    0.0%  3/85,452                                                     ║
║                                                                                                            ║
║ checked 3   clips 0   failed 0   active 0                                                                  ║
║ session  3m 28s                                                                                            ║
║                                                                                                            ║
║ ⓘ  Browser should open on its own.                                                                         ║
║                                                                                                            ║
║ Press Ctrl+C here to stop the app.                                                                         ║
╚════════════════════════════════════════════════════════════════════════════════════════════════════════════╝































[H[2J[3J╔════════════════════════════════════════════════════════════════════════════════════════════════════════════╗
║ ◆ ShtetlFrames  •  live                                                                                    ║
║ Find old film that looks traditionally Orthodox                                                            ║
╟────────────────────────────────────────────────────────────────────────────────────────────────────────────╢
║ Browser  http://127.0.0.1:8787    Review  http://127.0.0.1:8787/review                                     ║
╟────────────────────────────────────────────────────────────────────────────────────────────────────────────╢
║ ⠸  Looking through British Pathé…                                                                          ║
║                                                                                                            ║
║ ▏░░░░░░░░░░░░░░░░░░░░░░░░░░░░░░░░░░░    0.0%  3/85,452                                                     ║
║                                                                                                            ║
║ checked 3   clips 0   failed 0   active 0                                                                  ║
║ session  3m 29s                                                                                            ║
║                                                                                                            ║
║ ⓘ  Browser should open on its own.                                                                         ║
║                                                                                                            ║
║ Press Ctrl+C here to stop the app.                                                                         ║
╚════════════════════════════════════════════════════════════════════════════════════════════════════════════╝































[shtetl] bg-fill: waiting for GPU pod · 192s · first boot installs deps (~5–15 min) · https://lc2g7ed3dw25ni-8000.proxy.runpod.net
[H[2J[3J╔════════════════════════════════════════════════════════════════════════════════════════════════════════════╗
║ ◆ ShtetlFrames  ·  live                                                                                    ║
║ Find old film that looks traditionally Orthodox                                                            ║
╟────────────────────────────────────────────────────────────────────────────────────────────────────────────╢
║ Browser  http://127.0.0.1:8787    Review  http://127.0.0.1:8787/review                                     ║
╟────────────────────────────────────────────────────────────────────────────────────────────────────────────╢
║ ⠸  Looking through British Pathé…                                                                          ║
║                                                                                                            ║
║ ▏░░░░░░░░░░░░░░░░░░░░░░░░░░░░░░░░░░░    0.0%  3/85,452                                                     ║
║                                                                                                            ║
║ checked 3   clips 0   failed 0   active 0                                                                  ║
║ session  3m 30s                                                                                            ║
║                                                                                                            ║
║ ⓘ  Browser should open on its own.                                                                         ║
║                                                                                                            ║
║ Press Ctrl+C here to stop the app.                                                                         ║
╚════════════════════════════════════════════════════════════════════════════════════════════════════════════╝































[H[2J[3J╔════════════════════════════════════════════════════════════════════════════════════════════════════════════╗
║ ◆ ShtetlFrames  •  live                                                                                    ║
║ Find old film that looks traditionally Orthodox                                                            ║
╟────────────────────────────────────────────────────────────────────────────────────────────────────────────╢
║ Browser  http://127.0.0.1:8787    Review  http://127.0.0.1:8787/review                                     ║
╟────────────────────────────────────────────────────────────────────────────────────────────────────────────╢
║ ⠸  Looking through British Pathé…                                                                          ║
║                                                                                                            ║
║ ▏░░░░░░░░░░░░░░░░░░░░░░░░░░░░░░░░░░░    0.0%  3/85,452                                                     ║
║                                                                                                            ║
║ checked 3   clips 0   failed 0   active 0                                                                  ║
║ session  3m 31s                                                                                            ║
║                                                                                                            ║
║ ⓘ  Browser should open on its own.                                                                         ║
║                                                                                                            ║
║ Press Ctrl+C here to stop the app.                                                                         ║
╚════════════════════════════════════════════════════════════════════════════════════════════════════════════╝































[H[2J[3J╔════════════════════════════════════════════════════════════════════════════════════════════════════════════╗
║ ◆ ShtetlFrames  ●  live                                                                                    ║
║ Find old film that looks traditionally Orthodox                                                            ║
╟────────────────────────────────────────────────────────────────────────────────────────────────────────────╢
║ Browser  http://127.0.0.1:8787    Review  http://127.0.0.1:8787/review                                     ║
╟────────────────────────────────────────────────────────────────────────────────────────────────────────────╢
║ ⠸  Looking through British Pathé…                                                                          ║
║                                                                                                            ║
║ ▏░░░░░░░░░░░░░░░░░░░░░░░░░░░░░░░░░░░    0.0%  3/85,452                                                     ║
║                                                                                                            ║
║ checked 3   clips 0   failed 0   active 0                                                                  ║
║ session  3m 32s                                                                                            ║
║                                                                                                            ║
║ ⓘ  Browser should open on its own.                                                                         ║
║                                                                                                            ║
║ Press Ctrl+C here to stop the app.                                                                         ║
╚════════════════════════════════════════════════════════════════════════════════════════════════════════════╝































[H[2J[3J╔════════════════════════════════════════════════════════════════════════════════════════════════════════════╗
║ ◆ ShtetlFrames  •  live                                                                                    ║
║ Find old film that looks traditionally Orthodox                                                            ║
╟────────────────────────────────────────────────────────────────────────────────────────────────────────────╢
║ Browser  http://127.0.0.1:8787    Review  http://127.0.0.1:8787/review                                     ║
╟────────────────────────────────────────────────────────────────────────────────────────────────────────────╢
║ ⠸  Looking through British Pathé…                                                                          ║
║                                                                                                            ║
║ ▏░░░░░░░░░░░░░░░░░░░░░░░░░░░░░░░░░░░    0.0%  3/85,452                                                     ║
║                                                                                                            ║
║ checked 3   clips 0   failed 0   active 0                                                                  ║
║ session  3m 33s                                                                                            ║
║                                                                                                            ║
║ ⓘ  Browser should open on its own.                                                                         ║
║                                                                                                            ║
║ Press Ctrl+C here to stop the app.                                                                         ║
╚════════════════════════════════════════════════════════════════════════════════════════════════════════════╝































[shtetl] bg-fill: waiting for GPU pod · 196s · first boot installs deps (~5–15 min) · https://pyu2q2g6tc1e4r-8000.proxy.runpod.net
[shtetl] bg-fill: waiting for GPU pod · 196s · first boot installs deps (~5–15 min) · https://qxlmd1bndi3vbf-8000.proxy.runpod.net
[shtetl] bg-fill: waiting for GPU pod · 196s · first boot installs deps (~5–15 min) · https://j2hil154bd9g0f-8000.proxy.runpod.net
[H[2J[3J╔════════════════════════════════════════════════════════════════════════════════════════════════════════════╗
║ ◆ ShtetlFrames  ·  live                                                                                    ║
║ Find old film that looks traditionally Orthodox                                                            ║
╟────────────────────────────────────────────────────────────────────────────────────────────────────────────╢
║ Browser  http://127.0.0.1:8787    Review  http://127.0.0.1:8787/review                                     ║
╟────────────────────────────────────────────────────────────────────────────────────────────────────────────╢
║ ⠸  Looking through British Pathé…                                                                          ║
║                                                                                                            ║
║ ▏░░░░░░░░░░░░░░░░░░░░░░░░░░░░░░░░░░░    0.0%  3/85,452                                                     ║
║                                                                                                            ║
║ checked 3   clips 0   failed 0   active 0                                                                  ║
║ session  3m 34s                                                                                            ║
║                                                                                                            ║
║ ⓘ  Browser should open on its own.                                                                         ║
║                                                                                                            ║
║ Press Ctrl+C here to stop the app.                                                                         ║
╚════════════════════════════════════════════════════════════════════════════════════════════════════════════╝































[H[2J[3J╔════════════════════════════════════════════════════════════════════════════════════════════════════════════╗
║ ◆ ShtetlFrames  •  live                                                                                    ║
║ Find old film that looks traditionally Orthodox                                                            ║
╟────────────────────────────────────────────────────────────────────────────────────────────────────────────╢
║ Browser  http://127.0.0.1:8787    Review  http://127.0.0.1:8787/review                                     ║
╟────────────────────────────────────────────────────────────────────────────────────────────────────────────╢
║ ⠼  Looking through British Pathé…                                                                          ║
║                                                                                                            ║
║ ▏░░░░░░░░░░░░░░░░░░░░░░░░░░░░░░░░░░░    0.0%  3/85,452                                                     ║
║                                                                                                            ║
║ checked 3   clips 0   failed 0   active 0                                                                  ║
║ session  3m 35s                                                                                            ║
║                                                                                                            ║
║ ⓘ  Browser should open on its own.                                                                         ║
║                                                                                                            ║
║ Press Ctrl+C here to stop the app.                                                                         ║
╚════════════════════════════════════════════════════════════════════════════════════════════════════════════╝































[H[2J[3J╔════════════════════════════════════════════════════════════════════════════════════════════════════════════╗
║ ◆ ShtetlFrames  ●  live                                                                                    ║
║ Find old film that looks traditionally Orthodox                                                            ║
╟────────────────────────────────────────────────────────────────────────────────────────────────────────────╢
║ Browser  http://127.0.0.1:8787    Review  http://127.0.0.1:8787/review                                     ║
╟────────────────────────────────────────────────────────────────────────────────────────────────────────────╢
║ ⠼  Looking through British Pathé…                                                                          ║
║                                                                                                            ║
║ ▏░░░░░░░░░░░░░░░░░░░░░░░░░░░░░░░░░░░    0.0%  3/85,452                                                     ║
║                                                                                                            ║
║ checked 3   clips 0   failed 0   active 0                                                                  ║
║ session  3m 36s                                                                                            ║
║                                                                                                            ║
║ ⓘ  Browser should open on its own.                                                                         ║
║                                                                                                            ║
║ Press Ctrl+C here to stop the app.                                                                         ║
╚════════════════════════════════════════════════════════════════════════════════════════════════════════════╝































[shtetl] bg-fill: waiting for GPU pod · 198s · first boot installs deps (~5–15 min) · https://lc2g7ed3dw25ni-8000.proxy.runpod.net
[H[2J[3J╔════════════════════════════════════════════════════════════════════════════════════════════════════════════╗
║ ◆ ShtetlFrames  •  live                                                                                    ║
║ Find old film that looks traditionally Orthodox                                                            ║
╟────────────────────────────────────────────────────────────────────────────────────────────────────────────╢
║ Browser  http://127.0.0.1:8787    Review  http://127.0.0.1:8787/review                                     ║
╟────────────────────────────────────────────────────────────────────────────────────────────────────────────╢
║ ⠼  Looking through British Pathé…                                                                          ║
║                                                                                                            ║
║ ▏░░░░░░░░░░░░░░░░░░░░░░░░░░░░░░░░░░░    0.0%  3/85,452                                                     ║
║                                                                                                            ║
║ checked 3   clips 0   failed 0   active 0                                                                  ║
║ session  3m 37s                                                                                            ║
║                                                                                                            ║
║ ⓘ  Browser should open on its own.                                                                         ║
║                                                                                                            ║
║ Press Ctrl+C here to stop the app.                                                                         ║
╚════════════════════════════════════════════════════════════════════════════════════════════════════════════╝































[H[2J[3J╔════════════════════════════════════════════════════════════════════════════════════════════════════════════╗
║ ◆ ShtetlFrames  ·  live                                                                                    ║
║ Find old film that looks traditionally Orthodox                                                            ║
╟────────────────────────────────────────────────────────────────────────────────────────────────────────────╢
║ Browser  http://127.0.0.1:8787    Review  http://127.0.0.1:8787/review                                     ║
╟────────────────────────────────────────────────────────────────────────────────────────────────────────────╢
║ ⠼  Looking through British Pathé…                                                                          ║
║                                                                                                            ║
║ ▏░░░░░░░░░░░░░░░░░░░░░░░░░░░░░░░░░░░    0.0%  3/85,452                                                     ║
║                                                                                                            ║
║ checked 3   clips 0   failed 0   active 0                                                                  ║
║ session  3m 38s                                                                                            ║
║                                                                                                            ║
║ ⓘ  Browser should open on its own.                                                                         ║
║                                                                                                            ║
║ Press Ctrl+C here to stop the app.                                                                         ║
╚════════════════════════════════════════════════════════════════════════════════════════════════════════════╝































[H[2J[3J╔════════════════════════════════════════════════════════════════════════════════════════════════════════════╗
║ ◆ ShtetlFrames  •  live                                                                                    ║
║ Find old film that looks traditionally Orthodox                                                            ║
╟────────────────────────────────────────────────────────────────────────────────────────────────────────────╢
║ Browser  http://127.0.0.1:8787    Review  http://127.0.0.1:8787/review                                     ║
╟────────────────────────────────────────────────────────────────────────────────────────────────────────────╢
║ ⠼  Looking through British Pathé…                                                                          ║
║                                                                                                            ║
║ ▏░░░░░░░░░░░░░░░░░░░░░░░░░░░░░░░░░░░    0.0%  3/85,452                                                     ║
║                                                                                                            ║
║ checked 3   clips 0   failed 0   active 0                                                                  ║
║ session  3m 39s                                                                                            ║
║                                                                                                            ║
║ ⓘ  Browser should open on its own.                                                                         ║
║                                                                                                            ║
║ Press Ctrl+C here to stop the app.                                                                         ║
╚════════════════════════════════════════════════════════════════════════════════════════════════════════════╝































[H[2J[3J╔════════════════════════════════════════════════════════════════════════════════════════════════════════════╗
║ ◆ ShtetlFrames  ●  live                                                                                    ║
║ Find old film that looks traditionally Orthodox                                                            ║
╟────────────────────────────────────────────────────────────────────────────────────────────────────────────╢
║ Browser  http://127.0.0.1:8787    Review  http://127.0.0.1:8787/review                                     ║
╟────────────────────────────────────────────────────────────────────────────────────────────────────────────╢
║ ⠼  Looking through British Pathé…                                                                          ║
║                                                                                                            ║
║ ▏░░░░░░░░░░░░░░░░░░░░░░░░░░░░░░░░░░░    0.0%  3/85,452                                                     ║
║                                                                                                            ║
║ checked 3   clips 0   failed 0   active 0                                                                  ║
║ session  3m 40s                                                                                            ║
║                                                                                                            ║
║ ⓘ  Browser should open on its own.                                                                         ║
║                                                                                                            ║
║ Press Ctrl+C here to stop the app.                                                                         ║
╚════════════════════════════════════════════════════════════════════════════════════════════════════════════╝































[shtetl] bg-fill: waiting for GPU pod · 202s · first boot installs deps (~5–15 min) · https://j2hil154bd9g0f-8000.proxy.runpod.net
[shtetl] bg-fill: waiting for GPU pod · 203s · first boot installs deps (~5–15 min) · https://pyu2q2g6tc1e4r-8000.proxy.runpod.net
[shtetl] bg-fill: waiting for GPU pod · 203s · first boot installs deps (~5–15 min) · https://qxlmd1bndi3vbf-8000.proxy.runpod.net
[H[2J[3J╔════════════════════════════════════════════════════════════════════════════════════════════════════════════╗
║ ◆ ShtetlFrames  •  live                                                                                    ║
║ Find old film that looks traditionally Orthodox                                                            ║
╟────────────────────────────────────────────────────────────────────────────────────────────────────────────╢
║ Browser  http://127.0.0.1:8787    Review  http://127.0.0.1:8787/review                                     ║
╟────────────────────────────────────────────────────────────────────────────────────────────────────────────╢
║ ⠼  Looking through British Pathé…                                                                          ║
║                                                                                                            ║
║ ▏░░░░░░░░░░░░░░░░░░░░░░░░░░░░░░░░░░░    0.0%  3/85,452                                                     ║
║                                                                                                            ║
║ checked 3   clips 0   failed 0   active 0                                                                  ║
║ session  3m 41s                                                                                            ║
║                                                                                                            ║
║ ⓘ  Browser should open on its own.                                                                         ║
║                                                                                                            ║
║ Press Ctrl+C here to stop the app.                                                                         ║
╚════════════════════════════════════════════════════════════════════════════════════════════════════════════╝































[H[2J[3J╔════════════════════════════════════════════════════════════════════════════════════════════════════════════╗
║ ◆ ShtetlFrames  ·  live                                                                                    ║
║ Find old film that looks traditionally Orthodox                                                            ║
╟────────────────────────────────────────────────────────────────────────────────────────────────────────────╢
║ Browser  http://127.0.0.1:8787    Review  http://127.0.0.1:8787/review                                     ║
╟────────────────────────────────────────────────────────────────────────────────────────────────────────────╢
║ ⠴  Looking through British Pathé…                                                                          ║
║                                                                                                            ║
║ ▏░░░░░░░░░░░░░░░░░░░░░░░░░░░░░░░░░░░    0.0%  3/85,452                                                     ║
║                                                                                                            ║
║ checked 3   clips 0   failed 0   active 0                                                                  ║
║ session  3m 42s                                                                                            ║
║                                                                                                            ║
║ ⓘ  Browser should open on its own.                                                                         ║
║                                                                                                            ║
║ Press Ctrl+C here to stop the app.                                                                         ║
╚════════════════════════════════════════════════════════════════════════════════════════════════════════════╝































[H[2J[3J╔════════════════════════════════════════════════════════════════════════════════════════════════════════════╗
║ ◆ ShtetlFrames  •  live                                                                                    ║
║ Find old film that looks traditionally Orthodox                                                            ║
╟────────────────────────────────────────────────────────────────────────────────────────────────────────────╢
║ Browser  http://127.0.0.1:8787    Review  http://127.0.0.1:8787/review                                     ║
╟────────────────────────────────────────────────────────────────────────────────────────────────────────────╢
║ ⠴  Looking through British Pathé…                                                                          ║
║                                                                                                            ║
║ ▏░░░░░░░░░░░░░░░░░░░░░░░░░░░░░░░░░░░    0.0%  3/85,452                                                     ║
║                                                                                                            ║
║ checked 3   clips 0   failed 0   active 0                                                                  ║
║ session  3m 43s                                                                                            ║
║                                                                                                            ║
║ ⓘ  Browser should open on its own.                                                                         ║
║                                                                                                            ║
║ Press Ctrl+C here to stop the app.                                                                         ║
╚════════════════════════════════════════════════════════════════════════════════════════════════════════════╝































[shtetl] bg-fill: waiting for GPU pod · 206s · first boot installs deps (~5–15 min) · https://lc2g7ed3dw25ni-8000.proxy.runpod.net
[H[2J[3J╔════════════════════════════════════════════════════════════════════════════════════════════════════════════╗
║ ◆ ShtetlFrames  ●  live                                                                                    ║
║ Find old film that looks traditionally Orthodox                                                            ║
╟────────────────────────────────────────────────────────────────────────────────────────────────────────────╢
║ Browser  http://127.0.0.1:8787    Review  http://127.0.0.1:8787/review                                     ║
╟────────────────────────────────────────────────────────────────────────────────────────────────────────────╢
║ ⠴  Looking through British Pathé…                                                                          ║
║                                                                                                            ║
║ ▏░░░░░░░░░░░░░░░░░░░░░░░░░░░░░░░░░░░    0.0%  3/85,452                                                     ║
║                                                                                                            ║
║ checked 3   clips 0   failed 0   active 0                                                                  ║
║ session  3m 44s                                                                                            ║
║                                                                                                            ║
║ ⓘ  Browser should open on its own.                                                                         ║
║                                                                                                            ║
║ Press Ctrl+C here to stop the app.                                                                         ║
╚════════════════════════════════════════════════════════════════════════════════════════════════════════════╝































[H[2J[3J╔════════════════════════════════════════════════════════════════════════════════════════════════════════════╗
║ ◆ ShtetlFrames  •  live                                                                                    ║
║ Find old film that looks traditionally Orthodox                                                            ║
╟────────────────────────────────────────────────────────────────────────────────────────────────────────────╢
║ Browser  http://127.0.0.1:8787    Review  http://127.0.0.1:8787/review                                     ║
╟────────────────────────────────────────────────────────────────────────────────────────────────────────────╢
║ ⠴  Looking through British Pathé…                                                                          ║
║                                                                                                            ║
║ ▏░░░░░░░░░░░░░░░░░░░░░░░░░░░░░░░░░░░    0.0%  3/85,452                                                     ║
║                                                                                                            ║
║ checked 3   clips 0   failed 0   active 0                                                                  ║
║ session  3m 45s                                                                                            ║
║                                                                                                            ║
║ ⓘ  Browser should open on its own.                                                                         ║
║                                                                                                            ║
║ Press Ctrl+C here to stop the app.                                                                         ║
╚════════════════════════════════════════════════════════════════════════════════════════════════════════════╝































[H[2J[3J╔════════════════════════════════════════════════════════════════════════════════════════════════════════════╗
║ ◆ ShtetlFrames  ·  live                                                                                    ║
║ Find old film that looks traditionally Orthodox                                                            ║
╟────────────────────────────────────────────────────────────────────────────────────────────────────────────╢
║ Browser  http://127.0.0.1:8787    Review  http://127.0.0.1:8787/review                                     ║
╟────────────────────────────────────────────────────────────────────────────────────────────────────────────╢
║ ⠴  Looking through British Pathé…                                                                          ║
║                                                                                                            ║
║ ▏░░░░░░░░░░░░░░░░░░░░░░░░░░░░░░░░░░░    0.0%  3/85,452                                                     ║
║                                                                                                            ║
║ checked 3   clips 0   failed 0   active 0                                                                  ║
║ session  3m 46s                                                                                            ║
║                                                                                                            ║
║ ⓘ  Browser should open on its own.                                                                         ║
║                                                                                                            ║
║ Press Ctrl+C here to stop the app.                                                                         ║
╚════════════════════════════════════════════════════════════════════════════════════════════════════════════╝































[shtetl] bg-fill: waiting for GPU pod · 209s · first boot installs deps (~5–15 min) · https://pyu2q2g6tc1e4r-8000.proxy.runpod.net
[shtetl] bg-fill: waiting for GPU pod · 209s · first boot installs deps (~5–15 min) · https://qxlmd1bndi3vbf-8000.proxy.runpod.net
[H[2J[3J╔════════════════════════════════════════════════════════════════════════════════════════════════════════════╗
║ ◆ ShtetlFrames  •  live                                                                                    ║
║ Find old film that looks traditionally Orthodox                                                            ║
╟────────────────────────────────────────────────────────────────────────────────────────────────────────────╢
║ Browser  http://127.0.0.1:8787    Review  http://127.0.0.1:8787/review                                     ║
╟────────────────────────────────────────────────────────────────────────────────────────────────────────────╢
║ ⠴  Looking through British Pathé…                                                                          ║
║                                                                                                            ║
║ ▏░░░░░░░░░░░░░░░░░░░░░░░░░░░░░░░░░░░    0.0%  3/85,452                                                     ║
║                                                                                                            ║
║ checked 3   clips 0   failed 0   active 0                                                                  ║
║ session  3m 47s                                                                                            ║
║                                                                                                            ║
║ ⓘ  Browser should open on its own.                                                                         ║
║                                                                                                            ║
║ Press Ctrl+C here to stop the app.                                                                         ║
╚════════════════════════════════════════════════════════════════════════════════════════════════════════════╝































[shtetl] bg-fill: waiting for GPU pod · 209s · first boot installs deps (~5–15 min) · https://j2hil154bd9g0f-8000.proxy.runpod.net
[H[2J[3J╔════════════════════════════════════════════════════════════════════════════════════════════════════════════╗
║ ◆ ShtetlFrames  ●  live                                                                                    ║
║ Find old film that looks traditionally Orthodox                                                            ║
╟────────────────────────────────────────────────────────────────────────────────────────────────────────────╢
║ Browser  http://127.0.0.1:8787    Review  http://127.0.0.1:8787/review                                     ║
╟────────────────────────────────────────────────────────────────────────────────────────────────────────────╢
║ ⠴  Looking through British Pathé…                                                                          ║
║                                                                                                            ║
║ ▏░░░░░░░░░░░░░░░░░░░░░░░░░░░░░░░░░░░    0.0%  12/85,452                                                    ║
║                                                                                                            ║
║ checked 12   clips 6   failed 0   active 3                                                                 ║
║ session  3m 48s                                                                                            ║
║                                                                                                            ║
║ Right now — cloud workers                                                                                  ║
║   ▸ CUBA DEMONSTRATION aka CUBA DEMO TRAFALGAR SQUARE                                                      ║
║     ● Looking carefully  Looking up the Pathé preview stream…                                              ║
║   ▸ EMANCIPATION OF WOMEN                                                                                  ║
║     ● Looking carefully  Looking up the Pathé preview stream…                                              ║
║   ▸ 22 TIMES IN ORBIT                                                                                      ║
║     ● Looking carefully  Looking up the Pathé preview stream…                                              ║
║                                                                                                            ║
║ ⓘ  Browser should open on its own.                                                                         ║
║                                                                                                            ║
║ Press Ctrl+C here to stop the app.                                                                         ║
╚════════════════════════════════════════════════════════════════════════════════════════════════════════════╝























[H[2J[3J╔════════════════════════════════════════════════════════════════════════════════════════════════════════════╗
║ ◆ ShtetlFrames  •  live                                                                                    ║
║ Find old film that looks traditionally Orthodox                                                            ║
╟────────────────────────────────────────────────────────────────────────────────────────────────────────────╢
║ Browser  http://127.0.0.1:8787    Review  http://127.0.0.1:8787/review                                     ║
╟────────────────────────────────────────────────────────────────────────────────────────────────────────────╢
║ ⠴  Looking through British Pathé…                                                                          ║
║                                                                                                            ║
║ ▏░░░░░░░░░░░░░░░░░░░░░░░░░░░░░░░░░░░    0.0%  12/85,452                                                    ║
║                                                                                                            ║
║ checked 12   clips 6   failed 0   active 3                                                                 ║
║ session  3m 49s                                                                                            ║
║                                                                                                            ║
║ Right now — cloud workers                                                                                  ║
║   ▸ CUBA DEMONSTRATION aka CUBA DEMO TRAFALGAR SQUARE                                                      ║
║     ● Looking carefully  Looking up the Pathé preview stream…                                              ║
║   ▸ EMANCIPATION OF WOMEN                                                                                  ║
║     ● Looking carefully  Downloading Pathé preview (HLS)…                                                  ║
║   ▸ 22 TIMES IN ORBIT                                                                                      ║
║     ● Looking carefully  Looking up the Pathé preview stream…                                              ║
║                                                                                                            ║
║ ⓘ  Browser should open on its own.                                                                         ║
║                                                                                                            ║
║ Press Ctrl+C here to stop the app.                                                                         ║
╚════════════════════════════════════════════════════════════════════════════════════════════════════════════╝























[H[2J[3J╔════════════════════════════════════════════════════════════════════════════════════════════════════════════╗
║ ◆ ShtetlFrames  ·  live                                                                                    ║
║ Find old film that looks traditionally Orthodox                                                            ║
╟────────────────────────────────────────────────────────────────────────────────────────────────────────────╢
║ Browser  http://127.0.0.1:8787    Review  http://127.0.0.1:8787/review                                     ║
╟────────────────────────────────────────────────────────────────────────────────────────────────────────────╢
║ ⠦  Looking through British Pathé…                                                                          ║
║                                                                                                            ║
║ ▏░░░░░░░░░░░░░░░░░░░░░░░░░░░░░░░░░░░    0.0%  12/85,452                                                    ║
║                                                                                                            ║
║ checked 12   clips 6   failed 0   active 3                                                                 ║
║ session  3m 50s                                                                                            ║
║                                                                                                            ║
║ Right now — cloud workers                                                                                  ║
║   ▸ CUBA DEMONSTRATION aka CUBA DEMO TRAFALGAR SQUARE                                                      ║
║     ● Looking carefully  Working on a British Pathé clip…                                                  ║
║   ▸ EMANCIPATION OF WOMEN                                                                                  ║
║     ● Looking carefully  Working on a British Pathé clip…                                                  ║
║   ▸ 22 TIMES IN ORBIT                                                                                      ║
║     ● Looking carefully  Looking up the Pathé preview stream…                                              ║
║                                                                                                            ║
║ ⓘ  Browser should open on its own.                                                                         ║
║                                                                                                            ║
║ Press Ctrl+C here to stop the app.                                                                         ║
╚════════════════════════════════════════════════════════════════════════════════════════════════════════════╝























[H[2J[3J╔════════════════════════════════════════════════════════════════════════════════════════════════════════════╗
║ ◆ ShtetlFrames  •  live                                                                                    ║
║ Find old film that looks traditionally Orthodox                                                            ║
╟────────────────────────────────────────────────────────────────────────────────────────────────────────────╢
║ Browser  http://127.0.0.1:8787    Review  http://127.0.0.1:8787/review                                     ║
╟────────────────────────────────────────────────────────────────────────────────────────────────────────────╢
║ ⠦  Looking through British Pathé…                                                                          ║
║                                                                                                            ║
║ ▏░░░░░░░░░░░░░░░░░░░░░░░░░░░░░░░░░░░    0.0%  12/85,452                                                    ║
║                                                                                                            ║
║ checked 12   clips 6   failed 0   active 3                                                                 ║
║ session  3m 51s                                                                                            ║
║                                                                                                            ║
║ Right now — cloud workers                                                                                  ║
║   ▸ CUBA DEMONSTRATION aka CUBA DEMO TRAFALGAR SQUARE                                                      ║
║     ● Looking carefully  Working on a British Pathé clip…                                                  ║
║   ▸ EMANCIPATION OF WOMEN                                                                                  ║
║     ● Looking carefully  pushing local still-handler to pod…                                               ║
║   ▸ 22 TIMES IN ORBIT                                                                                      ║
║     ● Looking carefully  Looking up the Pathé preview stream…                                              ║
║                                                                                                            ║
║ ⓘ  Browser should open on its own.                                                                         ║
║                                                                                                            ║
║ Press Ctrl+C here to stop the app.                                                                         ║
╚════════════════════════════════════════════════════════════════════════════════════════════════════════════╝























[H[2J[3J╔════════════════════════════════════════════════════════════════════════════════════════════════════════════╗
║ ◆ ShtetlFrames  ●  live                                                                                    ║
║ Find old film that looks traditionally Orthodox                                                            ║
╟────────────────────────────────────────────────────────────────────────────────────────────────────────────╢
║ Browser  http://127.0.0.1:8787    Review  http://127.0.0.1:8787/review                                     ║
╟────────────────────────────────────────────────────────────────────────────────────────────────────────────╢
║ ⠦  Looking through British Pathé…                                                                          ║
║                                                                                                            ║
║ ▏░░░░░░░░░░░░░░░░░░░░░░░░░░░░░░░░░░░    0.0%  12/85,452                                                    ║
║                                                                                                            ║
║ checked 12   clips 6   failed 0   active 3                                                                 ║
║ session  3m 52s                                                                                            ║
║                                                                                                            ║
║ Right now — cloud workers                                                                                  ║
║   ▸ CUBA DEMONSTRATION aka CUBA DEMO TRAFALGAR SQUARE                                                      ║
║     ● Looking carefully  pod: submitting… (ccx0q1or3gwbky-800…) · stack≤3                                  ║
║   ▸ EMANCIPATION OF WOMEN                                                                                  ║
║     ● Looking carefully  pushing local still-handler to pod…                                               ║
║   ▸ 22 TIMES IN ORBIT                                                                                      ║
║     ● Looking carefully  Looking up the Pathé preview stream…                                              ║
║                                                                                                            ║
║ ⓘ  Browser should open on its own.                                                                         ║
║                                                                                                            ║
║ Press Ctrl+C here to stop the app.                                                                         ║
╚════════════════════════════════════════════════════════════════════════════════════════════════════════════╝























[shtetl] bg-fill: waiting for GPU pod · 215s · first boot installs deps (~5–15 min) · https://pyu2q2g6tc1e4r-8000.proxy.runpod.net
[H[2J[3J╔════════════════════════════════════════════════════════════════════════════════════════════════════════════╗
║ ◆ ShtetlFrames  •  live                                                                                    ║
║ Find old film that looks traditionally Orthodox                                                            ║
╟────────────────────────────────────────────────────────────────────────────────────────────────────────────╢
║ Browser  http://127.0.0.1:8787    Review  http://127.0.0.1:8787/review                                     ║
╟────────────────────────────────────────────────────────────────────────────────────────────────────────────╢
║ ⠦  Looking through British Pathé…                                                                          ║
║                                                                                                            ║
║ ▏░░░░░░░░░░░░░░░░░░░░░░░░░░░░░░░░░░░    0.0%  12/85,452                                                    ║
║                                                                                                            ║
║ checked 12   clips 6   failed 0   active 3                                                                 ║
║ session  3m 53s                                                                                            ║
║                                                                                                            ║
║ Right now — cloud workers                                                                                  ║
║   ▸ CUBA DEMONSTRATION aka CUBA DEMO TRAFALGAR SQUARE                                                      ║
║     ● Looking carefully  pod accepted · polling result…                                                    ║
║   ▸ EMANCIPATION OF WOMEN                                                                                  ║
║     ● Looking carefully  pod accepted · polling result…                                                    ║
║   ▸ 22 TIMES IN ORBIT                                                                                      ║
║     ● Looking carefully  Looking up the Pathé preview stream…                                              ║
║                                                                                                            ║
║ ⓘ  Browser should open on its own.                                                                         ║
║                                                                                                            ║
║ Press Ctrl+C here to stop the app.                                                                         ║
╚════════════════════════════════════════════════════════════════════════════════════════════════════════════╝























[shtetl] bg-fill: waiting for GPU pod · 215s · first boot installs deps (~5–15 min) · https://qxlmd1bndi3vbf-8000.proxy.runpod.net
[shtetl] bg-fill: waiting for GPU pod · 215s · first boot installs deps (~5–15 min) · https://j2hil154bd9g0f-8000.proxy.runpod.net
[shtetl] bg-fill: waiting for GPU pod · 216s · first boot installs deps (~5–15 min) · https://lc2g7ed3dw25ni-8000.proxy.runpod.net
[H[2J[3J╔════════════════════════════════════════════════════════════════════════════════════════════════════════════╗
║ ◆ ShtetlFrames  •  live                                                                                    ║
║ Find old film that looks traditionally Orthodox                                                            ║
╟────────────────────────────────────────────────────────────────────────────────────────────────────────────╢
║ Browser  http://127.0.0.1:8787    Review  http://127.0.0.1:8787/review                                     ║
╟────────────────────────────────────────────────────────────────────────────────────────────────────────────╢
║ ⠦  Looking through British Pathé…                                                                          ║
║                                                                                                            ║
║ ▏░░░░░░░░░░░░░░░░░░░░░░░░░░░░░░░░░░░    0.0%  12/85,452                                                    ║
║                                                                                                            ║
║ checked 12   clips 6   failed 0   active 3                                                                 ║
║ session  3m 54s                                                                                            ║
║                                                                                                            ║
║ Right now — cloud workers                                                                                  ║
║   ▸ CUBA DEMONSTRATION aka CUBA DEMO TRAFALGAR SQUARE                                                      ║
║     ● Looking carefully  pod accepted · polling result…                                                    ║
║   ▸ EMANCIPATION OF WOMEN                                                                                  ║
║     ● Looking carefully  pod accepted · polling result…                                                    ║
║   ▸ 22 TIMES IN ORBIT                                                                                      ║
║     ● Looking carefully  Looking up the Pathé preview stream…                                              ║
║                                                                                                            ║
║ ⓘ  Browser should open on its own.                                                                         ║
║                                                                                                            ║
║ Press Ctrl+C here to stop the app.                                                                         ║
╚════════════════════════════════════════════════════════════════════════════════════════════════════════════╝























[H[2J[3J╔════════════════════════════════════════════════════════════════════════════════════════════════════════════╗
║ ◆ ShtetlFrames  ·  live                                                                                    ║
║ Find old film that looks traditionally Orthodox                                                            ║
╟────────────────────────────────────────────────────────────────────────────────────────────────────────────╢
║ Browser  http://127.0.0.1:8787    Review  http://127.0.0.1:8787/review                                     ║
╟────────────────────────────────────────────────────────────────────────────────────────────────────────────╢
║ ⠦  Looking through British Pathé…                                                                          ║
║                                                                                                            ║
║ ▏░░░░░░░░░░░░░░░░░░░░░░░░░░░░░░░░░░░    0.0%  12/85,452                                                    ║
║                                                                                                            ║
║ checked 12   clips 6   failed 0   active 3                                                                 ║
║ session  3m 55s                                                                                            ║
║                                                                                                            ║
║ Right now — cloud workers                                                                                  ║
║   ▸ CUBA DEMONSTRATION aka CUBA DEMO TRAFALGAR SQUARE                                                      ║
║     ● Looking carefully  Getting the video…                                                                ║
║   ▸ EMANCIPATION OF WOMEN                                                                                  ║
║     ● Looking carefully  pod accepted · polling result…                                                    ║
║   ▸ 22 TIMES IN ORBIT                                                                                      ║
║     ● Looking carefully  Looking up the Pathé preview stream…                                              ║
║                                                                                                            ║
║ ⓘ  Browser should open on its own.                                                                         ║
║                                                                                                            ║
║ Press Ctrl+C here to stop the app.                                                                         ║
╚════════════════════════════════════════════════════════════════════════════════════════════════════════════╝























[H[2J[3J╔════════════════════════════════════════════════════════════════════════════════════════════════════════════╗
║ ◆ ShtetlFrames  •  live                                                                                    ║
║ Find old film that looks traditionally Orthodox                                                            ║
╟────────────────────────────────────────────────────────────────────────────────────────────────────────────╢
║ Browser  http://127.0.0.1:8787    Review  http://127.0.0.1:8787/review                                     ║
╟────────────────────────────────────────────────────────────────────────────────────────────────────────────╢
║ ⠦  Looking through British Pathé…                                                                          ║
║                                                                                                            ║
║ ▏░░░░░░░░░░░░░░░░░░░░░░░░░░░░░░░░░░░    0.0%  12/85,452                                                    ║
║                                                                                                            ║
║ checked 12   clips 6   failed 0   active 3                                                                 ║
║ session  3m 56s                                                                                            ║
║                                                                                                            ║
║ Right now — cloud workers                                                                                  ║
║   ▸ CUBA DEMONSTRATION aka CUBA DEMO TRAFALGAR SQUARE                                                      ║
║     ● Looking carefully  Getting the video…                                                                ║
║   ▸ EMANCIPATION OF WOMEN                                                                                  ║
║     ● Looking carefully  Getting the video…                                                                ║
║   ▸ 22 TIMES IN ORBIT                                                                                      ║
║     ● Looking carefully  Looking up the Pathé preview stream…                                              ║
║                                                                                                            ║
║ ⓘ  Browser should open on its own.                                                                         ║
║                                                                                                            ║
║ Press Ctrl+C here to stop the app.                                                                         ║
╚════════════════════════════════════════════════════════════════════════════════════════════════════════════╝























[H[2J[3J╔════════════════════════════════════════════════════════════════════════════════════════════════════════════╗
║ ◆ ShtetlFrames  ●  live                                                                                    ║
║ Find old film that looks traditionally Orthodox                                                            ║
╟────────────────────────────────────────────────────────────────────────────────────────────────────────────╢
║ Browser  http://127.0.0.1:8787    Review  http://127.0.0.1:8787/review                                     ║
╟────────────────────────────────────────────────────────────────────────────────────────────────────────────╢
║ ⠧  Looking through British Pathé…                                                                          ║
║                                                                                                            ║
║ ▏░░░░░░░░░░░░░░░░░░░░░░░░░░░░░░░░░░░    0.0%  12/85,452                                                    ║
║                                                                                                            ║
║ checked 12   clips 6   failed 0   active 3                                                                 ║
║ session  3m 57s                                                                                            ║
║                                                                                                            ║
║ Right now — cloud workers                                                                                  ║
║   ▸ CUBA DEMONSTRATION aka CUBA DEMO TRAFALGAR SQUARE                                                      ║
║     ● Looking carefully  Getting the video…                                                                ║
║   ▸ EMANCIPATION OF WOMEN                                                                                  ║
║     ● Looking carefully  Getting the video…                                                                ║
║   ▸ 22 TIMES IN ORBIT                                                                                      ║
║     ● Looking carefully  Looking up the Pathé preview stream…                                              ║
║                                                                                                            ║
║ ⓘ  Browser should open on its own.                                                                         ║
║                                                                                                            ║
║ Press Ctrl+C here to stop the app.                                                                         ║
╚════════════════════════════════════════════════════════════════════════════════════════════════════════════╝























[H[2J[3J╔════════════════════════════════════════════════════════════════════════════════════════════════════════════╗
║ ◆ ShtetlFrames  •  live                                                                                    ║
║ Find old film that looks traditionally Orthodox                                                            ║
╟────────────────────────────────────────────────────────────────────────────────────────────────────────────╢
║ Browser  http://127.0.0.1:8787    Review  http://127.0.0.1:8787/review                                     ║
╟────────────────────────────────────────────────────────────────────────────────────────────────────────────╢
║ ⠧  Looking through British Pathé…                                                                          ║
║                                                                                                            ║
║ ▏░░░░░░░░░░░░░░░░░░░░░░░░░░░░░░░░░░░    0.0%  12/85,452                                                    ║
║                                                                                                            ║
║ checked 12   clips 6   failed 0   active 3                                                                 ║
║ session  3m 58s                                                                                            ║
║                                                                                                            ║
║ Right now — cloud workers                                                                                  ║
║   ▸ CUBA DEMONSTRATION aka CUBA DEMO TRAFALGAR SQUARE                                                      ║
║     ● Looking carefully  ██████░░░░  59.7% · 5.87MB · 1.94MB/s · ETA 00:01                                 ║
║   ▸ EMANCIPATION OF WOMEN                                                                                  ║
║     ● Looking carefully  Getting the video…                                                                ║
║   ▸ 22 TIMES IN ORBIT                                                                                      ║
║     ● Looking carefully  Looking up the Pathé preview stream…                                              ║
║                                                                                                            ║
║ ⓘ  Browser should open on its own.                                                                         ║
║                                                                                                            ║
║ Press Ctrl+C here to stop the app.                                                                         ║
╚════════════════════════════════════════════════════════════════════════════════════════════════════════════╝























[H[2J[3J╔════════════════════════════════════════════════════════════════════════════════════════════════════════════╗
║ ◆ ShtetlFrames  ·  live                                                                                    ║
║ Find old film that looks traditionally Orthodox                                                            ║
╟────────────────────────────────────────────────────────────────────────────────────────────────────────────╢
║ Browser  http://127.0.0.1:8787    Review  http://127.0.0.1:8787/review                                     ║
╟────────────────────────────────────────────────────────────────────────────────────────────────────────────╢
║ ⠧  Looking through British Pathé…                                                                          ║
║                                                                                                            ║
║ ▏░░░░░░░░░░░░░░░░░░░░░░░░░░░░░░░░░░░    0.0%  12/85,452                                                    ║
║                                                                                                            ║
║ checked 12   clips 6   failed 0   active 3                                                                 ║
║ session  3m 59s                                                                                            ║
║                                                                                                            ║
║ Right now — cloud workers                                                                                  ║
║   ▸ CUBA DEMONSTRATION aka CUBA DEMO TRAFALGAR SQUARE                                                      ║
║     ● Looking carefully  ██████░░░░  59.7% · 5.87MB · 1.94MB/s · ETA 00:01                                 ║
║   ▸ EMANCIPATION OF WOMEN                                                                                  ║
║     ● Looking carefully  ▍░░░░░░░░░  3.7% · 135.32MB · 2.96MB/s · ETA 00:46                                ║
║   ▸ 22 TIMES IN ORBIT                                                                                      ║
║     ● Looking carefully  Looking up the Pathé preview stream…                                              ║
║                                                                                                            ║
║ ⓘ  Browser should open on its own.                                                                         ║
║                                                                                                            ║
║ Press Ctrl+C here to stop the app.                                                                         ║
╚════════════════════════════════════════════════════════════════════════════════════════════════════════════╝























[shtetl] bg-fill: waiting for GPU pod · 221s · first boot installs deps (~5–15 min) · https://pyu2q2g6tc1e4r-8000.proxy.runpod.net
[shtetl] bg-fill: waiting for GPU pod · 222s · first boot installs deps (~5–15 min) · https://qxlmd1bndi3vbf-8000.proxy.runpod.net
[shtetl] bg-fill: waiting for GPU pod · 222s · first boot installs deps (~5–15 min) · https://j2hil154bd9g0f-8000.proxy.runpod.net
[H[2J[3J╔════════════════════════════════════════════════════════════════════════════════════════════════════════════╗
║ ◆ ShtetlFrames  •  live                                                                                    ║
║ Find old film that looks traditionally Orthodox                                                            ║
╟────────────────────────────────────────────────────────────────────────────────────────────────────────────╢
║ Browser  http://127.0.0.1:8787    Review  http://127.0.0.1:8787/review                                     ║
╟────────────────────────────────────────────────────────────────────────────────────────────────────────────╢
║ ⠧  Looking through British Pathé…                                                                          ║
║                                                                                                            ║
║ ▏░░░░░░░░░░░░░░░░░░░░░░░░░░░░░░░░░░░    0.0%  12/85,452                                                    ║
║                                                                                                            ║
║ checked 12   clips 6   failed 0   active 3                                                                 ║
║ session  4m 00s                                                                                            ║
║                                                                                                            ║
║ Right now — cloud workers                                                                                  ║
║   ▸ CUBA DEMONSTRATION aka CUBA DEMO TRAFALGAR SQUARE                                                      ║
║     ● Looking carefully  ██████████  100% · 5.04MB · 2.36MB/s                                              ║
║   ▸ EMANCIPATION OF WOMEN                                                                                  ║
║     ● Looking carefully  ▍░░░░░░░░░  3.7% · 135.32MB · 2.96MB/s · ETA 00:46                                ║
║   ▸ 22 TIMES IN ORBIT                                                                                      ║
║     ● Looking carefully  Looking up the Pathé preview stream…                                              ║
║                                                                                                            ║
║ ⓘ  Browser should open on its own.                                                                         ║
║                                                                                                            ║
║ Press Ctrl+C here to stop the app.                                                                         ║
╚════════════════════════════════════════════════════════════════════════════════════════════════════════════╝























[shtetl] bg-fill: waiting for GPU pod · 222s · first boot installs deps (~5–15 min) · https://lc2g7ed3dw25ni-8000.proxy.runpod.net
[H[2J[3J╔════════════════════════════════════════════════════════════════════════════════════════════════════════════╗
║ ◆ ShtetlFrames  ●  live                                                                                    ║
║ Find old film that looks traditionally Orthodox                                                            ║
╟────────────────────────────────────────────────────────────────────────────────────────────────────────────╢
║ Browser  http://127.0.0.1:8787    Review  http://127.0.0.1:8787/review                                     ║
╟────────────────────────────────────────────────────────────────────────────────────────────────────────────╢
║ ⠧  Looking through British Pathé…                                                                          ║
║                                                                                                            ║
║ ▏░░░░░░░░░░░░░░░░░░░░░░░░░░░░░░░░░░░    0.0%  12/85,452                                                    ║
║                                                                                                            ║
║ checked 12   clips 6   failed 0   active 3                                                                 ║
║ session  4m 01s                                                                                            ║
║                                                                                                            ║
║ Right now — cloud workers                                                                                  ║
║   ▸ CUBA DEMONSTRATION aka CUBA DEMO TRAFALGAR SQUARE                                                      ║
║     ● Looking carefully  ██████████  100% · 5.04MB · 2.36MB/s                                              ║
║   ▸ EMANCIPATION OF WOMEN                                                                                  ║
║     ● Looking carefully  ▍░░░░░░░░░  3.7% · 135.32MB · 2.96MB/s · ETA 00:46                                ║
║   ▸ 22 TIMES IN ORBIT                                                                                      ║
║     ● Looking carefully  Looking up the Pathé preview stream…                                              ║
║                                                                                                            ║
║ ⓘ  Browser should open on its own.                                                                         ║
║                                                                                                            ║
║ Press Ctrl+C here to stop the app.                                                                         ║
╚════════════════════════════════════════════════════════════════════════════════════════════════════════════╝























[H[2J[3J╔════════════════════════════════════════════════════════════════════════════════════════════════════════════╗
║ ◆ ShtetlFrames  •  live                                                                                    ║
║ Find old film that looks traditionally Orthodox                                                            ║
╟────────────────────────────────────────────────────────────────────────────────────────────────────────────╢
║ Browser  http://127.0.0.1:8787    Review  http://127.0.0.1:8787/review                                     ║
╟────────────────────────────────────────────────────────────────────────────────────────────────────────────╢
║ ⠧  Looking through British Pathé…                                                                          ║
║                                                                                                            ║
║ ▏░░░░░░░░░░░░░░░░░░░░░░░░░░░░░░░░░░░    0.0%  12/85,452                                                    ║
║                                                                                                            ║
║ checked 12   clips 6   failed 0   active 3                                                                 ║
║ session  4m 02s                                                                                            ║
║                                                                                                            ║
║ Right now — cloud workers                                                                                  ║
║   ▸ CUBA DEMONSTRATION aka CUBA DEMO TRAFALGAR SQUARE                                                      ║
║     ● Looking carefully  ██████████  100% · 5.04MB · 2.36MB/s                                              ║
║   ▸ EMANCIPATION OF WOMEN                                                                                  ║
║     ● Looking carefully  ▉░░░░░░░░░  7.6% · 134.21MB · 1.85MB/s · ETA 00:55                                ║
║   ▸ 22 TIMES IN ORBIT                                                                                      ║
║     ● Looking carefully  Looking up the Pathé preview stream…                                              ║
║                                                                                                            ║
║ ⓘ  Browser should open on its own.                                                                         ║
║                                                                                                            ║
║ Press Ctrl+C here to stop the app.                                                                         ║
╚════════════════════════════════════════════════════════════════════════════════════════════════════════════╝























[H[2J[3J╔════════════════════════════════════════════════════════════════════════════════════════════════════════════╗
║ ◆ ShtetlFrames  ·  live                                                                                    ║
║ Find old film that looks traditionally Orthodox                                                            ║
╟────────────────────────────────────────────────────────────────────────────────────────────────────────────╢
║ Browser  http://127.0.0.1:8787    Review  http://127.0.0.1:8787/review                                     ║
╟────────────────────────────────────────────────────────────────────────────────────────────────────────────╢
║ ⠧  Looking through British Pathé…                                                                          ║
║                                                                                                            ║
║ ▏░░░░░░░░░░░░░░░░░░░░░░░░░░░░░░░░░░░    0.0%  12/85,452                                                    ║
║                                                                                                            ║
║ checked 12   clips 6   failed 0   active 3                                                                 ║
║ session  4m 03s                                                                                            ║
║                                                                                                            ║
║ Right now — cloud workers                                                                                  ║
║   ▸ CUBA DEMONSTRATION aka CUBA DEMO TRAFALGAR SQUARE                                                      ║
║     ● Looking carefully  ██████████  100% · 5.04MB · 2.36MB/s                                              ║
║   ▸ EMANCIPATION OF WOMEN                                                                                  ║
║     ● Looking carefully  █▉░░░░░░░░  18.5% · 133.93MB · 5.33MB/s · ETA 00:24                               ║
║   ▸ 22 TIMES IN ORBIT                                                                                      ║
║     ● Looking carefully  Looking up the Pathé preview stream…                                              ║
║                                                                                                            ║
║ ⓘ  Browser should open on its own.                                                                         ║
║                                                                                                            ║
║ Press Ctrl+C here to stop the app.                                                                         ║
╚════════════════════════════════════════════════════════════════════════════════════════════════════════════╝























[H[2J[3J╔════════════════════════════════════════════════════════════════════════════════════════════════════════════╗
║ ◆ ShtetlFrames  •  live                                                                                    ║
║ Find old film that looks traditionally Orthodox                                                            ║
╟────────────────────────────────────────────────────────────────────────────────────────────────────────────╢
║ Browser  http://127.0.0.1:8787    Review  http://127.0.0.1:8787/review                                     ║
╟────────────────────────────────────────────────────────────────────────────────────────────────────────────╢
║ ⠇  Looking through British Pathé…                                                                          ║
║                                                                                                            ║
║ ▏░░░░░░░░░░░░░░░░░░░░░░░░░░░░░░░░░░░    0.0%  12/85,452                                                    ║
║                                                                                                            ║
║ checked 12   clips 6   failed 0   active 3                                                                 ║
║ session  4m 04s                                                                                            ║
║                                                                                                            ║
║ Right now — cloud workers                                                                                  ║
║   ▸ CUBA DEMONSTRATION aka CUBA DEMO TRAFALGAR SQUARE                                                      ║
║     ● Looking carefully  ██████████  100% · 5.04MB · 2.36MB/s                                              ║
║   ▸ EMANCIPATION OF WOMEN                                                                                  ║
║     ● Looking carefully  █▉░░░░░░░░  18.5% · 133.93MB · 5.33MB/s · ETA 00:24                               ║
║   ▸ 22 TIMES IN ORBIT                                                                                      ║
║     ● Looking carefully  Looking up the Pathé preview stream…                                              ║
║                                                                                                            ║
║ ⓘ  Browser should open on its own.                                                                         ║
║                                                                                                            ║
║ Press Ctrl+C here to stop the app.                                                                         ║
╚════════════════════════════════════════════════════════════════════════════════════════════════════════════╝























[H[2J[3J╔════════════════════════════════════════════════════════════════════════════════════════════════════════════╗
║ ◆ ShtetlFrames  ●  live                                                                                    ║
║ Find old film that looks traditionally Orthodox                                                            ║
╟────────────────────────────────────────────────────────────────────────────────────────────────────────────╢
║ Browser  http://127.0.0.1:8787    Review  http://127.0.0.1:8787/review                                     ║
╟────────────────────────────────────────────────────────────────────────────────────────────────────────────╢
║ ⠇  Looking through British Pathé…                                                                          ║
║                                                                                                            ║
║ ▏░░░░░░░░░░░░░░░░░░░░░░░░░░░░░░░░░░░    0.0%  12/85,452                                                    ║
║                                                                                                            ║
║ checked 12   clips 6   failed 0   active 3                                                                 ║
║ session  4m 05s                                                                                            ║
║                                                                                                            ║
║ Right now — cloud workers                                                                                  ║
║   ▸ CUBA DEMONSTRATION aka CUBA DEMO TRAFALGAR SQUARE                                                      ║
║     ● Looking carefully  ██████████  100% · 5.04MB · 2.36MB/s                                              ║
║   ▸ EMANCIPATION OF WOMEN                                                                                  ║
║     ● Looking carefully  ███▎░░░░░░  32.4% · 136.60MB · 7.64MB/s · ETA 00:12                               ║
║   ▸ 22 TIMES IN ORBIT                                                                                      ║
║     ● Looking carefully  Looking up the Pathé preview stream…                                              ║
║                                                                                                            ║
║ ⓘ  Browser should open on its own.                                                                         ║
║                                                                                                            ║
║ Press Ctrl+C here to stop the app.                                                                         ║
╚════════════════════════════════════════════════════════════════════════════════════════════════════════════╝























[shtetl] bg-fill: waiting for GPU pod · 228s · first boot installs deps (~5–15 min) · https://pyu2q2g6tc1e4r-8000.proxy.runpod.net
[shtetl] bg-fill: waiting for GPU pod · 228s · first boot installs deps (~5–15 min) · https://qxlmd1bndi3vbf-8000.proxy.runpod.net
[shtetl] bg-fill: waiting for GPU pod · 228s · first boot installs deps (~5–15 min) · https://j2hil154bd9g0f-8000.proxy.runpod.net
[H[2J[3J╔════════════════════════════════════════════════════════════════════════════════════════════════════════════╗
║ ◆ ShtetlFrames  •  live                                                                                    ║
║ Find old film that looks traditionally Orthodox                                                            ║
╟────────────────────────────────────────────────────────────────────────────────────────────────────────────╢
║ Browser  http://127.0.0.1:8787    Review  http://127.0.0.1:8787/review                                     ║
╟────────────────────────────────────────────────────────────────────────────────────────────────────────────╢
║ ⠇  Looking through British Pathé…                                                                          ║
║                                                                                                            ║
║ ▏░░░░░░░░░░░░░░░░░░░░░░░░░░░░░░░░░░░    0.0%  12/85,452                                                    ║
║                                                                                                            ║
║ checked 12   clips 6   failed 0   active 3                                                                 ║
║ session  4m 06s                                                                                            ║
║                                                                                                            ║
║ Right now — cloud workers                                                                                  ║
║   ▸ CUBA DEMONSTRATION aka CUBA DEMO TRAFALGAR SQUARE                                                      ║
║     ● Looking carefully  ██████████  100% · 5.04MB · 2.36MB/s                                              ║
║   ▸ EMANCIPATION OF WOMEN                                                                                  ║
║     ● Looking carefully  ███▎░░░░░░  32.4% · 136.60MB · 7.64MB/s · ETA 00:12                               ║
║   ▸ 22 TIMES IN ORBIT                                                                                      ║
║     ● Looking carefully  Looking up the Pathé preview stream…                                              ║
║                                                                                                            ║
║ ⓘ  Browser should open on its own.                                                                         ║
║                                                                                                            ║
║ Press Ctrl+C here to stop the app.                                                                         ║
╚════════════════════════════════════════════════════════════════════════════════════════════════════════════╝























